poi_id,poi_name,id_municipality,poi_municipality,address,postal_code,id_category,maps_category,poi_total_rating,tori_score,reviews_count,reviews_dist_5star,reviews_dist_4star,reviews_dist_3star,reviews_dist_2star,reviews_dist_1star,latitude,longitude,location,price,images_count,temporarily_closed,permanently_closed,last_poi_update,last_review_extraction,claim_business,wheelchair_accessible
ChIJg5foLTr9RQ0ROXsVWjWo8mg,Bar Pecados del Froy,90597,Burgos,,,9,Bar de tapas,3.8,,267,120,60,29,19,39,42.3410531,-3.7026994,POINT(-3.7026994 42.3410531),,159,false,false,2026-05-06 11:39:23.166155 UTC,2026-06-15 23:19:27.128141 UTC,false,false
ChIJLeMrPcP8RQ0RsDMxZuKoy-Y,Centro de Estética María García,90597,Burgos,,,22,Centro de estética,4.8,,76,0,0,0,0,0,42.3512256,-3.6914717,POINT(-3.6914717 42.3512256),,14,false,false,2026-05-01 22:13:30.565738 UTC,,false,false
ChIJb3oAd9b8RQ0R-GJvF8svXMs,Golden Rock and Beer,90597,Burgos,,,23,Cervecería,4.6,,1750,1252,343,79,30,46,42.3390928,-3.70072,POINT(-3.70072 42.3390928),$,734,false,false,2026-05-06 11:39:38.612179 UTC,,false,false
ChIJyaw7qdr8RQ0RfvcwZiZF9h8,Clínica Dental Isabel Pérez,90597,Burgos,,,24,Clínica dental,4.8,,176,0,0,0,0,0,42.3445133,-3.6935729,POINT(-3.6935729 42.3445133),,46,false,false,2026-05-01 22:14:19.230890 UTC,,false,false
ChIJres0Mtb8RQ0Rf-GcwjLnAHY,Farmacia La Botica de Macarena,90597,Burgos,,,34,Farmacia,4.2,,27,0,0,0,0,0,42.3414092,-3.7020701,POINT(-3.7020701 42.3414092),,10,false,false,2026-05-07 20:26:46.758780 UTC,,false,false
ChIJw8RlXrz8RQ0RyO24b3xTDxQ,Floristería Érica - Burgos,90597,Burgos,,,36,Floristería,4.8,,158,0,0,0,0,0,42.3512974,-3.6754503,POINT(-3.6754503 42.3512974),,76,false,false,2026-05-01 22:02:19.164692 UTC,,false,false
ChIJT53hjc38RQ0RXNpwWN1EDlA,Librería Begoña,90597,Burgos,,,56,Librería,4.7,,39,0,0,0,0,0,42.3379557,-3.692181,POINT(-3.692181 42.3379557),,7,false,false,2026-05-01 22:03:33.127203 UTC,,false,false
ChIJ_wuru5P8RQ0RAQ9IeNNx3Ho,LIBRERÍA G3 (Inés),90597,Burgos,,,56,Librería,4.7,,113,0,0,0,0,0,42.3606902,-3.6800266,POINT(-3.6800266 42.3606902),,24,false,false,2026-05-01 22:03:31.730221 UTC,,false,false
ChIJw48ZA_L9RQ0RVHDQo2nGyTU,EMEYS,90597,Burgos,,,70,Pizzería,4.3,,114,87,7,4,1,15,42.3506588,-3.6735362,POINT(-3.6735362 42.3506588),,15,false,false,2026-05-06 11:38:57.570203 UTC,,true,false
ChIJc-GQo8b8RQ0R7ajytq6O1lk,Restaurante Blue Gallery,90597,Burgos,,,73,Restaurante,4.6,,596,0,0,0,0,0,42.3502314,-3.6852978,POINT(-3.6852978 42.3502314),€20-70,811,false,false,2026-05-06 11:38:42.252744 UTC,,false,false
ChIJq6N-ttf8RQ0RQvDsYRWVfI0,Restaurante Mesón Los Herreros,90597,Burgos,,,73,Restaurante,4.3,,4736,0,0,0,0,0,42.341861,-3.7014712,POINT(-3.7014712 42.341861),€10-20,4319,false,false,2026-05-06 11:38:59.306857 UTC,,false,false
ChIJ10HihMT8RQ0RjprNIilvRHo,Bodega El Portillo,90597,Burgos,,,73,Restaurante,4.6,9.0853496613563038,321,0,0,0,0,0,42.3488404,-3.6906308,POINT(-3.6906308 42.3488404),€10-20,80,false,false,2026-05-01 21:58:09.894875 UTC,2026-06-15 23:25:24.610607 UTC,false,false
ChIJt1Ve6Y39RQ0RxX-Gii_rIEE,Restaurante Asiático - EL CUENCO DORADO,90597,Burgos,,,74,Restaurante asiático,4.5,,827,592,137,49,18,31,42.3414096,-3.7045057,POINT(-3.7045057 42.3414096),$$,1189,false,false,2026-05-06 11:39:08.895063 UTC,,false,false
ChIJuY_YbYUHRg0RwFweqMtThbA,Roycha Burgos,90597,Burgos,,,112,Tienda de bricolaje,4.3,,50,0,0,0,0,0,42.3706909,-3.7007454,POINT(-3.7007454 42.3706909),,98,false,false,2026-05-01 21:54:00.373325 UTC,,false,false
ChIJf5vQUNb8RQ0RIq8fo0_nruc,Voynich Museum y Museo del Cid,90597,Burgos,"Travesia del Mercado, 3, Bajo, 09003 Burgos, España",9003,181,Museo,4.7,,45,0,0,0,0,0,42.341181,-3.7007603,POINT(-3.7007603 42.341181),,13,true,false,2026-06-18 21:12:23.432769 UTC,,true,true
ChIJg1z9WQj9RQ0RbS31_kdXEKI,Parque Infantil de la Isla,90597,Burgos,"Unnamed Road, 09003 Burgos, España",9003,204,Parque infantil,4.8,,28,0,0,0,0,0,42.3394628,-3.7132113,POINT(-3.7132113 42.3394628),,84,false,false,2026-06-18 20:24:01.723238 UTC,,true,true
ChIJW-yOruH7RQ0RPmE0S1VqMGA,Parque La Ventilla,90597,Burgos,"Pl. Vista Alegre, 2, 09007 Villayuda, Burgos, España",9007,204,Parque infantil,5.0,,2,0,0,0,0,0,42.3446153,-3.6507574,POINT(-3.6507574 42.3446153),,2,false,false,2026-06-18 20:24:01.834381 UTC,,true,true
ChIJRTW_tKaaTw0Rl1afN5zOxo0,Bar La Clave,92194,Miranda de Ebro,"Parque Antonio Cabezón, 6, 09200 Miranda de Ebro, Burgos, España",9200,8,Bar,4.3,,250,149,56,26,5,14,42.6844604,-2.9415452,POINT(-2.9415452 42.6844604),$,30,false,false,2026-05-28 18:42:47.863245 UTC,2026-06-15 21:40:01.590699 UTC,false,false
ChIJU6X1rn-bTw0RVbeaKiEbbhI,Tecai,92194,Miranda de Ebro,"El Cid, 3, 09200 Miranda de Ebro, Burgos, España",9200,8,Bar,0.0,,0,0,0,0,0,0,42.685886,-2.9437636,POINT(-2.9437636 42.685886),,1,false,false,2026-05-28 18:43:08.381648 UTC,2026-06-15 22:44:47.162118 UTC,false,false
ChIJ_____6KaTw0R6otHNjIQmdk,BAR MESÓN LA HIGUERA,92194,Miranda de Ebro,"Casa de los Urbina, C. de la Independencia, s/n, 09200 Miranda de Ebro, Burgos, España",9200,9,Bar de tapas,4.7,8.8632617330128731,1206,926,204,42,9,25,42.6829237,-2.951496,POINT(-2.951496 42.6829237),€10-20,459,false,false,2026-06-16 01:29:48.168037 UTC,2026-06-15 21:31:51.461420 UTC,false,false
ChIJMe4bz2ybTw0RHektoFWBSLg,Magnolia Cafe,92194,Miranda de Ebro,"C. Gregorio Marañón, 1, 09200 Miranda de Ebro, Burgos, España",9200,17,Cafetería,4.3,,180,111,37,18,6,8,42.6863391,-2.9375178,POINT(-2.9375178 42.6863391),$,57,false,false,2026-06-16 01:35:17.689438 UTC,2026-06-15 22:27:55.397662 UTC,false,false
ChIJ9zc4SKCaTw0RSEaLpcT4VXg,Goloseo 🍭🍬,92194,Miranda de Ebro,"C. Logroño, 20, 09200 Miranda de Ebro, Burgos, España",9200,27,Comercio,4.6,9.3801051432383247,90,72,12,1,1,4,42.6882304,-2.93956,POINT(-2.93956 42.6882304),,169,false,false,2026-06-16 01:32:45.482503 UTC,2026-06-15 22:17:10.770635 UTC,false,false
ChIJQZDavLabTw0Rres-ZFPLP-I,ACERO grados,92194,Miranda de Ebro,"Parque Antonio Machado, 6, C. de la Vega, 5, 09200 Miranda de Ebro, Burgos, España",9200,42,Heladería,3.8,8.425247440696694,33,20,4,0,2,7,42.6878987,-2.9459782,POINT(-2.9459782 42.6878987),,7,false,false,2026-06-16 01:34:10.705374 UTC,2026-06-04 19:22:04.167580 UTC,false,false
ChIJK9f4VKKaTw0RSdom4ClOAmE,MIRANDA PARFUMS,92194,Miranda de Ebro,"C. La Estación, 32, 09200 Miranda de Ebro, Burgos, España",9200,69,Perfumería,4.0,,5,2,2,0,1,0,42.6871734,-2.9447034,POINT(-2.9447034 42.6871734),,0,false,false,2026-06-16 01:34:45.366320 UTC,,true,false
ChIJMc7J5byaTw0RRAv2GQYzBos,Mercadona,92194,Miranda de Ebro,"C. Colón, 3, 09200 Miranda de Ebro, Burgos, España",9200,99,Supermercado,4.1,,1436,0,0,0,0,0,42.6865395,-2.9481876,POINT(-2.9481876 42.6865395),,164,false,false,2026-06-16 01:32:39.735617 UTC,,false,false
ChIJYyh44qOaTw0Rt3zyEma7hOY,Carlos Zárate Droguería,92194,Miranda de Ebro,,,113,"Tienda de comestibles, periódicos y medicamentos",5.0,,1,0,0,0,0,0,42.6853672,-2.9428032,POINT(-2.9428032 42.6853672),,1,false,false,2026-05-07 20:57:49.446714 UTC,2026-06-15 22:02:15.718344 UTC,true,false
ChIJxd76aKWbTw0RyXROrplcB-4,Calzados PASITOS,92194,Miranda de Ebro,"C. del Cid, 14, 09200 Miranda de Ebro, Burgos, España",9200,129,Zapatería,3.0,,6,2,1,0,1,2,42.6854135,-2.9435523,POINT(-2.9435523 42.6854135),,16,false,false,2026-06-16 01:35:53.036629 UTC,,true,false
ChIJVUZHa6OaTw0RxdbfZN94zzU,OPTICA MIRANDA,92194,Miranda de Ebro,"C. Ramón y Cajal, 5, 09200 Miranda de Ebro, Burgos, España",9200,130,Óptica,4.7,,24,22,0,0,0,2,42.6857302,-2.9460497,POINT(-2.9460497 42.6857302),,6,false,false,2026-06-16 01:34:45.367948 UTC,,false,false
ChIJHelG1MabTw0R9fDhj3zykwU,El Txoko,92194,Miranda de Ebro,"Tr.ª Carlos III, 1, Bajo 1, 09200 Miranda de Ebro, Burgos, España",9200,227,Salón para eventos,4.4,,31,19,8,1,2,1,42.6865581,-2.9489507,POINT(-2.9489507 42.6865581),,11,false,false,2026-05-28 18:43:25.161311 UTC,2026-06-15 22:10:41.519599 UTC,false,false
ChIJu499-0ebTw0RlKVgdB_2Zqg,Punto Pack InPost,92194,Miranda de Ebro,"C. Real Allende, 22, 09200 Miranda de Ebro, Burgos, España",9200,251,Servicio de envíos,0.0,,0,0,0,0,0,0,42.68419,-2.94965,POINT(-2.94965 42.68419),,1,true,false,2026-06-16 01:34:48.998033 UTC,,false,false
ChIJXXOJKKKaTw0RRncSr4EK0zA,FINCAS TORRECILLA,92194,Miranda de Ebro,"C. Ramón y Cajal, 40, 09200 Miranda de Ebro, Burgos, España",9200,254,Agencia inmobiliaria,4.7,,236,212,5,5,3,11,42.687585,-2.942662,POINT(-2.942662 42.687585),,415,false,false,2026-06-16 01:29:49.921512 UTC,,false,false
ChIJCZ_czsObTw0RFZf2aVucMes,Mercería Dedal,92194,Miranda de Ebro,"C. Fidel Garcia, 9, 09200 Miranda de Ebro, Burgos, España",9200,282,Mercería,4.0,,3,1,1,1,0,0,42.685422,-2.946893,POINT(-2.946893 42.685422),,6,false,false,2026-06-16 01:34:45.367723 UTC,,true,false
ChIJrx8C5TabTw0RaK_x5_2mz_U,TPF Globalcolor Miranda - Pintura y decoración,92194,Miranda de Ebro,"C. Ramón y Cajal, 18, 09200 Miranda de Ebro, Burgos, España",9200,286,Tienda de pinturas,3.1,,14,6,2,0,0,6,42.6863188,-2.9446191,POINT(-2.9446191 42.6863188),,4,false,false,2026-06-16 01:35:35.957101 UTC,,false,false
ChIJHfbnWU-bRQ0RNz8TtbtgCok,Camposanto,92740,Pradoluengo,"09260 Pradoluengo, Burgos, España",9260,153,Cementerio,0.0,,0,0,0,0,0,0,42.3253649,-3.1989028,POINT(-3.1989028 42.3253649),,1,false,false,2026-05-31 03:04:27.848509 UTC,2026-06-15 20:19:50.992035 UTC,true,false
ChIJNWgR2m2bRQ0RCgh2JqEVqGg,Casa de Julio Marroquin para 9 personas,92740,Pradoluengo,"09260 Pradoluengo, Burgos, España",9260,228,Casa de campo,0.0,,0,0,0,0,0,0,42.3217888,-3.1933999,POINT(-3.1933999 42.3217888),,50,false,false,2026-05-31 02:52:51.303802 UTC,2026-06-15 20:20:35.847986 UTC,false,false
ChIJoavOHwDFRQ0Rru42X0F4Sxo,Bar Camping Covarrubias,91139,Covarrubias,"BU-905, 56, 09346 Covarrubias, Burgos, España",9346,8,Bar,4.1,7.8457392295240425,13,0,0,0,0,0,42.0589331,-3.5132358,POINT(-3.5132358 42.0589331),€10-20,2,false,true,2026-07-02 00:37:16.630890 UTC,2026-07-02 00:01:07.712567 UTC,false,false
ChIJX34AFRraRQ0R_bhjDvt0W-E,Casa Rural El Perfume del Almendro,91139,Covarrubias,"C. Hontanares, 54, 09347 Quintanilla del Agua, Burgos, España",9347,20,Casa rural,4.8,9.6648516913621947,50,0,0,0,0,0,42.0357,-3.6524,POINT(-3.6524 42.0357),,31,false,false,2026-07-02 00:34:31.107316 UTC,2026-07-01 23:53:27.354208 UTC,true,false
ChIJ9xfJD7jjRQ0R451QjtplzqI,Peluqueria Y Barberia La Legión,90597,Burgos,,,11,Barbería,5.0,,86,0,0,0,0,0,42.3334546,-3.6987601,POINT(-3.6987601 42.3334546),,12,false,false,2026-05-01 22:16:34.308419 UTC,,false,false
ChIJa34C2-X8RQ0Rhnn8btSEl-g,La Taberna del Mirador,90597,Burgos,,,17,Cafetería,3.4,,335,116,80,40,29,70,42.35956,-3.694489,POINT(-3.694489 42.35956),$,181,false,false,2026-05-06 11:39:25.883291 UTC,,false,false
ChIJwT72AND8RQ0Rx1QDYMbRpJc,BeySa centro de belleza y masaje Rocio Rodriguez,90597,Burgos,,,22,Centro de estética,5.0,,21,0,0,0,0,0,42.3442039,-3.6928705,POINT(-3.6928705 42.3442039),,24,false,false,2026-05-01 22:13:32.057195 UTC,2026-06-15 23:23:11.113653 UTC,false,false
ChIJQ9k8oZj8RQ0RfhgCMjhgQ-k,Alimentación Bustos,90597,Burgos,,,27,Comercio,4.2,,9,0,0,0,0,0,42.3551758,-3.6684073,POINT(-3.6684073 42.3551758),,3,false,false,2026-05-01 21:52:24.722794 UTC,2026-06-15 23:06:14.962553 UTC,true,false
ChIJ0_gOq9T8RQ0RIUnjklmwUvg,Vinos Arroyo,90597,Burgos,,,27,Comercio,5.0,,11,0,0,0,0,0,42.3344875,-3.6984262,POINT(-3.6984262 42.3344875),,1,false,false,2026-05-01 21:58:09.894915 UTC,,true,false
ChIJ_4ADs8j8RQ0RERaM8NICbH8,Farmacia Teresa Sáiz Martínez-Acitores,90597,Burgos,,,34,Farmacia,4.0,,23,15,1,2,1,4,42.3437868,-3.6876431,POINT(-3.6876431 42.3437868),,2,false,false,2026-05-07 20:26:48.259550 UTC,,true,false
ChIJHyuS36j9RQ0RMnZ_nU8V7EA,La Wash Severo Ochoa,90597,Burgos,,,55,Lavandería de autoservicio,5.0,,20,0,0,0,0,0,42.3530547,-3.6778614,POINT(-3.6778614 42.3530547),,21,false,false,2026-05-01 22:15:49.323756 UTC,,false,false
ChIJWX3k0KH8RQ0Rn4vSPX0HG9M,Panadería El Paisa,90597,Burgos,,,63,Panadería,4.4,,265,0,0,0,0,0,42.3547724,-3.665018,POINT(-3.665018 42.3547724),€1-10,33,false,false,2026-05-01 22:06:04.858438 UTC,,true,false
ChIJ27OJT6L9RQ0Rgy-PjI5oqEk,Rosa Gutiérrez - Beauty Studio,90597,Burgos,,,67,Peluquería,4.7,,51,0,0,0,0,0,42.3356226,-3.7117228,POINT(-3.7117228 42.3356226),,7,false,false,2026-05-01 22:16:34.308271 UTC,,false,false
ChIJwaOI5JX8RQ0R27Ih5Xmkp5s,Restaurante Kebabish,90597,Burgos,,,73,Restaurante,3.9,,414,207,92,38,11,66,42.3556241,-3.6780808,POINT(-3.6780808 42.3556241),$,96,false,false,2026-05-06 11:39:27.500458 UTC,,false,false
ChIJf9EACH79RQ0RT4_J4yF7Orc,Restaurante Mar del Norte,90597,Burgos,,,73,Restaurante,4.1,,1857,975,508,136,78,160,42.3370973,-3.6969618,POINT(-3.6969618 42.3370973),$$,1142,false,false,2026-05-06 11:39:25.882943 UTC,,false,false
ChIJufudeNX8RQ0RMCO7Ee9xs8Q,Al Korte,90597,Burgos,,,117,Tienda de fiambres,4.7,,38,0,0,0,0,0,42.336724,-3.702482,POINT(-3.702482 42.336724),,41,false,false,2026-05-01 21:51:53.016035 UTC,2026-06-15 23:02:22.843091 UTC,false,false
ChIJUY_s8vTFRQ0RYvTPamGtAuI,Taller conTiento,91139,Covarrubias,"C. del Conde Garci-Fernandez, 09346 Covarrubias, Burgos, España",9346,101,Taller de automóviles,0.0,,0,0,0,0,0,0,42.0586565,-3.5201774,POINT(-3.5201774 42.0586565),,3,false,false,2026-07-02 00:29:35.625305 UTC,2026-07-02 00:11:03.598504 UTC,true,true
ChIJVVVFUI7PRQ0R4eeigEkjdHo,Cemetery,91139,Covarrubias,"Diseminado Diseminados, 93, 09347 Covarrubias, Burgos, España",9347,153,Cementerio,0.0,,0,0,0,0,0,0,42.0154033,-3.5539507,POINT(-3.5539507 42.0154033),,1,false,false,2026-07-02 00:48:57.204388 UTC,2026-07-02 00:12:08.640841 UTC,true,false
ChIJAztU0rfFRQ0R7Ai3TtYgE_g,Iglesia de Santo Tomás,91139,Covarrubias,"Tr.ª de Santo Tomás, SN, 09346 Covarrubias, Burgos, España",9346,175,Iglesia,4.2,7.4343458460749723,44,0,0,0,0,0,42.0592871,-3.5214534,POINT(-3.5214534 42.0592871),,233,false,false,2026-07-02 00:46:28.877018 UTC,2026-07-01 23:54:14.649001 UTC,true,false
ChIJo0mYhaCaTw0Rg4u0wN47XK0,Alimentación Mario,92194,Miranda de Ebro,"C. Vicente Aleixandre, 18, 09200 Miranda de Ebro, Burgos, España",9200,104,Tienda de alimentación,4.6,,16,12,3,0,0,1,42.6865881,-2.9381166,POINT(-2.9381166 42.6865881),,1,false,false,2026-06-16 01:32:43.636987 UTC,,true,false
ChIJUWRH4buaTw0RpNaFRlhyIvQ,Ayuntamiento de Miranda de Ebro,92194,Miranda de Ebro,,,148,Ayuntamiento,3.2,4.1787569014898809,115,44,17,6,10,38,42.6828946,-2.9523063,POINT(-2.9523063 42.6828946),,152,false,false,2026-05-08 17:52:16.861410 UTC,2026-06-15 21:30:09.263395 UTC,true,false
ChIJuTRz-CybTw0RU5LT7n0o2u0,Piscinas Daype,92194,Miranda de Ebro,,,190,Piscinas,3.0,,4,2,0,0,0,2,42.671273,-2.9845094,POINT(-2.9845094 42.671273),,2,false,false,2026-05-08 17:52:13.731720 UTC,2026-06-15 22:34:34.003786 UTC,false,false
ChIJ5UGx0ruaTw0RyAuWeBe9sdw,Jardín Botánico Miranda de Ebro,92194,Miranda de Ebro,"C. San Francisco, 10, 09200 Miranda de Ebro, Burgos, España",9200,201,Jardín botánico,4.2,,214,104,61,35,7,7,42.6822096,-2.9522759,POINT(-2.9522759 42.6822096),,185,false,false,2026-05-28 18:42:55.640849 UTC,2026-06-15 22:19:53.067158 UTC,false,false
ChIJs0p9UqCaTw0R4FxTIM9LchY,CARPINTERIA IDEMAD SL,92194,Miranda de Ebro,"C. Alfonso VI, 82, 09200 Miranda de Ebro, Burgos, España",9200,218,Carpintero,4.4,,8,6,1,0,0,1,42.6876828,-2.9397986,POINT(-2.9397986 42.6876828),,1,false,false,2026-06-16 01:35:14.149135 UTC,,false,false
ChIJOzlJvryaTw0RmOQRRW1MDqA,Springfield,92194,Miranda de Ebro,"C. Vitoria, 3, 09200 Miranda de Ebro, Burgos, España",9200,245,Tienda de ropa para jóvenes,3.8,,105,44,31,14,2,14,42.6854422,-2.9486597,POINT(-2.9486597 42.6854422),,43,false,false,2026-06-16 01:33:49.780630 UTC,,false,false
ChIJT4jcMl2bTw0Rg4vnB-p44mo,Estanco Jardinillos,92194,Miranda de Ebro,"C. Gregorio Solabarrieta, 09200 Miranda de Ebro, Burgos, España",9200,246,Estanco,4.9,,8,7,1,0,0,0,42.6851014,-2.9490549,POINT(-2.9490549 42.6851014),,5,false,false,2026-06-16 01:34:45.367800 UTC,,false,false
ChIJJ56_0cCbTw0Rl70BPNS0hxw,EXHIBICIÓN,92194,Miranda de Ebro,"C. del Cid, 10, 09200 Miranda de Ebro, Burgos, España",9200,273,Tienda de bicicletas,5.0,,21,20,1,0,0,0,42.6862651,-2.9444824,POINT(-2.9444824 42.6862651),,13,false,false,2026-06-16 01:35:35.957111 UTC,,false,false
ChIJs4AQcQabTw0RLm6RxuDYFHE,Don Biomasa - Climatización en Miranda de Ebro,92194,Miranda de Ebro,"C. San Agustín, 26, 09200 Miranda de Ebro, Burgos, España",9200,326,Empresa de calefacción,4.1,,9,6,1,0,1,1,42.684099,-2.9456784,POINT(-2.9456784 42.684099),,9,false,false,2026-06-16 01:35:53.036516 UTC,,false,false
ChIJ-Xs3bBObRQ0Rj4wfXYQ2n-E,Hostal Adela,92740,Pradoluengo,"Pl. Clemente Zaldo, 3, 09260 Pradoluengo, Burgos, España",9260,47,Hotel,3.8,,301,0,0,0,0,0,42.3238889,-3.1997222,POINT(-3.1997222 42.3238889),,162,false,false,2026-05-31 02:54:53.310439 UTC,2026-06-15 20:27:09.600416 UTC,false,false
ChIJAycf8RabRQ0RL_Di45Nt6Hg,Club Montañeros de Pradoluengo,92740,Pradoluengo,"C. Sagrada Familia, 62, 09260 Pradoluengo, Burgos, España",9260,235,Club,4.7,,3,0,0,0,0,0,42.3268097,-3.2062485,POINT(-3.2062485 42.3268097),,2,false,false,2026-05-31 03:11:22.275715 UTC,2026-06-15 20:21:42.133258 UTC,true,false
ChIJcWzMvpP8RQ0RJ6G3QX9p8T8,Bar NiSinTi,90597,Burgos,,,8,Bar,3.6,3.5224050974939018,1411,447,415,304,91,154,42.3609431,-3.6789165,POINT(-3.6789165 42.3609431),$,146,false,false,2026-05-06 11:39:27.500415 UTC,2026-06-15 23:19:11.579998 UTC,false,false
ChIJeZw6Mtb8RQ0RtQ1IMMRE0jI,Bar Fuxión Tapas y Copas,90597,Burgos,,,9,Bar de tapas,2.8,,603,150,96,83,42,232,42.341371,-3.702175,POINT(-3.702175 42.341371),$$,221,true,false,2026-05-06 11:39:24.525452 UTC,2026-06-15 23:16:45.584182 UTC,false,false
ChIJMaLvldf8RQ0RgUhWtjE41P0,Única,90597,Burgos,,,16,Boutique,4.6,,45,0,0,0,0,0,42.3429686,-3.7014137,POINT(-3.7014137 42.3429686),,16,false,false,2026-05-01 22:11:52.533500 UTC,,false,false
ChIJJ6vIXNT8RQ0RraToUjwZDCM,África Centro Médico Estético,90597,Burgos,,,22,Centro de estética,4.4,,232,0,0,0,0,0,42.3385204,-3.6961059,POINT(-3.6961059 42.3385204),,135,false,false,2026-05-01 22:13:32.057371 UTC,,false,false
ChIJETKoMpL9RQ0RE74vmImSpVY,Farmacia Lda. Paloma Arroyo,90597,Burgos,,,34,Farmacia,5.0,,4,4,0,0,0,0,42.3502201,-3.6914629,POINT(-3.6914629 42.3502201),,0,false,false,2026-05-07 20:26:53.403418 UTC,,false,false
ChIJsb6SwtX8RQ0R4YXasz9zoAI,Floristería El Bosque de Marie,90597,Burgos,,,36,Floristería,4.4,,72,0,0,0,0,0,42.3384571,-3.7015786,POINT(-3.7015786 42.3384571),,116,false,false,2026-05-01 22:02:19.164638 UTC,,false,false
ChIJdYVHk1_9RQ0RcmkWfxH-FQk,La Tribu Little Kids,90597,Burgos,,,53,Juguetería,4.8,,43,0,0,0,0,0,42.3476984,-3.6926465,POINT(-3.6926465 42.3476984),,11,false,false,2026-05-01 22:02:39.908220 UTC,,false,false
ChIJeX4Cutf8RQ0REY_6bmG2euA,El Horno,90597,Burgos,,,63,Panadería,3.7,,340,0,0,0,0,0,42.3422864,-3.7013102,POINT(-3.7013102 42.3422864),€1-10,149,false,false,2026-05-01 22:06:04.858285 UTC,,false,false
ChIJ-fBJ6db8RQ0Ry-WHcEE89jg,Arenal Perfumerías,90597,Burgos,,,69,Perfumería,3.9,4.5471777657512575,680,313,184,66,39,78,42.341,-3.699,POINT(-3.699 42.341),,81,false,false,2026-05-07 20:26:55.289960 UTC,2026-06-15 23:11:54.624359 UTC,false,false
ChIJ7yo_b2L9RQ0RT6aHyMkQbcw,La Lonja del Arlanzón,90597,Burgos,,,73,Restaurante,4.5,,117,91,10,5,3,8,42.3384197,-3.6969791,POINT(-3.6969791 42.3384197),,175,false,false,2026-05-06 11:39:25.883124 UTC,,false,false
ChIJ1bGtx8f9RQ0RJARwFBvHIq4,La Bodeguilla de Arrabal,90597,Burgos,,,78,Restaurante de cocina española,4.1,,1142,593,300,107,44,98,42.343496,-3.7026212,POINT(-3.7026212 42.343496),$,560,false,false,2026-05-06 11:39:02.669385 UTC,,false,false
ChIJyWp_QdL8RQ0RnT1DvYiT1t8,Tapería Santa Clara,90597,Burgos,,,87,Restaurante especializado en tapas,4.2,,278,132,89,34,14,9,42.3378976,-3.694177,POINT(-3.694177 42.3378976),$,31,false,false,2026-05-06 11:39:25.883086 UTC,,true,false
ChIJU3YEqSvjRQ0RZFPekf8j038,Talleres Pardo,90597,Burgos,,,101,Taller de automóviles,4.6,,514,0,0,0,0,0,42.3316804,-3.6999077,POINT(-3.6999077 42.3316804),,19,false,false,2026-05-01 22:17:25.938444 UTC,,false,false
ChIJq6r-zyzjRQ0R0BDzzvRj5Dc,Talleres Lara,90597,Burgos,,,102,Taller de reparación de automóviles,4.6,,104,0,0,0,0,0,42.33385,-3.6959436,POINT(-3.6959436 42.33385),,2,false,false,2026-05-01 22:17:25.938425 UTC,,false,false
ChIJJyLX7sf8RQ0RMlhYoWriXkQ,Piensos Vicario,90597,Burgos,,,106,Tienda de alimentos para animales,4.7,,295,238,40,8,2,7,42.3448978,-3.6846043,POINT(-3.6846043 42.3448978),,20,false,false,2026-05-07 20:27:12.214323 UTC,,false,false
ChIJnwsAx9D8RQ0RTZEeMc_VsPE,Lula Boutique,90597,Burgos,,,126,Tienda de ropa de mujer,4.5,,24,0,0,0,0,0,42.342887,-3.6970645,POINT(-3.6970645 42.342887),,39,false,false,2026-05-01 22:11:52.533572 UTC,,false,false
ChIJe7ObVVD9RQ0RYIiC1JqjEsU,Parque de La Quinta,90597,Burgos,"P.º Quinta, 09002 Burgos, España",9002,203,Parque,4.8,,33,28,4,1,0,0,42.3426242,-3.6757928,POINT(-3.6757928 42.3426242),,103,false,false,2026-06-18 20:24:04.402155 UTC,,true,true
ChIJgx8FHk39RQ0RFJuo-JmC_Ec,"Parque infantil ""Saturnino Calleja""",90597,Burgos,"C. Batalla Navas de Tolosa, 7, 09001 Burgos, España",9001,204,Parque infantil,4.7,,3,0,0,0,0,0,42.3372033,-3.7275601,POINT(-3.7275601 42.3372033),,11,false,false,2026-06-18 20:24:01.835282 UTC,,true,true
ChIJj81FzrfjRQ0RIk5RQdMMWeU,Parque Infantil Alfareros,90597,Burgos,"09001 Burgos, España",9001,204,Parque infantil,2.5,,2,0,0,1,1,0,42.3299994,-3.7011521,POINT(-3.7011521 42.3299994),,3,false,false,2026-06-18 20:24:01.886623 UTC,,true,true
ChIJaWsbGKn9RQ0RxmWgnRJ5-_A,Parque infantil Plaza de la Salle,90597,Burgos,"C. de Villarcayo, 17, 09005 Burgos, España",9005,204,Parque infantil,3.0,,3,1,0,1,0,1,42.3498247,-3.697058,POINT(-3.697058 42.3498247),,4,false,false,2026-06-18 20:24:04.420291 UTC,,true,true
ChIJyb_yHMrFRQ0RnHhg8_JXkgA,Despacho De Pan,91139,Covarrubias,"C. de Monseñor Vargas, 2, 09346 Covarrubias, Burgos, España",9346,63,Panadería,0.0,,0,0,0,0,0,0,42.0592114,-3.5198092,POINT(-3.5198092 42.0592114),,2,false,true,2026-07-02 00:24:31.193909 UTC,2026-07-02 00:11:35.093653 UTC,true,false
ChIJA8qF-snFRQ0R9TI1eHFAtIs,Crucero de Covarrubias,91139,Covarrubias,"Unnamed Road,09346, Covarrubias, Burgos, España",9346,167,Escultura,4.3,8.4162999695399776,13,0,0,0,0,0,42.0586262,-3.5198515,POINT(-3.5198515 42.0586262),,59,false,false,2026-07-02 00:44:55.013731 UTC,2026-07-02 00:01:31.891413 UTC,true,false
ChIJDzzK_qOaTw0Rb1WEhU2Qs7U,Cafetería River,92194,Miranda de Ebro,"C. del Cid, 22, 09200 Miranda de Ebro, Burgos, España",9200,17,Cafetería,4.4,,35,22,9,1,1,2,42.6847875,-2.9428319,POINT(-2.9428319 42.6847875),,11,false,false,2026-05-28 18:43:04.764013 UTC,2026-06-15 21:54:51.854944 UTC,false,false
ChIJZ1UNhbyaTw0RCXPP9ExPMjg,Teresa Bárcena Díez 🐄,92194,Miranda de Ebro,"Tr.ª Sta. Lucía, 1, 09200 Miranda de Ebro, Burgos, España",9200,19,Carnicería,0.0,,0,0,0,0,0,0,42.6849749,-2.9495101,POINT(-2.9495101 42.6849749),,1,false,false,2026-06-16 01:34:47.206065 UTC,,true,false
ChIJG_fP0aOaTw0RbqnISJ79Ayg,Carnicería Edurne,92194,Miranda de Ebro,"C. Arenal, 79, 09219 Miranda de Ebro, Burgos, España",9219,19,Carnicería,4.8,,30,27,2,0,0,1,42.6865851,-2.9432572,POINT(-2.9432572 42.6865851),,4,false,false,2026-06-16 01:33:02.002691 UTC,,true,false
ChIJ_f5Dr7yaTw0RoGsyAnACrrE,Peluquería Ana Sagredo,92194,Miranda de Ebro,"C. Rda. del Ferrocarril, 27, 09200 Miranda de Ebro, Burgos, España",9200,67,Peluquería,4.8,,47,39,7,0,0,1,42.6847765,-2.9480471,POINT(-2.9480471 42.6847765),,39,false,false,2026-06-16 01:34:47.206082 UTC,,false,false
ChIJwe56KL2aTw0RXEeLOODxLzU,"Leonesa de comidas, Ledeco.",92194,Miranda de Ebro,"C. Carlos III, 15, 09200 Miranda de Ebro, Burgos, España",9200,80,Restaurante de comida para llevar,4.1,,51,28,12,4,3,4,42.6870153,-2.9481592,POINT(-2.9481592 42.6870153),,46,false,false,2026-05-28 18:43:23.394191 UTC,2026-06-15 22:26:54.532947 UTC,false,false
ChIJjy1ZpaSaTw0R-g95Oxj7B-g,Carnicería Alicia,92194,Miranda de Ebro,"C. del Río Ebro, 11, 09200 Miranda de Ebro, Burgos, España",9200,104,Tienda de alimentación,5.0,,1,1,0,0,0,0,42.6839303,-2.9469296,POINT(-2.9469296 42.6839303),,1,false,false,2026-06-16 01:35:00.809695 UTC,,false,false
ChIJuURs-L2aTw0Rg7FchgSQwOc,Gabanes Mobiliario De Cocina,92194,Miranda de Ebro,"&, Calle Vitoria, C. Reyes Católicos, 09200 Miranda de Ebro, Burgos, España",9200,120,Tienda de muebles,4.1,,30,15,10,1,1,3,42.687531,-2.950601,POINT(-2.950601 42.687531),,32,false,false,2026-06-16 01:33:49.780716 UTC,,false,false
ChIJpTyZbaOaTw0RdtiMCUk9gnI,Piensos Argote,92194,Miranda de Ebro,"C. Abastos, 4, 09200 Miranda de Ebro, Burgos, España",9200,121,Tienda de productos para mascotas,4.5,,59,40,12,6,0,1,42.6854585,-2.945697,POINT(-2.945697 42.6854585),,12,false,false,2026-06-16 01:33:03.918213 UTC,,false,false
ChIJlTp76aOaTw0RLjvRYN5w_ok,RrChic,92194,Miranda de Ebro,"C. Alfonso VI, 44, 09200 Miranda de Ebro, Burgos, España",9200,126,Tienda de ropa de mujer,4.0,,7,3,1,3,0,0,42.6855172,-2.943285,POINT(-2.943285 42.6855172),,4,false,false,2026-06-16 01:35:53.036585 UTC,,false,false
ChIJ0ZiJSqCaTw0R2l6R9gEQKLs,Sleeprice La liquidadora del colchón,92194,Miranda de Ebro,"C. Vicente Aleixandre, 2, 09200 Miranda de Ebro, Burgos, España",9200,244,Colchonería,5.0,,223,215,8,0,0,0,42.688241,-2.939981,POINT(-2.939981 42.688241),,2,false,false,2026-06-16 01:34:03.504966 UTC,,false,false
ChIJ1TU9WZWbTw0RGBq70_SMFc4,Casa del Móvil 📱,92194,Miranda de Ebro,"Calle Francisco Cantera, 7, 09200 Miranda de Ebro, Burgos, España",9200,248,Tienda de móviles,3.8,,11,7,1,0,0,3,42.686191,-2.9453604,POINT(-2.9453604 42.686191),,4,false,false,2026-06-16 01:35:00.809512 UTC,,true,false
ChIJsQ5CmKGaTw0RkHBrF29me3o,Sonepar Miranda de Ebro,92194,Miranda de Ebro,"Polígono Industrial Bayas, C. Guadiana, 4, Pabellón 5, 09200 Miranda de Ebro, Burgos, España",9200,261,Tienda de electricidad,3.0,,8,0,0,0,0,0,42.6900728,-2.9240437,POINT(-2.9240437 42.6900728),,7,false,false,2026-06-16 01:32:43.636786 UTC,,false,false
ChIJQZvTzKOaTw0RPLbFvFQSMw4,Ideamos Publicidad,92194,Miranda de Ebro,"C. Arenal, 88, 09200 Miranda de Ebro, Burgos, España",9200,271,Agencia de publicidad,4.9,,112,105,6,1,0,0,42.6869515,-2.9423512,POINT(-2.9423512 42.6869515),,1222,false,false,2026-06-16 01:33:09.476412 UTC,,false,false
ChIJTx6uGtD8RQ0Rw6PzP-KGIA4,Asador Casa Peña | Horno de leña,90597,Burgos,,,7,Asador de cordero,4.2,7.5270438132907405,1030,595,247,91,30,67,42.3437228,-3.6933806,POINT(-3.6933806 42.3437228),$$,587,false,false,2026-05-06 11:39:06.088366 UTC,2026-06-15 23:12:27.842814 UTC,false,false
ChIJYzh7Jbn8RQ0RLOHKuzlWOxA,Bar Plan B,90597,Burgos,,,8,Bar,3.7,6.2601771367044421,2477,859,722,425,148,323,42.3488552,-3.6796578,POINT(-3.6796578 42.3488552),$,367,false,false,2026-05-06 11:38:43.598850 UTC,2026-06-15 23:19:48.713620 UTC,false,false
ChIJdy7tDND8RQ0R9EncbuKCNiI,Las Termas Burgos | Centro de estética,90597,Burgos,,,22,Centro de estética,4.5,,182,0,0,0,0,0,42.3441113,-3.6940248,POINT(-3.6940248 42.3441113),,11,false,false,2026-05-01 22:13:32.057407 UTC,,false,false
ChIJEXLMP9v8RQ0RxNi0oGkGFHg,Centro De Estética Bella Donna,90597,Burgos,,,22,Centro de estética,4.7,,140,0,0,0,0,0,42.3478875,-3.6939642,POINT(-3.6939642 42.3478875),,17,false,false,2026-05-01 22:13:32.057275 UTC,,false,false
ChIJdxW5Tdb8RQ0RFuKX0-zceN8,Clínica Dental Implan-T Burgos,90597,Burgos,,,24,Clínica dental,4.9,,320,0,0,0,0,0,42.3414338,-3.7011509,POINT(-3.7011509 42.3414338),,130,false,false,2026-05-01 22:14:19.230793 UTC,,false,false
ChIJecIbN6T8RQ0RtKk9_Drsaac,FARMACIA CRESPO ALVAREZ,90597,Burgos,,,34,Farmacia,4.0,,4,3,0,0,0,1,42.3479836,-3.6683794,POINT(-3.6683794 42.3479836),,3,false,false,2026-05-07 20:27:26.811483 UTC,,true,false
ChIJ4Xwa-PD9RQ0RwZT81z1h3TQ,Farmacia jose carlos carazo ortega,90597,Burgos,,,34,Farmacia,2.3,,6,2,0,0,0,4,42.3362332,-3.7000259,POINT(-3.7000259 42.3362332),,1,false,false,2026-05-07 20:26:46.759080 UTC,,true,false
ChIJ5wVkaUL9RQ0Rmap7UNyyQ18,Farmacia Enrique Basterrechea,90597,Burgos,,,34,Farmacia,4.6,,59,0,0,0,0,0,42.3629652,-3.6651922,POINT(-3.6651922 42.3629652),,53,false,false,2026-05-07 20:26:46.758568 UTC,,false,false
ChIJYVdACKP8RQ0RRhl_ugypVZU,María Manuela González García,90597,Burgos,,,34,Farmacia,3.9,,11,7,1,0,1,2,42.3517352,-3.670194,POINT(-3.670194 42.3517352),,1,false,false,2026-05-07 20:27:26.811415 UTC,,false,false
ChIJu2Wvf6T8RQ0R81qqXZUD-io,Farmacia Carmen Sánchez Falo,90597,Burgos,,,34,Farmacia,3.7,,52,0,0,0,0,0,42.3498614,-3.6697454,POINT(-3.6697454 42.3498614),,4,false,false,2026-05-07 20:26:46.758538 UTC,,false,false
ChIJ6S9EbdD8RQ0Rmy5jhFQclPY,Farmacia,90597,Burgos,,,34,Farmacia,5.0,,8,8,0,0,0,0,42.3436378,-3.6940132,POINT(-3.6940132 42.3436378),,4,false,false,2026-05-07 20:26:46.759108 UTC,,false,false
ChIJXUqD1Sn9RQ0RT7XFvKQNJR4,Juguettos,90597,Burgos,,,53,Juguetería,4.2,,167,0,0,0,0,0,42.34138,-3.7030389,POINT(-3.7030389 42.34138),,14,false,false,2026-05-01 22:02:39.908297 UTC,,false,false
ChIJ-9e-YuHjRQ0R3A3yiuUsx_Q,Unik Peluquería Y Estética Burgos,90597,Burgos,,,67,Peluquería,4.7,,75,0,0,0,0,0,42.3310907,-3.7068751,POINT(-3.7068751 42.3310907),,530,false,false,2026-05-01 22:16:32.918183 UTC,,false,false
ChIJCfjdNNf8RQ0RNxM_78QsnWw,El Bosque Encantado,90597,Burgos,,,73,Restaurante,4.5,,1610,0,0,0,0,0,42.3427739,-3.6980937,POINT(-3.6980937 42.3427739),€1-10,1067,false,false,2026-05-06 11:38:59.306876 UTC,,false,false
ChIJsypwcx7jRQ0Rm_9lmjaHfaM,Carrefour Express EESS,90597,Burgos,,,99,Supermercado,3.8,,232,0,0,0,0,0,42.3102769,-3.7029487,POINT(-3.7029487 42.3102769),,10,false,false,2026-05-01 21:44:12.497400 UTC,,false,false
ChIJ9SyRidv8RQ0RXySuR6xrgik,TEDi,90597,Burgos,,,111,Tienda de artículos para el hogar,4.0,,1132,0,0,0,0,0,42.3490493,-3.6961666,POINT(-3.6961666 42.3490493),,54,false,false,2026-05-01 22:08:17.353826 UTC,,false,false
ChIJ-1G7jNT8RQ0RsqgA729pv3U,PULSAN REDES S.L.,90597,Burgos,,,118,Tienda de informática,4.8,,76,0,0,0,0,0,42.3365306,-3.6990149,POINT(-3.6990149 42.3365306),,2,false,false,2026-05-01 21:55:41.905695 UTC,,false,false
ChIJY-9YWdr9RQ0RO97yBWOfAjk,Calzados P&p,90597,Burgos,,,129,Zapatería,4.6,,39,0,0,0,0,0,42.3513624,-3.6675373,POINT(-3.6675373 42.3513624),,12,false,false,2026-05-01 22:12:35.290527 UTC,,false,false
ChIJpz-jHtr8RQ0RLBrNE8A885M,Calzados Medrano SL,90597,Burgos,,,129,Zapatería,3.4,,627,0,0,0,0,0,42.3452679,-3.6974258,POINT(-3.6974258 42.3452679),,31,false,false,2026-05-01 22:12:35.290454 UTC,,false,false
ChIJnznSP9f8RQ0RWa5X5ASuvRA,Opticolors,90597,Burgos,,,130,Óptica,5.0,,288,0,0,0,0,0,42.342786,-3.6990652,POINT(-3.6990652 42.342786),,89,false,false,2026-05-01 22:18:09.002400 UTC,,false,false
ChIJwcTBChn9RQ0R7jxe7cF3kuw,Parque Infantil Fuentecillas-La Moneda,90597,Burgos,"Bda. Fábrica de la Moneda, 15, 09001 Burgos, España",9001,204,Parque infantil,3.5,,4,0,0,0,0,0,42.3441195,-3.724202,POINT(-3.724202 42.3441195),,4,false,false,2026-06-18 20:24:01.840097 UTC,,true,true
ChIJx-SCWAD9RQ0RScFp8gcY1EM,Parque Infantil,90597,Burgos,"09007 Burgos, España",9007,204,Parque infantil,0.0,,0,0,0,0,0,0,42.3497103,-3.6658974,POINT(-3.6658974 42.3497103),,1,false,false,2026-06-18 20:24:01.752634 UTC,,true,true
ChIJyZfIVgD7RQ0RB900d5B54C4,Parque infantil,90597,Burgos,"C. Federico Salvador Puy, 09006 Burgos, España",9006,204,Parque infantil,0.0,,0,0,0,0,0,0,42.3659284,-3.6601434,POINT(-3.6601434 42.3659284),,0,false,false,2026-06-18 20:24:04.435327 UTC,,true,true
ChIJda5w76OaTw0R5sEEM41DeWU,La Madre,92194,Miranda de Ebro,"C. del Cid, 19, 09200 Miranda de Ebro, Burgos, España",9200,8,Bar,4.3,7.3966956936443848,987,541,289,102,23,32,42.6854108,-2.9430913,POINT(-2.9430913 42.6854108),$,106,false,false,2026-05-28 18:42:42.070471 UTC,2026-06-15 22:24:49.904248 UTC,false,false
ChIJ5UUO_bmbTw0Rnv9mRchbw1c,Cafeteria Black Baccara,92194,Miranda de Ebro,"C. Arenal, 17, bajo 3, 09200 Miranda de Ebro, Burgos, España",9200,17,Cafetería,4.5,,131,88,32,5,5,1,42.683996,-2.9482567,POINT(-2.9482567 42.683996),,47,false,false,2026-05-28 18:42:58.002910 UTC,2026-06-15 21:51:01.305910 UTC,false,false
ChIJj6rb3byaTw0RHs4I4uHvV-k,Carnicería V.O.- Víctor M. Ortiz,92194,Miranda de Ebro,"C. Carlos III, 10, 09200 Miranda de Ebro, Burgos, España",9200,19,Carnicería,4.8,,32,28,3,0,0,1,42.6865061,-2.9485796,POINT(-2.9485796 42.6865061),,24,false,false,2026-06-16 01:34:05.291439 UTC,,false,false
ChIJuwwrGKKaTw0R2I8JBgk7nqE,Restaurante la Menta,92194,Miranda de Ebro,"C. La Estación, 39, 09200 Miranda de Ebro, Burgos, España",9200,73,Restaurante,4.5,8.2386791089084,1767,0,0,0,0,0,42.6885134,-2.943047,POINT(-2.943047 42.6885134),€10-20,885,false,false,2026-05-28 18:42:37.536787 UTC,2026-06-15 22:42:06.240238 UTC,false,false
ChIJAW_4ej2bTw0Ri9ezvzZCPFc,Estambul kebab pizzeria1,92194,Miranda de Ebro,"C. Ramón y Cajal, 22, 09200 Miranda de Ebro, Burgos, España",9200,81,Restaurante de comida rápida,4.6,5.5615882909623906,633,521,53,8,6,45,42.686596,-2.9442287,POINT(-2.9442287 42.686596),,324,false,false,2026-05-28 18:42:42.082482 UTC,2026-06-15 22:11:44.974437 UTC,false,false
ChIJFcRflV6bTw0Rwr-HmPaD0vk,Oficina Municipal de Turismo,92194,Miranda de Ebro,"Parque Antonio Machado, 4, 09200 Miranda de Ebro, Burgos, España",9200,157,Centro de información turística,4.1,,21,14,3,0,1,3,42.687575,-2.9456418,POINT(-2.9456418 42.687575),,4,false,false,2026-05-28 18:43:08.381626 UTC,2026-06-15 22:30:59.391718 UTC,true,false
ChIJVXUK-ruaTw0RHumoxF1VI-E,Bar La Sidre,92194,Miranda de Ebro,"Av. de Federico Keller, 1, 09200 Miranda de Ebro, Burgos, España",9200,215,Bar musical,4.5,,282,190,53,27,5,7,42.6838667,-2.9519771,POINT(-2.9519771 42.6838667),$,23,false,false,2026-06-16 01:29:48.168068 UTC,2026-06-15 21:41:19.490244 UTC,false,false
ChIJpajnLKOaTw0Rs61eIpr8pNE,Bed's Miranda de Ebro,92194,Miranda de Ebro,"C. Rda. del Ferrocarril, 20, 09200 Miranda de Ebro, Burgos, España",9200,244,Colchonería,4.9,,390,0,0,0,0,0,42.6863923,-2.9474667,POINT(-2.9474667 42.6863923),,11,false,false,2026-06-16 01:33:30.416524 UTC,,false,false
ChIJbXRPpqOaTw0RH4rOm5HWyic,Tad bisutería y complementos,92194,Miranda de Ebro,"C. Ramón y Cajal, 16, B, 09200 Miranda de Ebro, Burgos, España",9200,296,Tienda de bisutería,4.7,,3,2,1,0,0,0,42.686321,-2.944754,POINT(-2.944754 42.686321),,34,false,false,2026-06-16 01:34:43.596654 UTC,,false,false
ChIJywcPWIybRQ0Rb_IRSowgqrw,Fuente del Caserío,92740,Pradoluengo,"09260 Pradoluengo, Burgos, España",9260,211,Fuente de agua potable,0.0,,0,0,0,0,0,0,42.3136438,-3.1833999,POINT(-3.1833999 42.3136438),,0,false,true,2026-05-31 02:45:02.081768 UTC,2026-06-15 20:26:02.393382 UTC,true,false
ChIJ4z__ttf8RQ0RSrAS19TAKME,La Quinta del Monje,90597,Burgos,,,10,Bar restaurante,4.3,,3086,0,0,0,0,0,42.3420722,-3.7015227,POINT(-3.7015227 42.3420722),€10-20,2246,false,false,2026-05-06 11:38:40.829565 UTC,,false,false
ChIJ4yH-Qgb9RQ0ReT_dD_niD3E,Centro de estética Azahara Horrillo,90597,Burgos,,,22,Centro de estética,4.9,,148,0,0,0,0,0,42.3700712,-3.710805,POINT(-3.710805 42.3700712),,13,false,false,2026-05-01 22:13:32.057426 UTC,,false,false
ChIJvXixLYU6Tw0RCLCeseUtHMo,Centro de estética Tesla,90597,Burgos,,,22,Centro de estética,4.5,,44,0,0,0,0,0,42.345203,-3.7212379,POINT(-3.7212379 42.345203),,16,false,false,2026-05-01 22:13:32.057295 UTC,,false,false
ChIJqRb1pc_9RQ0RzyQGWEUN-ig,Carmen Artesanía Floral,90597,Burgos,,,36,Floristería,4.2,,63,0,0,0,0,0,42.3615379,-3.6796974,POINT(-3.6796974 42.3615379),,56,false,false,2026-05-01 22:02:19.164830 UTC,,false,false
ChIJ7cBXRTr9RQ0RSkN43qfDgDo,Pan y Más,90597,Burgos,,,63,Panadería,4.7,,33,0,0,0,0,0,42.3454875,-3.716256,POINT(-3.716256 42.3454875),€1-10,6,false,false,2026-05-01 22:06:04.858323 UTC,,false,false
ChIJKUsjw738RQ0REZIAdCb5sj4,Endrágora Restaurante,90597,Burgos,,,73,Restaurante,3.9,,1084,447,317,164,49,107,42.3533859,-3.6767652,POINT(-3.6767652 42.3533859),$,358,false,false,2026-05-06 11:39:25.883264 UTC,,false,false
ChIJV5WaBez8RQ0R2fMSS_s9qLM,El Rincón de Las Delicias,90597,Burgos,,,73,Restaurante,2.6,,14,3,3,1,0,7,42.3607023,-3.686572,POINT(-3.686572 42.3607023),,21,false,false,2026-05-06 11:39:38.611961 UTC,,false,false
ChIJCTgeXJP8RQ0Rbah1YhbBrYo,Restaurante TriaG3,90597,Burgos,,,73,Restaurante,3.1,,1635,373,385,316,169,392,42.359745,-3.6818552,POINT(-3.6818552 42.359745),$,250,false,false,2026-05-06 11:39:25.883318 UTC,,true,false
ChIJMRVyt9f8RQ0Rlsg7uOln93E,La Comidilla de San Lorenzo,90597,Burgos,,,78,Restaurante de cocina española,3.6,,1511,529,447,216,113,206,42.342479,-3.70133,POINT(-3.70133 42.342479),$,726,false,false,2026-05-06 11:39:06.088434 UTC,,false,false
ChIJF5ZJgtX8RQ0RibewttiemGU,Restaurante Maridaje's,90597,Burgos,,,78,Restaurante de cocina española,4.1,,556,289,135,59,24,49,42.3368072,-3.7024944,POINT(-3.7024944 42.3368072),$,371,false,false,2026-05-06 11:39:38.611992 UTC,,false,false
ChIJ3XK2KEP9RQ0R-eV08YXfBVE,PrimaPrix Burgos San Juan,90597,Burgos,,,99,Supermercado,4.4,,20,0,0,0,0,0,42.3431293,-3.7001482,POINT(-3.7001482 42.3431293),,20,false,false,2026-05-01 21:44:12.497436 UTC,,false,false
ChIJbVyCtmb9RQ0Rn0XEtiouP7U,Carrefour Express EESS,90597,Burgos,,,99,Supermercado,3.8,,141,0,0,0,0,0,42.365128,-3.6750847,POINT(-3.6750847 42.365128),,3,false,false,2026-05-01 21:44:12.497326 UTC,,false,false
ChIJVyz2livjRQ0RsMHmFlCCHxk,Talleres Manolo,90597,Burgos,,,102,Taller de reparación de automóviles,4.9,,22,0,0,0,0,0,42.330965,-3.6988736,POINT(-3.6988736 42.330965),,6,false,false,2026-05-01 22:17:25.938468 UTC,,true,false
ChIJuSOSffX9RQ0RvKCHwGm428I,Talleres Auto MEL,90597,Burgos,,,103,Taller mecánico,4.9,,58,0,0,0,0,0,42.3328417,-3.698558,POINT(-3.698558 42.3328417),,25,false,false,2026-05-01 22:17:25.938477 UTC,,false,false
ChIJmSH6GyvjRQ0RZoVNE2JY7kQ,La Plaza,90597,Burgos,,,104,Tienda de alimentación,3.0,,2,0,0,0,0,0,42.3327445,-3.7000253,POINT(-3.7000253 42.3327445),,4,false,false,2026-05-01 21:50:11.959048 UTC,,true,false
ChIJpfIoGyr9RQ0RUVokZwLyUls,Comercial Veterinaria,90597,Burgos,,,121,Tienda de productos para mascotas,4.6,,631,487,79,25,9,31,42.3387012,-3.7033362,POINT(-3.7033362 42.3387012),,75,false,false,2026-05-07 20:27:07.860864 UTC,,false,false
ChIJ7css13v9RQ0RyK83buZ4ijs,Lazap,90597,Burgos,,,129,Zapatería,5.0,,54,0,0,0,0,0,42.34149,-3.70248,POINT(-3.70248 42.34149),,94,false,false,2026-05-01 22:12:35.290277 UTC,,false,false
ChIJAQAAAGz7RQ0RtE4THRlHjbc,Fútbol Indoor Burgos,90597,Burgos,"Calle Fuera del Trabajo, 2, 09007 Burgos, España",9007,160,Centro deportivo,4.4,,304,190,75,24,5,10,42.3614651,-3.6421495,POINT(-3.6421495 42.3614651),,42,false,false,2026-06-18 20:24:01.756244 UTC,,false,true
ChIJRd8HjaL9RQ0Rdjuo5b2VtNk,Parque infantil Dos de Mayo,90597,Burgos,"C. Dos de Mayo, 14, 09006 Burgos, España",9006,204,Parque infantil,3.3,,3,1,1,0,0,1,42.3455545,-3.6786731,POINT(-3.6786731 42.3455545),,18,false,false,2026-06-18 20:24:01.810180 UTC,,true,true
ChIJX5w1HcrFRQ0R3U9PL-j4gR8,Pablo Subiñas Carnicería,91139,Covarrubias,"Pl. de Doña Urraca, 2, 09346 Covarrubias, Burgos, España",9346,19,Carnicería,4.8,9.2561459526186809,31,0,0,0,0,0,42.0590648,-3.5202068,POINT(-3.5202068 42.0590648),,7,false,true,2026-07-02 00:21:47.817613 UTC,2026-07-01 23:56:46.799785 UTC,false,false
ChIJN96Ty6GaTw0RLK6Hc7_zv1s,Gastrobar la Mancha 🍤🍺☕️,92194,Miranda de Ebro,"C. Logroño, 16, 09200 Miranda de Ebro, Burgos, España",9200,8,Bar,4.4,,70,45,15,7,1,2,42.6884527,-2.9402384,POINT(-2.9402384 42.6884527),$,45,false,false,2026-05-28 18:42:42.082971 UTC,2026-06-15 22:16:39.367321 UTC,false,false
ChIJfe7g4ZaaTw0R4HW_EoetK7M,Hiper Máximo 🎎,92194,Miranda de Ebro,"Ctra. Bilbao, Ctra bilbao24, 24, 09200 Miranda de Ebro, Burgos, España",9200,12,Bazar,4.0,,277,115,92,48,6,16,42.6927235,-2.9500889,POINT(-2.9500889 42.6927235),,46,false,false,2026-06-16 01:34:05.291462 UTC,,false,false
ChIJIb3bjaGaTw0R7hIYyhymYSA,Gran Bazar Hiper Asia,92194,Miranda de Ebro,"C. Ramón y Cajal, 48, 09200 Miranda de Ebro, Burgos, España",9200,12,Bazar,4.3,,10,0,0,0,0,0,42.6879174,-2.9420124,POINT(-2.9420124 42.6879174),,1,false,false,2026-06-16 01:33:49.780553 UTC,2026-06-15 22:17:26.622294 UTC,true,false
ChIJFQSLQZmaTw0RnZclac8qY3k,Estación de Servicio Repsol,92194,Miranda de Ebro,"A-1, 318,8 I, 09200 Miranda de Ebro, Burgos, España",9200,38,Gasolinera,3.8,,118,47,32,25,1,13,42.6931027,-2.9380194,POINT(-2.9380194 42.6931027),,31,false,false,2026-06-16 01:33:05.691767 UTC,,false,false
ChIJyexHEKOaTw0RbXOOXOyk5Is,La Tana 🥖🥐,92194,Miranda de Ebro,"Calle Francisco Cantera, 4, bj pta izq, 09200 Miranda de Ebro, Burgos, España",9200,63,Panadería,3.6,,128,42,36,23,6,21,42.6862697,-2.945788,POINT(-2.945788 42.6862697),$,87,false,false,2026-06-16 01:33:51.570041 UTC,2026-06-15 22:26:17.796701 UTC,true,false
ChIJkW7EfKCaTw0RbOA-jXhrAU4,La Hornada,92194,Miranda de Ebro,"Av. República Argentina, 71, 09200 Miranda de Ebro, Burgos, España",9200,63,Panadería,0.0,,0,0,0,0,0,0,42.6873564,-2.938143,POINT(-2.938143 42.6873564),,1,true,false,2026-06-16 01:35:19.522562 UTC,,true,false
ChIJy1zWDaOaTw0R6lolem_fL24,El Horno 🥖,92194,Miranda de Ebro,"Calle Francisco Cantera, 8, 09200 Miranda de Ebro, Burgos, España",9200,104,Tienda de alimentación,4.7,,3,2,1,0,0,0,42.6860394,-2.9455616,POINT(-2.9455616 42.6860394),,8,false,false,2026-06-16 01:33:44.347874 UTC,,true,false
ChIJHYQL_6KaTw0R4MX7tKq87es,La Palmera,92194,Miranda de Ebro,"C. Rda. del Ferrocarril, 35, 09200 Miranda de Ebro, Burgos, España",9200,124,Tienda de ropa,4.4,,8,6,1,0,0,1,42.6875357,-2.9471565,POINT(-2.9471565 42.6875357),,6,false,false,2026-06-16 01:35:35.957080 UTC,,true,false
ChIJjTDjq6OaTw0RtVJOCkEF2UM,Alfil Moda,92194,Miranda de Ebro,"C. del Cid, 11, 09200 Miranda de Ebro, Burgos, España",9200,125,Tienda de ropa de hombre,4.0,,21,8,9,2,0,2,42.6863313,-2.9440966,POINT(-2.9440966 42.6863313),,19,false,false,2026-06-16 01:34:31.447635 UTC,,false,false
ChIJBbHIvLyaTw0Rst7qAaoDEw4,Plaza Prim,92194,Miranda de Ebro,"C. Real Allende, 60a, 09200 Miranda de Ebro, Burgos, España",9200,219,Jardín,4.0,,84,41,18,17,4,4,42.6850876,-2.948599,POINT(-2.948599 42.6850876),,52,false,false,2026-05-28 18:43:00.045170 UTC,2026-06-15 22:35:26.220585 UTC,true,false
ChIJ7xgZ5pWbTw0Re-rd2DN-PJo,Odisea Tattoo,92194,Miranda de Ebro,"C. Arenal, 101, 09200 Miranda de Ebro, Burgos, España",9200,299,Estudio de tatuajes,4.9,,33,31,2,0,0,0,42.6881125,-2.9407109,POINT(-2.9407109 42.6881125),,20,false,false,2026-06-16 01:35:35.957089 UTC,,false,false
ChIJq1XVZqGaTw0RZFAvC4pvPOo,Locutorio Apolo,92194,Miranda de Ebro,"Av. Comuneros de Castilla, 26, 09200 Miranda de Ebro, Burgos, España",9200,303,Locutorio,4.1,,30,18,5,3,1,3,42.6859945,-2.9422549,POINT(-2.9422549 42.6859945),,4,false,false,2026-06-16 01:34:45.367625 UTC,,false,false
ChIJ57ccq72aTw0RVx3Tj36M6Js,JUAN IGNACIO..,92194,Miranda de Ebro,"C. Vitoria, 31, 09200 Miranda de Ebro, Burgos, España",9200,305,Contratista general,2.5,,2,0,1,0,0,1,42.6868283,-2.9502192,POINT(-2.9502192 42.6868283),,9,false,false,2026-06-16 01:35:32.369643 UTC,,true,false
ChIJowYshPabRQ0RxV_ofP2lYQA,Oficina de Turismo,92740,Pradoluengo,"Pl. Clemente Zaldo, 12, 09260 Pradoluengo, Burgos, España",9260,164,Departamento municipal de turismo,4.0,,2,0,2,0,0,0,42.3233901,-3.199897,POINT(-3.199897 42.3233901),,2,false,false,2026-05-31 03:07:49.602737 UTC,2026-06-15 20:30:01.196243 UTC,true,false
ChIJy_OREqbFRQ0RibdVZ2CXUII,Disco Pub LA SERNA,91139,Covarrubias,"C, Av. de Victor Barbadillo, 30 - 36, 09346 Covarrubias, Burgos, España",9346,71,Pub,4.6,8.6203378234058619,35,25,6,4,0,0,42.0599388,-3.5166959,POINT(-3.5166959 42.0599388),,19,false,false,2026-07-02 00:59:03.389834 UTC,2026-07-01 23:55:16.489446 UTC,true,false
ChIJobaBcP7HRQ0RqSC-aQV8l68,Camino de San Olav,91139,Covarrubias,"09346 Covarrubias, Burgos, España",9346,208,Zona de senderismo,5.0,,5,0,0,0,0,0,42.0597682,-3.4976133,POINT(-3.4976133 42.0597682),,34,false,false,2026-07-02 00:59:53.210333 UTC,2026-07-02 00:05:50.625927 UTC,true,false
ChIJfztA6p_8RQ0RcXhRF5gVj9U,Bodega Enebro,90597,Burgos,,,8,Bar,4.3,,27,0,0,0,0,0,42.356154,-3.6631636,POINT(-3.6631636 42.356154),€1-10,0,false,false,2026-05-01 21:58:09.894852 UTC,2026-06-15 23:25:39.164676 UTC,true,false
ChIJabX8Xrz8RQ0RSyL9b7GKv3E,Mesón El Abuelo,90597,Burgos,,,9,Bar de tapas,4.0,,404,0,0,0,0,0,42.3508816,-3.6758351,POINT(-3.6758351 42.3508816),€1-10,35,false,false,2026-05-06 11:38:42.252783 UTC,,true,false
ChIJ5x1PFEr9RQ0R3pPVc-8GpQI,Paquita Mariví,90597,Burgos,,,10,Bar restaurante,4.4,,1073,733,199,63,25,53,42.3424018,-3.7027561,POINT(-3.7027561 42.3424018),,807,false,false,2026-05-06 11:39:02.669341 UTC,,false,false
ChIJ-boH_9f8RQ0Rs1YyOMAoa64,Farmacia Margarita Medrano Ruiz,90597,Burgos,,,34,Farmacia,3.0,,22,10,1,1,0,10,42.3424289,-3.7305482,POINT(-3.7305482 42.3424289),,9,false,false,2026-05-07 20:26:48.259608 UTC,,false,false
ChIJZwwKf8j8RQ0RbRx34ueOGio,Panadería Bertiz,90597,Burgos,,,63,Panadería,4.0,,1523,754,361,175,77,156,42.3418883,-3.696457,POINT(-3.696457 42.3418883),€1-10,492,false,false,2026-05-06 11:39:23.166489 UTC,,false,false
ChIJ7Zyss6T8RQ0RX0tk_BWE-9Y,Lesalon,90597,Burgos,,,67,Peluquería,4.9,,67,0,0,0,0,0,42.3491765,-3.6722858,POINT(-3.6722858 42.3491765),,17,false,false,2026-05-01 22:16:34.308481 UTC,,false,false
ChIJ5TS6eQL9RQ0RQaNqdLR1YFo,Restaurante La Casona,90597,Burgos,,,73,Restaurante,3.2,,630,194,125,82,59,170,42.3422129,-3.7015278,POINT(-3.7015278 42.3422129),$$,409,false,false,2026-05-06 11:39:00.966315 UTC,,false,false
ChIJk8-CJ9b8RQ0Rm8Wjk04FaLE,Rimbombin Hostal - Bar - Restaurante,90597,Burgos,,,80,Restaurante de comida para llevar,4.1,,3191,1596,955,298,131,211,42.3408167,-3.7028855,POINT(-3.7028855 42.3408167),$88,2271,false,false,2026-05-06 11:39:21.810272 UTC,,false,false
ChIJCd8NmcX8RQ0RjcvoNFj8_-w,Decoración K7,90597,Burgos,,,120,Tienda de muebles,3.8,,58,0,0,0,0,0,42.3454545,-3.6898837,POINT(-3.6898837 42.3454545),,2771,false,false,2026-05-01 22:08:17.353802 UTC,,false,false
ChIJbftAZwD9RQ0RTzopNJxSSbI,Parque infantil,90597,Burgos,"C. José María Codón, 4, 09007 Burgos, España",9007,204,Parque infantil,0.0,,0,0,0,0,0,0,42.3616989,-3.6695432,POINT(-3.6695432 42.3616989),,0,false,false,2026-06-18 20:24:04.457106 UTC,,true,true
ChIJu9oWwRL9RQ0RmpOT2_WPG1k,Parque infantil Plaza Roma,90597,Burgos,"Pl. de Roma, 16, 09007 Burgos, España",9007,204,Parque infantil,4.5,,4,0,0,0,0,0,42.3517433,-3.6681575,POINT(-3.6681575 42.3517433),,1,false,false,2026-06-18 20:24:01.768489 UTC,,true,true
ChIJUzGbMAD9RQ0RtGsgTcmyJ2U,Parque infantil,90597,Burgos,"Gta. Ismael García Rámila, 8, 09007 Burgos, España",9007,204,Parque infantil,0.0,,0,0,0,0,0,0,42.3497881,-3.6630422,POINT(-3.6630422 42.3497881),,1,false,false,2026-06-18 20:24:01.817181 UTC,,true,false
ChIJn5pBoVObTw0RqF_gh6vZEv8,Albergue de peregrinos Andrés Terrazas,92194,Miranda de Ebro,"09200 Miranda de Ebro, Burgos, España",9200,1,Albergue,4.8,,29,24,3,2,0,0,42.6840564,-2.9481091,POINT(-2.9481091 42.6840564),,48,false,false,2026-06-16 01:35:06.316699 UTC,2026-06-15 21:27:43.101623 UTC,true,false
ChIJMYau7qKaTw0R7tWq0WD-DMM,Suite Café,92194,Miranda de Ebro,"Parque Antonio Machado, 6, 09200 Miranda de Ebro, Burgos, España",9200,8,Bar,4.1,,517,225,178,65,19,30,42.6878868,-2.94598,POINT(-2.94598 42.6878868),$,112,false,false,2026-06-16 01:34:08.861474 UTC,2026-06-15 22:42:21.647616 UTC,false,false
ChIJVVUFqaOaTw0RYrMie8Dt44I,Antigua Bodega Riojana,92194,Miranda de Ebro,"C. Ramón y Cajal, 21, 09200 Miranda de Ebro, Burgos, España",9200,8,Bar,4.4,,17,9,6,2,0,0,42.6864239,-2.9448796,POINT(-2.9448796 42.6864239),,8,false,false,2026-05-28 18:43:04.764283 UTC,2026-06-15 21:29:15.531114 UTC,true,false
ChIJ3S_J37uaTw0R-Za5m2wB8bE,Taberna Celta,92194,Miranda de Ebro,"Pl. de España, 3, 09200 Miranda de Ebro, Burgos, España",9200,17,Cafetería,3.8,6.1148700425983407,87,37,25,8,8,9,42.6832522,-2.9521341,POINT(-2.9521341 42.6832522),,42,false,false,2026-05-28 18:42:45.749670 UTC,2026-06-15 22:43:48.580995 UTC,true,false
ChIJfZFAE6OaTw0RiRfIMZjYWws,Alimentacion Mei,92194,Miranda de Ebro,"C. Ramón y Cajal, 7, 09200 Miranda de Ebro, Burgos, España",9200,27,Comercio,5.0,,1,0,0,0,0,0,42.6858141,-2.9460302,POINT(-2.9460302 42.6858141),,1,false,false,2026-06-16 01:34:20.168882 UTC,,true,false
ChIJWXeKw6SaTw0RL0L_X0d9e7k,Pikopan 🥖,92194,Miranda de Ebro,"C. Condado de Treviño, 14, 09200 Miranda de Ebro, Burgos, España",9200,63,Panadería,3.8,,4,2,1,0,0,1,42.6828556,-2.9466006,POINT(-2.9466006 42.6828556),,6,false,false,2026-06-16 01:35:00.809746 UTC,,true,false
ChIJGRnah6CaTw0RScE00EM6T2I,Panadería Migas 🥖,92194,Miranda de Ebro,"Av. República Argentina, 67, 09200 Miranda de Ebro, Burgos, España",9200,63,Panadería,4.4,9.1390650935936719,101,62,26,5,3,5,42.6871292,-2.9384036,POINT(-2.9384036 42.6871292),$,5,false,false,2026-06-16 01:33:11.365928 UTC,2026-06-15 22:32:14.722639 UTC,true,false
ChIJVTSvnA2bTw0RbRAATWF-Of8,Trady Supermercados,92194,Miranda de Ebro,"C. Condado de Treviño, 34, 09200 Miranda de Ebro, Burgos, España",9200,99,Supermercado,4.4,,14,0,0,0,0,0,42.6842315,-2.9441709,POINT(-2.9441709 42.6842315),,23,false,false,2026-06-16 01:32:41.722429 UTC,,false,false
ChIJc0u1w6OaTw0Rmfmx8NMFJ80,Ortopedia Arenal,92194,Miranda de Ebro,"C. Arenal, 80, bajo, 09200 Miranda de Ebro, Burgos, España",9200,109,Tienda de artículos ortopédicos,4.0,,12,9,0,0,0,3,42.68644,-2.94334,POINT(-2.94334 42.68644),,12,false,false,2026-06-16 01:34:31.447666 UTC,,false,false
ChIJY6nLMqOaTw0R2PcjgthU3hg,GUTs Miranda,92194,Miranda de Ebro,"C. Dos de Mayo, 5, 09200 Miranda de Ebro, Burgos, España",9200,124,Tienda de ropa,4.4,,22,16,2,2,0,2,42.6862351,-2.9476444,POINT(-2.9476444 42.6862351),,12,false,false,2026-06-16 01:33:46.221737 UTC,,false,false
ChIJHYQL_6KaTw0REHBmKXdqGf8,Masfiel Moda Hombre,92194,Miranda de Ebro,"C. La Estación, 15, 09200 Miranda de Ebro, Burgos, España",9200,125,Tienda de ropa de hombre,4.7,,59,51,4,1,1,2,42.6873162,-2.9449646,POINT(-2.9449646 42.6873162),,45,false,false,2026-06-16 01:34:31.447576 UTC,,false,false
ChIJO6ftaKOaTw0RSDza_ol7EWs,Esteban Ramírez Angulo,92194,Miranda de Ebro,"C. San Agustín, 13, 09200 Miranda de Ebro, Burgos, España",9200,246,Estanco,4.0,,6,3,2,0,0,1,42.6850487,-2.9462826,POINT(-2.9462826 42.6850487),,1,false,false,2026-06-16 01:34:07.070330 UTC,,true,false
ChIJdbdpUYubTw0RyIhfNip0li8,Punto Pack InPost,92194,Miranda de Ebro,"C. Vitoria, 27, 09200 Miranda de Ebro, Burgos, España",9200,251,Servicio de envíos,4.0,,4,3,0,0,0,1,42.6867392,-2.9500017,POINT(-2.9500017 42.6867392),,1,false,false,2026-06-16 01:35:32.369582 UTC,,false,false
ChIJGQJSj6SaTw0RgeRZDTILCy8,Artemi,92194,Miranda de Ebro,"C. San Agustín, 31, 09200 Miranda de Ebro, Burgos, España",9200,306,Tienda de manualidades y bellas artes,4.6,,44,32,9,2,0,1,42.6839829,-2.9453598,POINT(-2.9453598 42.6839829),,37,false,false,2026-06-16 01:35:21.332800 UTC,,false,false
ChIJpXqNA6GaTw0RPFFSSyGylx0,ART DECOR MIRANDA,92194,Miranda de Ebro,"CDO TREVIÑO, 68, 09200 Miranda de Ebro, Burgos, España",9200,314,Tienda de artículos para pintura,3.8,,4,2,1,0,0,1,42.6869022,-2.9397965,POINT(-2.9397965 42.6869022),,4,false,false,2026-06-16 01:35:14.149070 UTC,,false,false
ChIJwXX98aOaTw0RMO_f3n7c3Fg,Abaredes,92194,Miranda de Ebro,"C. del Río Ebro, 1, 09200 Miranda de Ebro, Burgos, España",9200,324,Diseñador de sitios web,4.6,,5,3,2,0,0,0,42.684458,-2.9475057,POINT(-2.9475057 42.684458),,6,false,false,2026-06-16 01:35:39.726907 UTC,,false,false
ChIJc6O0YaSaTw0RWvs8i-c2YqY,GRAFICAS OVIEDO SC,92194,Miranda de Ebro,"C. San Agustín, 39, 09200 Miranda de Ebro, Burgos, España",9200,329,Imprenta,4.0,,2,0,2,0,0,0,42.6835033,-2.9449519,POINT(-2.9449519 42.6835033),,5,false,false,2026-06-16 01:35:58.433683 UTC,,false,false
ChIJuX0qUbz8RQ0Rdf-meMx0AWY,Bodega Lavaderos,90597,Burgos,,,8,Bar,4.2,,19,0,0,0,0,0,42.3519138,-3.6753063,POINT(-3.6753063 42.3519138),€1-10,3,false,false,2026-05-01 21:58:09.894726 UTC,2026-06-15 23:26:11.205745 UTC,false,false
ChIJzdC8cCn9RQ0RcWyycMwA-xE,Farmacia Aldana,90597,Burgos,,,34,Farmacia,4.8,,27,0,0,0,0,0,42.3467492,-3.7153555,POINT(-3.7153555 42.3467492),,10,false,false,2026-05-07 20:26:46.758852 UTC,,false,false
ChIJE7cioZj8RQ0RKMrdzKdf9Ck,Farmacia Ibáñez Simón,90597,Burgos,,,34,Farmacia,4.4,,7,6,0,0,0,1,42.3549168,-3.6684666,POINT(-3.6684666 42.3549168),,1,false,false,2026-05-07 20:27:26.811466 UTC,,true,false
ChIJg4n10BH9RQ0RjNhL_Anrb_g,FARMACIA POLITÉCNICA - Ldo. Alfonso Sáez Cornejo,90597,Burgos,,,34,Farmacia,5.0,,15,15,0,0,0,0,42.3520297,-3.6905142,POINT(-3.6905142 42.3520297),,4,false,false,2026-05-07 20:27:07.860937 UTC,,false,false
ChIJK0Ng6MT8RQ0R1QhITUfwLQY,Farmacia Vena - Lda Ana González,90597,Burgos,,,34,Farmacia,4.6,,25,0,0,0,0,0,42.3471841,-3.6914276,POINT(-3.6914276 42.3471841),,6,false,false,2026-05-07 20:26:46.758909 UTC,,false,false
ChIJZQ_mLNb8RQ0ReFl4u22QF4c,Farmacia Martínez Peña,90597,Burgos,,,34,Farmacia,4.0,,9,6,1,0,0,2,42.3415401,-3.7025045,POINT(-3.7025045 42.3415401),,1,false,false,2026-05-07 20:26:53.403639 UTC,,true,false
ChIJ7eDk8V79RQ0RuB-NB8JIL2U,Lda. Covadonga Moral Tajadura - Farmacia Pasarela G3,90597,Burgos,,,34,Farmacia,4.9,,46,0,0,0,0,0,42.3597452,-3.6766858,POINT(-3.6766858 42.3597452),,10,false,false,2026-05-07 20:26:46.758525 UTC,,false,false
ChIJM1trOyj9RQ0Ryp_Btp55f5M,Bar Jabato,90597,Burgos,,,73,Restaurante,4.4,,507,312,125,34,8,28,42.3424344,-3.703623,POINT(-3.703623 42.3424344),$$,154,false,false,2026-05-06 11:39:23.166261 UTC,2026-06-15 23:17:22.157442 UTC,false,false
ChIJf1ZM7Xv9RQ0RHfYx-KrEYt4,Cafetería Restaurante Pintor Miró,90597,Burgos,,,73,Restaurante,4.4,,116,0,0,0,0,0,42.3594284,-3.6859188,POINT(-3.6859188 42.3594284),€10-20,161,false,false,2026-05-06 11:39:25.882903 UTC,,false,false
ChIJ6RvK97j8RQ0R9eXLaFXmco8,Superburgos - Las Recetas de Ana,90597,Burgos,,,104,Tienda de alimentación,4.7,,24,0,0,0,0,0,42.3473545,-3.6806992,POINT(-3.6806992 42.3473545),,9,false,false,2026-05-01 21:50:11.958870 UTC,,true,false
ChIJWZXsSvv9RQ0RD3TUrMAtfG8,Óptica San Pablo,90597,Burgos,,,130,Óptica,5.0,,49,0,0,0,0,0,42.3370483,-3.7001343,POINT(-3.7001343 42.3370483),,9,false,false,2026-05-01 22:18:09.002431 UTC,,false,false
ChIJq6qa_irjRQ0RCrEFP65D9F0,Central Óptica Burgalesa,90597,Burgos,,,130,Óptica,4.8,,167,0,0,0,0,0,42.3520985,-3.6677442,POINT(-3.6677442 42.3520985),,20,false,false,2026-05-01 22:18:09.002280 UTC,,false,false
ChIJVzaYYBn9RQ0RC-U1ZN3hUr0,Parque infantil,90597,Burgos,"C. Parque Juan Pablo II, 22, 09006 Burgos, España",9006,204,Parque infantil,3.8,,10,0,0,0,0,0,42.3674688,-3.6662167,POINT(-3.6662167 42.3674688),,3,false,false,2026-06-18 20:24:01.738166 UTC,,true,true
ChIJpRN314r9RQ0RQRWb4SXCa5I,Zona infantil,90597,Burgos,"09006 Burgos, España",9006,204,Parque infantil,4.0,,1,0,1,0,0,0,42.3458083,-3.6856341,POINT(-3.6856341 42.3458083),,1,false,false,2026-06-18 20:24:01.822852 UTC,,true,true
ChIJtV2n1qOaTw0R663ggwByYX8,Ninfa Complementos,92194,Miranda de Ebro,"de, Av. Comuneros de Castilla, 09200 Miranda de Ebro, Burgos, España",9200,27,Comercio,5.0,,3,3,0,0,0,0,42.6877167,-2.9438045,POINT(-2.9438045 42.6877167),,11,false,false,2026-06-16 01:34:39.903536 UTC,,true,false
ChIJkWU2LqKaTw0RDfsmhvuaO1s,Juguettos Miranda de Ebro,92194,Miranda de Ebro,"C. Ramón y Cajal, 45, 09200 Miranda de Ebro, Burgos, España",9200,53,Juguetería,4.0,,182,83,50,28,6,15,42.6875969,-2.9431553,POINT(-2.9431553 42.6875969),,23,false,false,2026-06-16 01:32:45.482400 UTC,,false,false
ChIJmQXjz8OaTw0RHzN52ickvlQ,Euromaster Miranda de Ebro vehículo ligero,92194,Miranda de Ebro,"Ctra. Madrid-Irún, Km. 317-11, 09200 Miranda de Ebro, Burgos, España",9200,102,Taller de reparación de automóviles,4.5,,181,0,0,0,0,0,42.68593,-2.96315,POINT(-2.96315 42.68593),,31,false,false,2026-06-16 01:33:42.542007 UTC,,false,false
ChIJEbMK6byaTw0RSFiPVGmDOHM,Alimentación Tolosana,92194,Miranda de Ebro,"C. Vitoria, 18, 09200 Miranda de Ebro, Burgos, España",9200,104,Tienda de alimentación,4.6,,22,0,0,0,0,0,42.6860357,-2.9489748,POINT(-2.9489748 42.6860357),,34,false,false,2026-06-16 01:33:30.416440 UTC,,false,false
ChIJleTpLqKaTw0R0y-_yec8lTo,Móviles Miranda 📱,92194,Miranda de Ebro,"C. Ramón y Cajal, 36, 09200 Miranda de Ebro, Burgos, España",9200,116,Tienda de electrónica,4.8,,36,33,0,2,1,0,42.6873367,-2.9429579,POINT(-2.9429579 42.6873367),,7,false,false,2026-06-16 01:33:05.691780 UTC,,false,false
ChIJqzfDxMOaTw0RVRhzA2M-cdU,RECACOR MIRANDA DE EBRO,92194,Miranda de Ebro,"Ctra. Madrid-Irún, 15, 09200 Miranda de Ebro, Burgos, España",9200,281,Tienda de neumáticos,4.6,,116,0,0,0,0,0,42.6860761,-2.9625813,POINT(-2.9625813 42.6860761),,14,false,false,2026-06-16 01:33:44.347707 UTC,,false,false
ChIJJaBzTbuaTw0RlRYIah0FJEw,Rafa Pintura Decorativa e Industrial,92194,Miranda de Ebro,"C. Rda. del Ferrocarril, 14, 09200 Miranda de Ebro, Burgos, España",9200,286,Tienda de pinturas,5.0,,1,1,0,0,0,0,42.6839552,-2.9476893,POINT(-2.9476893 42.6839552),,3,false,false,2026-06-16 01:35:06.316725 UTC,,true,false
ChIJmbVmsaOaTw0RYRbtWNt1s9M,Todo Móvil 📱,92194,Miranda de Ebro,"C. Ramón y Cajal, 22, 09200 Miranda de Ebro, Burgos, España",9200,297,Establecimiento de reparación de artículos electrónicos,4.2,,39,24,7,3,0,5,42.6866718,-2.9442241,POINT(-2.9442241 42.6866718),,5,false,false,2026-06-16 01:34:27.773069 UTC,,true,false
ChIJad_sHMrFRQ0RCvvWCnA-Jhc,Restaurante Tiky,91139,Covarrubias,"Pl. de Doña Urraca, 9, 09346 Covarrubias, Burgos, España",9346,73,Restaurante,4.1,7.9540160124163588,1006,0,0,0,0,0,42.0592537,-3.5198135,POINT(-3.5198135 42.0592537),€10-20,1038,false,false,2026-07-02 00:37:34.464515 UTC,2026-07-01 23:05:05.429510 UTC,false,true
ChIJnyk7DYUHRg0RETmlR_yuQ-I,"Cárnicas Isabel Alonso, SL",90597,Burgos,,,19,Carnicería,4.7,,3,0,0,0,0,0,42.3626364,-3.7526346,POINT(-3.7526346 42.3626364),,1,false,false,2026-05-01 21:59:30.728264 UTC,,false,false
ChIJk91o5SrjRQ0RAtj61_zXj5k,"Carnicerías Tajadura, SL",90597,Burgos,,,19,Carnicería,4.5,,12,0,0,0,0,0,42.3325465,-3.7008517,POINT(-3.7008517 42.3325465),,1,false,false,2026-05-01 21:59:30.728272 UTC,,true,false
ChIJVXrlfKH8RQ0RT0o-7g8oq_0,Eride Centro de Estética,90597,Burgos,,,22,Centro de estética,4.6,,240,0,0,0,0,0,42.3520059,-3.6671609,POINT(-3.6671609 42.3520059),,109,false,false,2026-05-01 22:13:32.057254 UTC,,false,false
ChIJPUMdHTv9RQ0RmWjMc8fFfjI,VM Clínica Dental,90597,Burgos,,,24,Clínica dental,4.8,,20,0,0,0,0,0,42.3463702,-3.7148993,POINT(-3.7148993 42.3463702),,8,false,false,2026-05-01 22:14:19.230833 UTC,,false,false
ChIJ5SeHmpj8RQ0R1QIqrE-2LSY,Alimentación Cleto,90597,Burgos,,,27,Comercio,4.3,,12,0,0,0,0,0,42.3555466,-3.669167,POINT(-3.669167 42.3555466),,1,false,false,2026-05-01 21:50:11.958969 UTC,2026-06-15 23:07:02.413754 UTC,true,false
ChIJox75R938RQ0RJCnlAEiC6o0,Ortopedia Alser,90597,Burgos,,,27,Comercio,4.3,,47,35,3,3,0,6,42.3543185,-3.6923765,POINT(-3.6923765 42.3543185),,11,false,false,2026-05-07 20:27:09.232940 UTC,,false,false
ChIJJW8nR5oHRg0RMv_S1SQedAo,Cofares - Burgos,90597,Burgos,,,28,Compañía farmacéutica,1.0,,2,0,0,0,0,0,42.3614207,-3.7570037,POINT(-3.7570037 42.3614207),,16,false,false,2026-05-07 20:27:26.811156 UTC,,false,false
ChIJnzQlxSvjRQ0RRlTRNJaIyUA,Farmacia Parque Europa. Lda Ana Elisa González López,90597,Burgos,,,34,Farmacia,4.5,,20,16,2,0,0,2,42.3300807,-3.6996449,POINT(-3.6996449 42.3300807),,2,false,false,2026-05-07 20:26:46.759051 UTC,,false,false
ChIJv1V3Stb8RQ0RPSEV8J2DP9Q,Farmacia Plaza Mayor,90597,Burgos,,,34,Farmacia,4.3,,89,0,0,0,0,0,42.3414377,-3.7016311,POINT(-3.7016311 42.3414377),,24,false,false,2026-05-07 20:26:46.758480 UTC,,false,false
ChIJ_VPURNf8RQ0RQdnkKHt90UE,Farmacia Marta González de la Fuente,90597,Burgos,,,34,Farmacia,4.6,,12,10,1,0,0,1,42.34364,-3.6987642,POINT(-3.6987642 42.34364),,3,false,false,2026-05-07 20:26:48.259640 UTC,,false,false
ChIJfen-JKYSN0gRtUAyHBZ6DsA,Reda florece,90597,Burgos,,,36,Floristería,5.0,,1,0,0,0,0,0,42.3496383,-3.6952232,POINT(-3.6952232 42.3496383),,1,false,false,2026-05-01 22:02:19.165035 UTC,,false,false
ChIJBXdpfzr9RQ0RyfejozrEvLc,La Colada H3,90597,Burgos,,,55,Lavandería de autoservicio,4.3,,44,0,0,0,0,0,42.3436915,-3.7158142,POINT(-3.7158142 42.3436915),,12,false,false,2026-05-01 22:15:49.323952 UTC,,false,false
ChIJkYPQscL9RQ0RNXoNsMZVnLc,EuroColada,90597,Burgos,,,55,Lavandería de autoservicio,4.5,,22,0,0,0,0,0,42.3451592,-3.6782504,POINT(-3.6782504 42.3451592),,12,false,false,2026-05-01 22:15:49.323916 UTC,,true,false
ChIJxY14OHf9RQ0RhfWRYGY06sM,Donalibros,90597,Burgos,,,56,Librería,5.0,,199,0,0,0,0,0,42.3491985,-3.6762098,POINT(-3.6762098 42.3491985),,25,false,false,2026-05-01 22:03:31.730207 UTC,,false,false
ChIJtTJ-Ec_8RQ0RDaVLnYkzR1w,ART-LANZON35 Estilistas,90597,Burgos,,,67,Peluquería,4.8,,38,0,0,0,0,0,42.3426744,-3.6894766,POINT(-3.6894766 42.3426744),,7,false,false,2026-05-01 22:16:34.308350 UTC,2026-06-15 23:01:37.664263 UTC,true,false
ChIJEWMYYTL9RQ0RyuQDH5l661w,Trivilorio | Raciones y Tapas en Burgos,90597,Burgos,,,73,Restaurante,3.7,,844,306,222,160,65,91,42.3501942,-3.6907762,POINT(-3.6907762 42.3501942),$,123,false,false,2026-05-06 11:39:06.088426 UTC,,false,false
ChIJgc0peUr9RQ0R2uMs7LFYUcU,Alcampo Supermercado,90597,Burgos,,,99,Supermercado,4.1,,103,0,0,0,0,0,42.3439609,-3.6926075,POINT(-3.6926075 42.3439609),,16,false,false,2026-05-01 21:44:12.497447 UTC,2026-06-15 23:04:32.156338 UTC,false,false
ChIJk0TuAQD9RQ0Rgj7fmin2b5c,La Esquinita del Barrio,90597,Burgos,,,104,Tienda de alimentación,4.9,,15,0,0,0,0,0,42.3592981,-3.6655469,POINT(-3.6655469 42.3592981),,34,false,false,2026-05-01 21:52:24.722710 UTC,,true,false
ChIJY2T-ctz8RQ0RTzogpPFxwbk,Tecland | Informática,90597,Burgos,,,118,Tienda de informática,4.3,,117,0,0,0,0,0,42.3518197,-3.6606386,POINT(-3.6606386 42.3518197),,57,false,false,2026-05-01 21:55:40.561472 UTC,,false,false
ChIJxaxWWtT8RQ0RLIYCJSEzr2E,MOBILIARIO KATREX SL,90597,Burgos,,,120,Tienda de muebles,4.7,,139,0,0,0,0,0,42.3372184,-3.6995473,POINT(-3.6995473 42.3372184),,489,false,false,2026-05-01 21:56:51.513248 UTC,,false,false
ChIJa97I7Nv8RQ0RBoOy6vNtc4A,Cuatro Estaciones,90597,Burgos,,,123,Tienda de regalos,4.3,,101,0,0,0,0,0,42.3483091,-3.6965754,POINT(-3.6965754 42.3483091),,24,false,false,2026-05-01 22:10:28.137368 UTC,,false,false
ChIJq6dG-5_9RQ0R4-ajRYzfOOk,Loogo Burgos,90597,Burgos,,,129,Zapatería,4.3,,71,0,0,0,0,0,42.3423184,-3.699838,POINT(-3.699838 42.3423184),,14,false,false,2026-05-01 22:12:35.290416 UTC,,false,false
ChIJyxvdfTf9RQ0RWKxMmer-pl4,Farmacia militar de Burgos,90597,Burgos,,,177,Lugar de interés histórico,3.7,,9,4,2,1,0,2,42.3434066,-3.7203121,POINT(-3.7203121 42.3434066),,2,false,false,2026-05-07 20:26:46.759015 UTC,,true,false
ChIJTYVJ6aX9RQ0RRTf3hUrp65I,Parque infantil,90597,Burgos,"09007 Burgos, España",9007,204,Parque infantil,3.8,,4,0,0,0,0,0,42.3603795,-3.6660525,POINT(-3.6660525 42.3603795),,5,false,false,2026-06-18 20:24:01.783861 UTC,,true,true
ChIJB55BYBT9RQ0RphRWdCMOPGs,Parque infantil Barrio del Pilar,90597,Burgos,"C. José Echegaray, 16, 09001 Burgos, España",9001,204,Parque infantil,4.1,,26,0,0,0,0,0,42.3419003,-3.7399264,POINT(-3.7399264 42.3419003),,7,false,false,2026-06-18 20:24:01.758447 UTC,,true,true
ChIJ-3KGQtH8RQ0Rv8z7azqFOnc,Museo de la Evolución Humana (MEH),90597,Burgos,"P.º Sierra de Atapuerca, S/N, 09002 Burgos, España",9002,330,Museo arqueológico,4.6,9.0407228674527929,13595,0,0,0,0,0,42.3395228,-3.6972367,POINT(-3.6972367 42.3395228),,17361,false,false,2026-06-18 21:12:23.432705 UTC,2026-06-18 22:14:31.012461 UTC,false,true
ChIJ-TswFMrFRQ0RwYEiAR-46ek,Cruceiro Gótico,91139,Covarrubias,"C. de Burgos, 09346 Covarrubias, Burgos, España",9346,167,Escultura,4.4,8.1741270162165165,7,0,0,0,0,0,42.0599629,-3.5194914,POINT(-3.5194914 42.0599629),,26,false,false,2026-07-02 00:44:55.013763 UTC,2026-07-02 00:04:13.294693 UTC,true,false
ChIJqb40l8nFRQ0RzH2CQFj8STo,Ex-Colegiata de San Cosme y San Damián,91139,Covarrubias,"Pl. del Rey Chindasvinto, 3, 09346 Covarrubias, Burgos, España",9346,175,Iglesia,4.5,8.1949450054594,525,345,134,21,5,20,42.0579341,-3.5186619,POINT(-3.5186619 42.0579341),,3247,false,false,2026-07-02 00:53:36.456575 UTC,2026-07-01 23:22:49.076211 UTC,true,false
ChIJTyBOxKGaTw0RZnbtT1Nk0Og,Tasca Tia Gilda,92194,Miranda de Ebro,"C. Ramón y Cajal, 69, 09200 Miranda de Ebro, Burgos, España",9200,8,Bar,4.1,,254,142,63,15,11,23,42.6887536,-2.9410978,POINT(-2.9410978 42.6887536),$,115,false,false,2026-05-28 18:42:42.082999 UTC,2026-06-15 22:44:17.781225 UTC,true,false
ChIJt99DAqSaTw0RMKl7KhwllkU,Café Opera Rigoletto,92194,Miranda de Ebro,"Av. República Argentina, 12, 09200 Miranda de Ebro, Burgos, España",9200,8,Bar,4.1,,247,114,72,36,13,12,42.6841746,-2.9426417,POINT(-2.9426417 42.6841746),$,12,false,false,2026-06-16 01:35:00.809608 UTC,2026-06-15 21:59:00.965444 UTC,false,false
ChIJx0TyEqOaTw0RamqhRnqsuZ4,"Farmacia Lcda. Peña Valbuena, Mercedes",92194,Miranda de Ebro,,,34,Farmacia,4.3,,9,0,0,0,0,0,42.685905,-2.9457472,POINT(-2.9457472 42.685905),,4,false,false,2026-05-07 20:57:47.966161 UTC,2026-06-15 22:12:48.991914 UTC,false,false
ChIJh0aoaZGaTw0RcJTEI86LQbQ,Gasolinera E.Leclerc Miranda,92194,Miranda de Ebro,"Ctra. Bilbao, 62, 09200 Miranda de Ebro, Burgos, España",9200,38,Gasolinera,4.4,,151,101,31,11,1,7,42.6948698,-2.9531472,POINT(-2.9531472 42.6948698),,34,false,false,2026-06-16 01:34:18.358944 UTC,,false,false
ChIJ916i_ROQTw0RMeIk7knnblU,Hotel Abades Vía Norte,92194,Miranda de Ebro,"Camino Fuente Basilio, 14, 09200 Miranda de Ebro, Burgos, España",9200,47,Hotel,4.2,8.8693091713357717,983,474,330,114,25,40,42.686899,-2.9618517,POINT(-2.9618517 42.686899),$50,398,false,false,2026-05-28 18:43:23.394216 UTC,2026-06-15 22:18:24.713526 UTC,false,false
ChIJr1VB5XCbTw0RhujxuqRFLq8,Ankara doner kabab Restaurante,92194,Miranda de Ebro,"C. Ramón y Cajal, 6, 09200 Miranda de Ebro, Burgos, España",9200,73,Restaurante,4.4,,212,158,24,6,2,22,42.685384,-2.9461472,POINT(-2.9461472 42.685384),,334,false,false,2026-05-28 18:42:42.082378 UTC,2026-06-15 21:29:00.236424 UTC,false,false
ChIJi29d4aGaTw0RsN-UayXy9M8,Riofrancos,92194,Miranda de Ebro,"C. La Estación, 78, 09200 Miranda de Ebro, Burgos, España",9200,115,Tienda de electrodomésticos,4.5,,159,117,23,7,7,5,42.6892667,-2.9413885,POINT(-2.9413885 42.6892667),,19,false,false,2026-06-16 01:32:43.637016 UTC,,false,false
ChIJjxWsN6OaTw0RDD14nPo5sro,Calzados Juan Cruz,92194,Miranda de Ebro,"C. San Agustín, 3, 09200 Miranda de Ebro, Burgos, España",9200,129,Zapatería,4.0,,2,1,0,1,0,0,42.685822,-2.946993,POINT(-2.946993 42.685822),,1,false,false,2026-06-16 01:35:00.808544 UTC,,true,false
ChIJV_BZ46OaTw0RiKx8IipIls4,Estanco Tabacos,92194,Miranda de Ebro,"C. Condado de Treviño, 33, 09200 Miranda de Ebro, Burgos, España",9200,246,Estanco,4.0,,2,1,0,1,0,0,42.6852649,-2.9429302,POINT(-2.9429302 42.6852649),,1,false,false,2026-06-16 01:34:50.973670 UTC,,true,false
ChIJ3be03DybTw0RWjqeQv86Xl8,Punto Pack InPost,92194,Miranda de Ebro,"C. San Agustín, 25, 09200 Miranda de Ebro, Burgos, España",9200,251,Servicio de envíos,0.0,,0,0,0,0,0,0,42.6844467,-2.9457892,POINT(-2.9457892 42.6844467),,1,true,false,2026-06-16 01:35:41.515576 UTC,,false,false
ChIJrWtjhj-bTw0R1s-6EYm2HHk,Quiosco de prensa y otros,92194,Miranda de Ebro,"C. Real Allende, 19, 09200 Miranda de Ebro, Burgos, España",9200,294,Quiosco,4.3,,9,6,2,0,0,1,42.6844979,-2.9493637,POINT(-2.9493637 42.6844979),,6,false,false,2026-06-16 01:34:45.367680 UTC,,true,false
ChIJkXjUQaCaTw0RJGTrM89JR_s,Textiles Nerea,92194,Miranda de Ebro,"C. Logroño, 31, 09200 Miranda de Ebro, Burgos, España",9200,328,Tienda de telas,2.6,,29,6,5,3,1,14,42.6881923,-2.9388422,POINT(-2.9388422 42.6881923),,1,true,false,2026-06-16 01:35:58.433796 UTC,,false,false
ChIJGcmPBhObRQ0RunpPeN9mhS8,Panadería Pastelería Alarcia,92740,Pradoluengo,"C. Mariano Santos, 30, 09260 Pradoluengo, Burgos, España",9260,63,Panadería,4.7,,23,0,0,0,0,0,42.3228057,-3.2002721,POINT(-3.2002721 42.3228057),€1-10,9,false,false,2026-05-31 02:55:52.629119 UTC,2026-06-15 20:31:33.740262 UTC,false,false
ChIJbRR1SqNJRA0RAkZRUTGqfi0,"BODEGAS CORUÑA DEL CONDE, S.L.",91123,Coruña del Conde,"C. San Juan, 3, 09410 Coruña del Conde, Burgos, España",9410,15,Bodega,4.8,,29,25,3,0,0,1,41.7655332,-3.3900521,POINT(-3.3900521 41.7655332),,30,false,false,2026-05-20 01:53:36.631909 UTC,2026-06-15 19:32:09.779695 UTC,false,false
ChIJN2yZ2dTiRQ0R8pqdmrqBBak,La Taberna de Conrad,90597,Burgos,,,9,Bar de tapas,4.4,,277,169,67,22,13,6,42.3333861,-3.7057041,POINT(-3.7057041 42.3333861),$,24,false,false,2026-05-06 11:39:25.883002 UTC,,true,false
ChIJ-bLLDSrjRQ0R9Vv-3TWk7Fg,Bar Ávila,90597,Burgos,,,9,Bar de tapas,4.6,9.4285911920014769,380,0,0,0,0,0,42.3313477,-3.7030133,POINT(-3.7030133 42.3313477),€1-10,49,false,false,2026-05-06 11:39:06.088393 UTC,2026-06-15 23:22:09.796018 UTC,false,false
ChIJednD26T8RQ0RzyVy2gziPOs,Restaurante La Canaleja,90597,Burgos,,,10,Bar restaurante,4.2,,188,105,47,18,8,10,42.34866,-3.6764258,POINT(-3.6764258 42.34866),$,79,false,false,2026-05-06 11:38:43.598827 UTC,,false,false
ChIJ6W4ClCrjRQ0RzB19_4rDrlo,Café San Agustín,90597,Burgos,,,17,Cafetería,4.2,,463,226,138,72,14,13,42.3326548,-3.7021897,POINT(-3.7021897 42.3326548),$,26,false,false,2026-05-06 11:39:38.612093 UTC,,false,false
ChIJcycL1ar9RQ0RcUmziPocAUI,Farmacia Comuneros,90597,Burgos,,,34,Farmacia,3.8,,16,0,0,0,0,0,42.3507357,-3.6844137,POINT(-3.6844137 42.3507357),,9,false,false,2026-05-07 20:26:46.758751 UTC,,false,false
ChIJodSOacP8RQ0R4N46gMaWyNo,Farmacia Lda. Carmen Domingo,90597,Burgos,,,34,Farmacia,4.4,,9,7,1,0,0,1,42.3502418,-3.691377,POINT(-3.691377 42.3502418),,2,false,false,2026-05-07 20:26:53.403540 UTC,,true,false
ChIJl47BetD8RQ0Ryy6Vqq4-e0o,Floristería Palmero,90597,Burgos,,,36,Floristería,4.3,,91,0,0,0,0,0,42.3440306,-3.6948547,POINT(-3.6948547 42.3440306),,29,false,false,2026-05-01 22:02:19.164849 UTC,,false,false
ChIJhZzhqb_9RQ0RVR84VRk5rO0,Entre Pétalos,90597,Burgos,,,36,Floristería,5.0,,1,0,0,0,0,0,42.344281,-3.7128263,POINT(-3.7128263 42.344281),,1,false,false,2026-05-01 22:02:19.164981 UTC,,false,false
ChIJfdKmQbn8RQ0RgT1yauYdyEU,Papa Johns Pizza,90597,Burgos,,,70,Pizzería,3.4,,771,309,146,78,45,193,42.3486571,-3.678602,POINT(-3.678602 42.3486571),$,262,false,false,2026-05-06 11:38:57.570301 UTC,,false,false
ChIJJ9T6hNP8RQ0RKug9gPFo5Hc,Alcampo,90597,Burgos,,,99,Supermercado,3.4,3.0688113132491708,230,0,0,0,0,0,42.3373719,-3.6973513,POINT(-3.6973513 42.3373719),,62,false,false,2026-05-01 21:42:28.614120 UTC,2026-06-15 23:04:16.953653 UTC,false,false
ChIJ_fGCjtr8RQ0RNUc-fIMGWus,Ortopedia Lanchares,90597,Burgos,,,109,Tienda de artículos ortopédicos,4.6,,35,28,4,0,2,1,42.3537597,-3.692195,POINT(-3.692195 42.3537597),,15,false,false,2026-05-07 20:27:03.708148 UTC,,true,false
ChIJgymTP6D8RQ0RihzpPJrQYM8,Muebles Rafa,90597,Burgos,,,120,Tienda de muebles,4.2,,85,0,0,0,0,0,42.3540253,-3.6635223,POINT(-3.6635223 42.3540253),,7,false,false,2026-05-01 21:56:51.513255 UTC,,false,false
ChIJKQW93MX8RQ0RMQs2l9Ex1T4,Muebles Evelio,90597,Burgos,,,120,Tienda de muebles,4.1,,441,0,0,0,0,0,42.3459166,-3.6883294,POINT(-3.6883294 42.3459166),,279,false,false,2026-05-01 21:56:51.513217 UTC,,false,false
ChIJQ8Un9dn8RQ0R4UHje18Cxck,La Zapatillería,90597,Burgos,,,129,Zapatería,4.9,,21,0,0,0,0,0,42.3453984,-3.6979028,POINT(-3.6979028 42.3453984),,7,false,false,2026-05-01 22:12:35.290321 UTC,,true,false
ChIJc-JINNf8RQ0RmjbloOewoxE,Centro Óptico San Juan,90597,Burgos,,,130,Óptica,4.9,,65,0,0,0,0,0,42.3428233,-3.6985099,POINT(-3.6985099 42.3428233),,51,false,false,2026-05-01 22:18:09.002463 UTC,,false,false
ChIJGb_ewtb8RQ0R8AFg6MWR8eY,General Optica - Visión y Audición,90597,Burgos,,,130,Óptica,4.6,,351,0,0,0,0,0,42.3412411,-3.6991387,POINT(-3.6991387 42.3412411),,36,false,false,2026-05-01 22:18:09.002310 UTC,,false,false
ChIJO6vohXT9RQ0R6hocUa_tuBA,Parque infantil Los andaluces,90597,Burgos,"Cam. Andaluces, 17, 09007 Burgos, España",9007,204,Parque infantil,3.0,,1,0,0,1,0,0,42.3593025,-3.663463,POINT(-3.663463 42.3593025),,1,false,false,2026-06-18 20:24:01.854972 UTC,,true,true
ChIJ8_w0Gi39RQ0RCGZAI9w8lqI,Parque Infantil San Bruno,90597,Burgos,"Pl. San Bruno, 15, 09007 Burgos, España",9007,204,Parque infantil,4.5,,2,0,0,0,0,0,42.3505071,-3.6721534,POINT(-3.6721534 42.3505071),,1,false,false,2026-06-18 20:24:01.772279 UTC,,true,true
ChIJB7nzScX8RQ0RMsYb28uY8Uk,Parque Infantil Virgen del Manzano,90597,Burgos,"Parque Virgen del Manzano, 09005 Burgos, España",9005,204,Parque infantil,4.3,,84,0,0,0,0,0,42.3462692,-3.6929023,POINT(-3.6929023 42.3462692),,34,false,false,2026-06-18 20:24:01.728913 UTC,,true,true
ChIJdaBsoev8RQ0R-4fJ6_QT6W8,Parque Infantil Entrerríos,90597,Burgos,"09006 Burgos, España",9006,204,Parque infantil,4.4,,95,0,0,0,0,0,42.3581327,-3.6854269,POINT(-3.6854269 42.3581327),,37,false,false,2026-06-18 20:24:01.725738 UTC,,true,true
ChIJeaTWRQCbTw0RnH7ct2RmIDY,TAT&DAN&CAM&,92194,Miranda de Ebro,"C. Ramón y Cajal, 28, 09200 Miranda de Ebro, Burgos, España",9200,8,Bar,5.0,9.93226558319293,1,1,0,0,0,0,42.6869131,-2.943826,POINT(-2.943826 42.6869131),,7,false,false,2026-05-28 18:43:06.580954 UTC,2026-06-15 22:42:55.892280 UTC,true,false
ChIJU7I1K6eaTw0RdJHeqjMo5oY,Bar La Galería,92194,Miranda de Ebro,"C. Cdad. de Vierzon, 20, 09200 Miranda de Ebro, Burgos, España",9200,8,Bar,4.4,,925,559,252,68,22,24,42.6846835,-2.9399566,POINT(-2.9399566 42.6846835),$,81,false,false,2026-05-28 18:42:47.863334 UTC,2026-06-15 21:40:17.663686 UTC,false,false
ChIJlxI9e5-aTw0RPCZ3yti56TI,Bar Bilbao,92194,Miranda de Ebro,"C. La Estación, 90, 09200 Miranda de Ebro, Burgos, España",9200,8,Bar,4.4,,363,215,94,39,3,12,42.6899072,-2.9405755,POINT(-2.9405755 42.6899072),$,49,false,false,2026-05-28 18:42:42.083389 UTC,2026-06-15 21:35:13.105729 UTC,true,false
ChIJbcmeCqOaTw0Ro_u1FbntL2A,Meraki Lounge Bar,92194,Miranda de Ebro,"Calle Francisco Cantera, 11, 09200 Miranda de Ebro, Burgos, España",9200,8,Bar,4.3,,447,246,132,46,10,13,42.6858432,-2.945086,POINT(-2.945086 42.6858432),$,162,false,false,2026-05-28 18:42:43.943696 UTC,2026-06-15 22:28:40.538626 UTC,false,false
ChIJm9REbZObTw0RqyZLeux05R8,Bar Casablanca,92194,Miranda de Ebro,"Av. Comuneros de Castilla, 6, 09200 Miranda de Ebro, Burgos, España",9200,9,Bar de tapas,4.1,,49,29,9,5,1,5,42.6873687,-2.9437566,POINT(-2.9437566 42.6873687),,33,false,false,2026-05-28 18:42:42.082605 UTC,2026-06-15 21:36:18.514486 UTC,false,false
ChIJRfZpXqOaTw0RN7KE07eDBMQ,Cafetería Scala,92194,Miranda de Ebro,"C. Arenal, 45, 09200 Miranda de Ebro, Burgos, España",9200,17,Cafetería,4.4,,227,138,64,15,7,3,42.68473,-2.9464151,POINT(-2.9464151 42.68473),$,43,false,false,2026-05-28 18:42:42.082527 UTC,2026-06-15 21:55:07.289272 UTC,false,false
ChIJ9XjmYbmaTw0RbO80SnNQXCs,Pensión La Picota,92194,Miranda de Ebro,"C. de la Fuente, 12, 09200 Miranda de Ebro, Burgos, España",9200,68,Pensión,3.3,,19,6,3,4,2,4,42.6827624,-2.9524937,POINT(-2.9524937 42.6827624),,48,false,false,2026-05-28 18:42:47.863129 UTC,2026-06-15 22:33:42.014752 UTC,false,false
ChIJq110kqGaTw0RMTXpchBYE1U,ESTAMBUL KEBAB PIZZERÍA,92194,Miranda de Ebro,"C. Ramón y Cajal, 50, bajo, 09200 Miranda de Ebro, Burgos, España",9200,73,Restaurante,4.7,6.1154501416354572,1135,981,70,30,14,40,42.6880559,-2.9419734,POINT(-2.9419734 42.6880559),$,281,false,false,2026-05-28 18:42:42.082355 UTC,2026-06-15 22:08:52.557747 UTC,false,false
ChIJu7TeH8qbTw0RJe4jKoocN7g,La tienda de Beatriz,92194,Miranda de Ebro,"C. Logroño, 22, 09200 Miranda de Ebro, Burgos, España",9200,104,Tienda de alimentación,4.9,,16,15,1,0,0,0,42.6880938,-2.9390269,POINT(-2.9390269 42.6880938),,2,false,false,2026-06-16 01:33:30.416418 UTC,,true,false
ChIJ9-diqqOaTw0RGIRsdkWVhzs,Chic,92194,Miranda de Ebro,"C. del Cid, 7, 09200 Miranda de Ebro, Burgos, España",9200,123,Tienda de regalos,4.7,,6,5,0,1,0,0,42.6864992,-2.9443135,POINT(-2.9443135 42.6864992),,29,false,false,2026-06-16 01:34:43.596469 UTC,,true,false
ChIJo7m6G6OaTw0Rmkr5cqRa4Uo,CD Mirandés Official Store,92194,Miranda de Ebro,"Calle Francisco Cantera, 1, 09200 Miranda de Ebro, Burgos, España",9200,262,Tienda de deportes,4.5,,79,54,17,5,1,2,42.6865382,-2.9458906,POINT(-2.9458906 42.6865382),,54,false,false,2026-06-16 01:32:45.482242 UTC,,false,false
ChIJhWBejPibTw0Rlla7mz6j0hk,HG SAT PRO,92194,Miranda de Ebro,"C. Alfonso VI, 28, Izq, 09200 Miranda de Ebro, Burgos, España",9200,292,Servicio de reparación de electrodomésticos,3.0,,8,4,0,0,0,4,42.6843055,-2.9455445,POINT(-2.9455445 42.6843055),,2,false,false,2026-06-16 01:34:18.358809 UTC,,false,false
ChIJJfF0YKCaTw0R48ir39jNzDM,Gran Turismo - Compra y venta de Coches,92194,Miranda de Ebro,"C. Alfonso VI, N°13, 09200 Miranda de Ebro, Burgos, España",9200,309,Concesionario de automóviles,4.0,,4,3,0,0,0,1,42.6839021,-2.9465708,POINT(-2.9465708 42.6839021),,6,false,false,2026-06-16 01:35:04.490523 UTC,,false,false
ChIJ05nA3iabTw0R8gc2hUns3MI,LaDeMiranda TV,92194,Miranda de Ebro,"C. del Cid, 2, 09200 Miranda de Ebro, Burgos, España",9200,323,Empresa de medios de comunicación,0.0,,0,0,0,0,0,0,42.6868859,-2.9451499,POINT(-2.9451499 42.6868859),,0,false,false,2026-06-16 01:35:37.740791 UTC,,false,false
ChIJ7aTFIQCbRQ0Rs7uXlOsTtnI,"Mural ""Tejiendo Historias""",92740,Pradoluengo,"C. Sagrada Familia, 1, 09260 Pradoluengo, Burgos, España",9260,146,Atracción turística,0.0,,0,0,0,0,0,0,42.3246128,-3.2031195,POINT(-3.2031195 42.3246128),,1,false,false,2026-05-31 02:59:20.232248 UTC,2026-06-15 20:29:07.447508 UTC,true,false
ChIJ742hqgf9RQ0R2qW75j68sto,carniceria mundo halal,90597,Burgos,,,19,Carnicería,5.0,,1,0,0,0,0,0,42.3387208,-3.7026776,POINT(-3.7026776 42.3387208),,23,false,false,2026-05-01 21:59:30.728246 UTC,,false,false
ChIJjyrDQTD9RQ0RNAwcFHuxzCQ,Carnicería Hermanos Arribas,90597,Burgos,,,19,Carnicería,4.6,,19,0,0,0,0,0,42.3423341,-3.7145461,POINT(-3.7145461 42.3423341),,2,false,false,2026-05-01 21:59:30.728350 UTC,,true,false
ChIJi0Z8TCvjRQ0RzDjRPg7L9B0,Cervecería Salas 7,90597,Burgos,,,23,Cervecería,4.5,,868,567,205,51,18,27,42.3341782,-3.6987406,POINT(-3.6987406 42.3341782),$,598,false,false,2026-05-06 11:39:25.883232 UTC,,false,false
ChIJg_I846L8RQ0RnNemM_jMW9w,Clínica BUQUO Centro,90597,Burgos,,,30,Dentista,4.9,,726,0,0,0,0,0,42.3386396,-3.7024317,POINT(-3.7024317 42.3386396),,19,false,false,2026-05-01 22:14:19.230660 UTC,,false,false
ChIJKSBx-8X8RQ0RELu6FXi7fUo,Farmacia José Eloy González Díez,90597,Burgos,,,34,Farmacia,4.9,,13,12,1,0,0,0,42.3449055,-3.6881923,POINT(-3.6881923 42.3449055),,13,false,false,2026-05-07 20:26:49.738443 UTC,,true,false
ChIJQUkCP9n8RQ0RKs-fs8jrjH8,Farmacia Llarena (Ldo. Rodrigo Llarena Peña),90597,Burgos,,,34,Farmacia,4.6,,15,12,2,0,0,1,42.3481947,-3.6997391,POINT(-3.6997391 42.3481947),,10,false,false,2026-05-07 20:26:53.403578 UTC,,false,false
ChIJ_xzImMf8RQ0Rfo7_UdTOeWA,Farmacia Mayte Orive Sadornil,90597,Burgos,,,34,Farmacia,4.3,,23,17,2,1,1,2,42.3467965,-3.6833776,POINT(-3.6833776 42.3467965),,3,false,false,2026-05-07 20:26:46.759142 UTC,,false,false
ChIJT0spKCr9RQ0RamsKa_ZC3zE,Castilla Floristería,90597,Burgos,,,36,Floristería,4.2,,180,0,0,0,0,0,42.3392223,-3.7049273,POINT(-3.7049273 42.3392223),,79,false,false,2026-05-01 22:02:19.164792 UTC,,false,false
ChIJIS-S0pn8RQ0R2TGK8hWv1jw,Herboristería El Manantial,90597,Burgos,,,62,Nutricionista,4.9,,12,11,1,0,0,0,42.355618,-3.6761516,POINT(-3.6761516 42.355618),,7,false,false,2026-05-07 20:27:24.030264 UTC,,false,false
ChIJZwqH69f8RQ0Rb0en4TVh5P4,La Boca del Lobo,90597,Burgos,,,73,Restaurante,4.4,,2780,0,0,0,0,0,42.3431542,-3.7017605,POINT(-3.7017605 42.3431542),€10-20,1646,false,false,2026-05-06 11:38:59.306935 UTC,,true,false
ChIJ4zgnGir9RQ0RcTJLiIJ63Tw,Restaurante Palacio de la Merced,90597,Burgos,,,76,Restaurante de alta cocina,4.4,,32,23,5,0,3,1,42.338503,-3.7038036,POINT(-3.7038036 42.338503),,41,false,false,2026-05-06 11:39:25.883041 UTC,,false,false
ChIJdaabQS39RQ0RxpGQvBdCB2w,Mercadona,90597,Burgos,,,99,Supermercado,4.1,,2459,0,0,0,0,0,42.334757,-3.7120314,POINT(-3.7120314 42.334757),,91,false,false,2026-05-01 21:44:12.497408 UTC,,false,false
ChIJg0E8g579RQ0RQhLO6-Vg7zc,Alcampo Supermercado,90597,Burgos,,,99,Supermercado,3.2,,30,0,0,0,0,0,42.3504907,-3.684679,POINT(-3.684679 42.3504907),,22,false,false,2026-05-01 21:50:11.959087 UTC,2026-06-15 23:05:23.622254 UTC,false,false
ChIJAQAAAGz7RQ0Rrld6_oHy9qw,Aram Motor,90597,Burgos,,,101,Taller de automóviles,4.9,9.806765147484839,29,0,0,0,0,0,42.3523899,-3.6609233,POINT(-3.6609233 42.3523899),,50,false,false,2026-05-01 22:17:25.938353 UTC,2026-06-15 23:10:49.269812 UTC,false,false
ChIJs7XRmpkHRg0RKzWNrpS11DA,EL OBRADOR ARTESANO,90597,Burgos,,,108,Tienda de artesanías,4.6,,21,0,0,0,0,0,42.36362,-3.759602,POINT(-3.759602 42.36362),,1,false,false,2026-05-01 22:06:06.588851 UTC,,true,false
ChIJMel3CQ79RQ0Rq3xfPJ9oZcU,En Boga - Tienda de regalos,90597,Burgos,,,123,Tienda de regalos,5.0,,15,0,0,0,0,0,42.3527474,-3.6762612,POINT(-3.6762612 42.3527474),,32,false,false,2026-05-01 22:10:28.137179 UTC,,false,false
ChIJ2xKNmSrjRQ0RiNDiCCru5yg,Regalos Jimena,90597,Burgos,,,123,Tienda de regalos,4.7,,109,0,0,0,0,0,42.3327915,-3.7017659,POINT(-3.7017659 42.3327915),,56,false,false,2026-05-01 22:10:28.137256 UTC,,false,false
ChIJoTi-Adr8RQ0RNil-CKy93wc,Central Óptica Burgalesa,90597,Burgos,,,130,Óptica,5.0,,52,0,0,0,0,0,42.3444826,-3.6978213,POINT(-3.6978213 42.3444826),,46,false,false,2026-05-01 22:18:09.002220 UTC,,false,false
ChIJIzC6bzH9RQ0R1pr71MliYdI,Saltimban-Kid - Parque de Ocio en Burgos,90597,Burgos,"Av. Palencia, 33, 09001 Burgos, España",9001,204,Parque infantil,4.0,,450,0,0,0,0,0,42.3394267,-3.7163231,POINT(-3.7163231 42.3394267),,103,false,false,2026-06-18 20:24:01.727587 UTC,,false,true
ChIJocnUdAD9RQ0Re7wYcsIordA,Parque infantil Origen,90597,Burgos,"C. Candelas, 2, 09007 Burgos, España",9007,204,Parque infantil,5.0,,1,0,0,0,0,0,42.3546422,-3.6664141,POINT(-3.6664141 42.3546422),,1,false,false,2026-06-18 20:24:01.736572 UTC,,true,false
ChIJr0MlJ7H9RQ0RTfx-ToHBbto,Zona infantil Parque de la Luz,90597,Burgos,"09006 Burgos, España",9006,204,Parque infantil,4.0,,2,1,0,1,0,0,42.3591596,-3.678537,POINT(-3.678537 42.3591596),,10,false,false,2026-06-18 20:24:01.854085 UTC,,true,true
ChIJXU1hF8rFRQ0RwP4yMAKN8IA,Biblioteca Pública Municipal,91139,Covarrubias,"Av. de Victor Barbadillo, 3, 09346 Covarrubias, Burgos, España",9346,149,Biblioteca,5.0,9.7276067469889913,5,5,0,0,0,0,42.0605098,-3.5189271,POINT(-3.5189271 42.0605098),,10,false,false,2026-07-02 00:48:21.983912 UTC,2026-07-02 00:05:13.731771 UTC,false,true
ChIJRd1UM93FRQ0RR8X0T6U4gRs,Piscinas Camping,91139,Covarrubias,"Unnamed Road, 09346 Covarrubias, Burgos, España",9346,190,Piscinas,2.8,3.149395675805863,6,2,1,0,0,3,42.0588417,-3.5136539,POINT(-3.5136539 42.0588417),,6,true,false,2026-07-02 00:54:45.736719 UTC,2026-07-02 00:04:33.719729 UTC,true,false
ChIJQXEsY1abTw0RApR2feU93VM,Bar Harlem,92194,Miranda de Ebro,"C. la Reja, 7, 09200 Miranda de Ebro, Burgos, España",9200,8,Bar,4.8,,5,4,1,0,0,0,42.6847106,-2.9498987,POINT(-2.9498987 42.6847106),,6,false,false,2026-06-16 01:29:48.168170 UTC,2026-06-15 21:39:07.297881 UTC,true,false
ChIJGdQ43buaTw0RmjL1y4w0zQU,Tómbola Gastro Bar,92194,Miranda de Ebro,"Pl. de España, 11, 09200 Miranda de Ebro, Burgos, España",9200,10,Bar restaurante,4.0,6.2356656119421441,1079,503,300,121,45,110,42.683084,-2.952519,POINT(-2.952519 42.683084),€10-20,665,false,false,2026-06-16 01:29:48.168079 UTC,2026-06-15 22:46:26.834612 UTC,false,false
ChIJI0mDYEebTw0ROf7mBwDmIZI,VOILÀ Cafetería&Restautante,92194,Miranda de Ebro,"Arrabal Sue I/t las California, 263, 09200 Miranda de Ebro, Burgos, España",9200,10,Bar restaurante,4.2,4.1421729731373489,172,0,0,0,0,0,42.6947278,-2.9521851,POINT(-2.9521851 42.6947278),€10-20,176,false,false,2026-05-28 18:43:08.381678 UTC,2026-06-15 22:47:28.680773 UTC,false,false
ChIJ9SR-YsGbTw0RNAFSuOKKNsY,.,92194,Miranda de Ebro,"C. Concepción Arenal, 22, 09200 Miranda de Ebro, Burgos, España",9200,73,Restaurante,4.5,,2,1,1,0,0,0,42.6875079,-2.940919,POINT(-2.940919 42.6875079),,25,false,false,2026-05-28 18:42:42.082627 UTC,2026-06-04 19:21:39.346997 UTC,false,false
ChIJw_OikT6RTw0RSMiEqwmEt84,Lupa Supermercados,92194,Miranda de Ebro,"C. Rda. del Ferrocarril, 09200 Miranda de Ebro, Burgos, España",9200,99,Supermercado,4.2,,320,0,0,0,0,0,42.6863971,-2.9316986,POINT(-2.9316986 42.6863971),,31,false,false,2026-06-16 01:32:39.735597 UTC,,false,false
ChIJq6r2V7yaTw0RRxbxIAhvnrs,Carniceria Valentin,92194,Miranda de Ebro,"C. Benito Pérez Galdós, 13, 09200 Miranda de Ebro, Burgos, España",9200,104,Tienda de alimentación,0.0,,0,0,0,0,0,0,42.686303,-2.950176,POINT(-2.950176 42.686303),,1,false,false,2026-06-16 01:35:32.369603 UTC,,true,false
ChIJ29cJnKORTw0RXzdLrYU11oc,ALIMENTACIÓN MAXI,92194,Miranda de Ebro,"C. del Clavel, 10, 09200 Miranda de Ebro, Burgos, España",9200,104,Tienda de alimentación,4.9,,10,0,0,0,0,0,42.6891052,-2.9371641,POINT(-2.9371641 42.6891052),,3,false,false,2026-06-16 01:34:20.168849 UTC,,false,false
ChIJ27opoVabTw0RkIgmNxfWNZU,Global Hombre,92194,Miranda de Ebro,"Av. Comuneros de Castilla, 8, 09200 Miranda de Ebro, Burgos, España",9200,125,Tienda de ropa de hombre,5.0,,9,9,0,0,0,0,42.6875137,-2.9436852,POINT(-2.9436852 42.6875137),,4,false,false,2026-06-16 01:34:43.596629 UTC,,false,false
ChIJC3MDEaGaTw0Rxpdp7-JgBRU,Zootécnica Mirandesa,92194,Miranda de Ebro,"C. Condado de Treviño, 73, A, 09200 Miranda de Ebro, Burgos, España",9200,269,Tienda de animales,4.5,,59,44,7,5,0,3,42.6870967,-2.9399037,POINT(-2.9399037 42.6870967),,54,false,false,2026-06-16 01:33:05.691673 UTC,,false,false
ChIJES5W3EybTw0R7iAYO-VB3kE,Reforma y Restauraciones ALAVA,92194,Miranda de Ebro,"C. Carretas, 7, 09200 Miranda de Ebro, Burgos, España",9200,305,Contratista general,5.0,,2,2,0,0,0,0,42.6844677,-2.950274,POINT(-2.950274 42.6844677),,1,false,false,2026-06-16 01:34:48.997986 UTC,,false,false
ChIJLy_-dBSbRQ0RuGQGPD-Kvz4,CFARMACIA,92740,Pradoluengo,"C. San Roque, 1, 09260 Pradoluengo, Burgos, España",9260,34,Farmacia,0.0,,0,0,0,0,0,0,42.3248408,-3.2016747,POINT(-3.2016747 42.3248408),,1,false,false,2026-05-31 02:48:51.429265 UTC,2026-06-15 20:17:01.023016 UTC,true,false
ChIJaakWDHWbRQ0R1c_4prC0YQI,Demanda de Cuchara,92740,Pradoluengo,"Mercado Municipal, puestos 1-2, 09260 Pradoluengo, Burgos, España",9260,80,Restaurante de comida para llevar,0.0,,0,0,0,0,0,0,42.3240843,-3.201192,POINT(-3.201192 42.3240843),,1,false,false,2026-05-31 02:54:33.920322 UTC,2026-06-15 20:22:58.519013 UTC,false,false
ChIJYSZr_7XFRQ0RHx1TFwTgn4I,Hotel rural Princesa Kristina,91139,Covarrubias,"C. del Conde Fernán-González, 8, 09346 Covarrubias, Burgos, España",9346,47,Hotel,4.5,8.5875716991722584,245,0,0,0,0,0,42.0591206,-3.5206573,POINT(-3.5206573 42.0591206),70,418,false,false,2026-07-02 00:35:47.674357 UTC,2026-07-01 23:37:19.939752 UTC,false,false
ChIJcw89_8nFRQ0Rpo8lbnHEEwU,Casa rural (alquiler íntegro) Las Mamblas para 8 personas,91139,Covarrubias,"09346 Covarrubias, Burgos, España",9346,228,Casa de campo,4.9437504,,32,0,0,0,0,0,42.0588608,-3.5203199,POINT(-3.5203199 42.0588608),191,110,false,false,2026-07-02 00:35:11.488469 UTC,2026-07-01 23:56:24.018306 UTC,false,false
ChIJK673sNf8RQ0R-urfX9W35Tg,Bar el Descorche,90597,Burgos,,,8,Bar,4.1,6.576521054841578,393,179,131,56,7,20,42.3421737,-3.7011624,POINT(-3.7011624 42.3421737),$,68,false,false,2026-05-06 11:39:23.166389 UTC,2026-06-15 23:20:40.454957 UTC,false,false
ChIJSwjzudf8RQ0R_YbmClvhKtg,La Lorencita,90597,Burgos,,,9,Bar de tapas,3.9,,512,224,146,75,26,41,42.3423727,-3.7014335,POINT(-3.7014335 42.3423727),,502,false,false,2026-05-06 11:39:20.455910 UTC,,false,false
ChIJ2xJ-CdL8RQ0RPp3Lgnglbkg,Peña San Juan del Monte,90597,Burgos,,,9,Bar de tapas,4.4,,153,94,35,18,4,2,42.3386167,-3.6928306,POINT(-3.6928306 42.3386167),$,30,false,false,2026-05-06 11:39:38.612167 UTC,,false,false
ChIJdy7tDND8RQ0RSITD6epqgYU,Charlotte Burgos,90597,Burgos,,,17,Cafetería,4.1,,1195,631,312,126,46,80,42.3439825,-3.6939633,POINT(-3.6939633 42.3439825),$,163,false,false,2026-05-06 11:39:21.810395 UTC,,false,false
ChIJWwYXp9r8RQ0RNE9uWFqp4JM,Clínica Dental Montes,90597,Burgos,,,24,Clínica dental,4.6,,50,0,0,0,0,0,42.3440759,-3.6947035,POINT(-3.6947035 42.3440759),,32,false,false,2026-05-01 22:14:19.230750 UTC,,false,false
ChIJCero4Sn9RQ0RTDtptufRBQg,Pannus,90597,Burgos,,,63,Panadería,4.3,,483,0,0,0,0,0,42.3401064,-3.7030638,POINT(-3.7030638 42.3401064),€1-10,262,false,false,2026-05-01 22:06:04.858361 UTC,,false,false
ChIJj1AtJjr9RQ0R4jqu4Cefjmo,Panadería El Horno,90597,Burgos,,,63,Panadería,3.7,,50,0,0,0,0,0,42.3453824,-3.7178872,POINT(-3.7178872 42.3453824),€1-10,8,false,false,2026-05-01 22:06:04.858457 UTC,,false,false
ChIJYelBzEv9RQ0R4M0jdo2QV_8,Restaurante La Marmita del Ángel,90597,Burgos,,,73,Restaurante,4.5,,1121,0,0,0,0,0,42.3374767,-3.7259655,POINT(-3.7259655 42.3374767),€20-30,847,false,false,2026-05-06 11:38:40.829617 UTC,,false,false
ChIJMddqcgD9RQ0RXGoTSpwHNac,Wagyu Finca Santa Rosalía,90597,Burgos,,,80,Restaurante de comida para llevar,4.4,,137,104,13,5,7,8,42.3344055,-3.7120995,POINT(-3.7120995 42.3344055),,108,false,false,2026-05-06 11:39:38.612124 UTC,,false,false
ChIJ00loz2H7RQ0RXiuIdPzepB4,Talleres Rubén Automoción,90597,Burgos,,,103,Taller mecánico,4.8,,66,0,0,0,0,0,42.3599207,-3.653233,POINT(-3.653233 42.3599207),,19,false,false,2026-05-01 22:17:22.938596 UTC,,false,false
ChIJR3jH5NTiRQ0RAg6HelpvfEc,"Casa Alicia | Vinos, quesos, y embutidos de alta calidad.",90597,Burgos,,,104,Tienda de alimentación,5.0,,25,0,0,0,0,0,42.3323485,-3.7057791,POINT(-3.7057791 42.3323485),,100,false,false,2026-05-01 21:52:24.722690 UTC,,false,false
ChIJkUSrDwDjRQ0Rb2HfWrf5m6Y,JYSK Burgos,90597,Burgos,,,120,Tienda de muebles,3.7,,51,0,0,0,0,0,42.3246767,-3.7025791,POINT(-3.7025791 42.3246767),,6,false,false,2026-05-01 22:08:14.364064 UTC,,false,false
ChIJQwAqJ_H9RQ0RrckD0RMpoqg,CHICA del Sur - Moda y Complementos de Mujer en Burgos,90597,Burgos,,,126,Tienda de ropa de mujer,4.9,,126,0,0,0,0,0,42.3432157,-3.7003501,POINT(-3.7003501 42.3432157),,26,false,false,2026-05-01 22:11:49.760901 UTC,,false,false
ChIJX9tW3NT8RQ0RGBpJgXMLfF4,Calzados y deportes Sánchez,90597,Burgos,,,129,Zapatería,3.8,,98,0,0,0,0,0,42.3354937,-3.6999651,POINT(-3.6999651 42.3354937),,7,false,false,2026-05-01 22:12:35.290435 UTC,,true,false
ChIJNyO0XprjRQ0RPmD29gwgUIY,Parque Infantil Diego de Mendieta,90597,Burgos,"09193 Burgos, España",9193,204,Parque infantil,3.5,,2,0,0,0,0,0,42.3254214,-3.664965,POINT(-3.664965 42.3254214),,11,false,false,2026-06-18 20:24:01.831775 UTC,,true,true
ChIJc_9ZewD9RQ0RPaZfQ0F37BA,Parque infantil,90597,Burgos,"C. Esteban Sáez Alvarado, 09006 Burgos, España",9006,204,Parque infantil,4.5,,2,1,1,0,0,0,42.3640479,-3.6717299,POINT(-3.6717299 42.3640479),,3,false,false,2026-06-18 20:24:01.882969 UTC,,true,true
ChIJaftkA9PiRQ0RRRPu3mp3Vwo,Parque infantil Hangar,90597,Burgos,"09001 Burgos, España",9001,204,Parque infantil,3.9,,134,0,0,0,0,0,42.3320339,-3.710223,POINT(-3.710223 42.3320339),,34,false,false,2026-06-18 20:24:01.734892 UTC,,true,true
ChIJ60CywhvjRQ0RvubGl4ip3Ow,Parque infantil Santa Ana,90597,Burgos,"C. San Pedro y San Felices, 13, 09001 Burgos, España",9001,204,Parque infantil,2.8,,4,0,0,0,0,0,42.332705,-3.7038825,POINT(-3.7038825 42.332705),,3,false,false,2026-06-18 20:24:01.785645 UTC,,true,true
ChIJpWdUnwqQTw0RZlD0C7n9SS4,Bar Los Robles,92194,Miranda de Ebro,"C. de las Conchas, 7, 09200 Miranda de Ebro, Burgos, España",9200,8,Bar,4.2,,40,19,12,5,4,0,42.6883053,-2.9374533,POINT(-2.9374533 42.6883053),$,4,false,false,2026-05-28 18:43:23.394262 UTC,2026-06-15 21:43:16.634310 UTC,true,false
ChIJWQEjjKOaTw0RB1F046Z7rj8,Bar Ángela - Cafe y pinchos - Miranda DE Ebro,92194,Miranda de Ebro,"Calle Francisco Cantera, 15, 09200 Miranda de Ebro, Burgos, España",9200,8,Bar,4.3,9.0623089533764869,207,124,41,28,4,10,42.6850844,-2.9441851,POINT(-2.9441851 42.6850844),$,43,false,false,2026-05-28 18:42:47.863179 UTC,2026-06-15 21:48:19.787687 UTC,false,false
ChIJNd00lqOaTw0RBDuNUbe5vT4,Cafeteria Queen,92194,Miranda de Ebro,"C. Arenal, 72, 09200 Miranda de Ebro, Burgos, España",9200,17,Cafetería,4.2,,59,34,13,5,1,6,42.6856236,-2.9444693,POINT(-2.9444693 42.6856236),,71,false,false,2026-05-28 18:43:04.764137 UTC,2026-06-15 21:51:41.984742 UTC,false,false
ChIJq6JNz7yaTw0RByr-OYPN0Cc,New Henry,92194,Miranda de Ebro,"C. Almacenes, 7, 09200 Miranda de Ebro, Burgos, España",9200,17,Cafetería,4.3,,135,74,39,15,2,5,42.6859921,-2.9481468,POINT(-2.9481468 42.6859921),$,13,false,false,2026-05-28 18:43:21.619758 UTC,2026-06-15 22:30:29.168453 UTC,true,false
ChIJlXak3aOaTw0Rzj0maKEIbAQ,Garosa,92194,Miranda de Ebro,"C. Alfonso VI, 50, 09200 Miranda de Ebro, Burgos, España",9200,35,Ferretería,4.5,,128,87,27,7,2,5,42.6859404,-2.9427941,POINT(-2.9427941 42.6859404),,2,false,false,2026-06-16 01:34:01.707319 UTC,,true,false
ChIJ3wKxvfubTw0RYnLmQHuwpN0,La Casa del Jamón Clavero Quijano S.L.U.,92194,Miranda de Ebro,"C. Arenal, 90, Bjo 09200, 09200 Miranda de Ebro, Burgos, España",9200,63,Panadería,4.6,,21,15,5,0,0,1,42.6870187,-2.942139,POINT(-2.942139 42.6870187),,10,false,false,2026-06-16 01:34:03.505085 UTC,2026-06-15 22:23:29.897488 UTC,true,false
ChIJ_____6KaTw0RW3IsnnMCj2Y,Perfumería Ana,92194,Miranda de Ebro,"C. Alfonso VI, 23, 09200 Miranda de Ebro, Burgos, España",9200,69,Perfumería,4.6,,30,26,1,1,0,2,42.6844673,-2.9456489,POINT(-2.9456489 42.6844673),,11,false,false,2026-06-16 01:33:28.649520 UTC,,false,false
ChIJx2viJzPjRQ0RLTLSG_HW0_g,EROSKI city,92194,Miranda de Ebro,"El, C. Arenal, 73-75, 09200 Miranda de Ebro, Burgos, España",9200,99,Supermercado,4.0,,550,0,0,0,0,0,42.68599,-2.943884,POINT(-2.943884 42.68599),,22,false,false,2026-06-16 01:32:39.735741 UTC,,false,false
ChIJDznhviebTw0RysxasbW_TNQ,Salón del bricolaje,92194,Miranda de Ebro,"C. Arenal, 19, 09200 Miranda de Ebro, Burgos, España",9200,111,Tienda de artículos para el hogar,4.0,,3,1,1,1,0,0,42.6886705,-2.9398382,POINT(-2.9398382 42.6886705),,3,false,false,2026-06-16 01:35:15.917502 UTC,,true,false
ChIJ77gfzaOaTw0RltmGESL_Njg,De Mil Amores,92194,Miranda de Ebro,"Av. Comuneros de Castilla, 12, 09200 Miranda de Ebro, Burgos, España",9200,124,Tienda de ropa,4.8,,22,19,2,1,0,0,42.6869367,-2.9433452,POINT(-2.9433452 42.6869367),,11,false,false,2026-06-16 01:32:47.270587 UTC,,true,false
ChIJq7I1mKOaTw0RqQgYQ85gO7U,Famille,92194,Miranda de Ebro,"C. Arenal, 70, 09200 Miranda de Ebro, Burgos, España",9200,124,Tienda de ropa,4.8,,4,3,1,0,0,0,42.685613,-2.9444959,POINT(-2.9444959 42.685613),,3,true,false,2026-06-16 01:35:00.809560 UTC,,true,false
ChIJgaL9rambTw0RpUp1P7UlTYU,Zeeman Miranda de Ebro,92194,Miranda de Ebro,"C. Arenal, 83, 09200 Miranda de Ebro, Burgos, España",9200,124,Tienda de ropa,4.2,,93,60,13,7,1,12,42.6870762,-2.942709,POINT(-2.942709 42.6870762),,20,false,false,2026-06-16 01:32:45.482312 UTC,,false,false
ChIJ5ZgZN6KaTw0R2ulrXxWUx9I,TZN MIRANDA,92194,Miranda de Ebro,"Av. Comuneros de Castilla, 3, 09200 Miranda de Ebro, Burgos, España",9200,126,Tienda de ropa de mujer,4.7,,7,6,0,1,0,0,42.687507,-2.9435903,POINT(-2.9435903 42.687507),,1,false,false,2026-06-16 01:34:45.366382 UTC,,true,false
ChIJ7YpV7ryaTw0R5ZBvX9id44c,Calzados Roberto Gómez,92194,Miranda de Ebro,"C. Vitoria, 18, 09200 Miranda de Ebro, Burgos, España",9200,129,Zapatería,4.3,,14,8,4,1,0,1,42.6860761,-2.9490144,POINT(-2.9490144 42.6860761),,9,false,false,2026-06-16 01:34:47.206164 UTC,,false,false
ChIJEXjy9_eRTw0R_a0En5YPaJw,CHATARRERIA Y DESGUACES MIRANDA 🧲⛓️,92194,Miranda de Ebro,"Polígono de Bayas PARCELAS Nido R- 49, 09200 Miranda de Ebro, Burgos, España",9200,265,Chatarrería,3.9,,13,8,1,1,1,2,42.6962356,-2.9179588,POINT(-2.9179588 42.6962356),,28,false,false,2026-06-16 01:32:50.937132 UTC,,false,false
ChIJIR_WPUGbTw0RciJrfwTVn_Y,Alimentación Miranda,92194,Miranda de Ebro,"C. del Cid, 10, 09200 Miranda de Ebro, Burgos, España",9200,287,Procesamiento de frutas y verduras,4.8,,6,5,1,0,0,0,42.6862383,-2.9443718,POINT(-2.9443718 42.6862383),,31,false,false,2026-06-16 01:34:03.504809 UTC,,false,false
ChIJX_yQuaGaTw0Rb3guxQSvGuA,Gaytán La Casa del Bacalao,92194,Miranda de Ebro,"C. Arenal, 99, 09200 Miranda de Ebro, Burgos, España",9200,316,Tienda de mariscos,4.7,,3,2,1,0,0,0,42.6880535,-2.9408181,POINT(-2.9408181 42.6880535),,1,false,false,2026-06-16 01:35:17.689085 UTC,,true,false
ChIJ1b94bhObRQ0R0Qf74B0ScPg,Bazar Alfonso Lozano,92740,Pradoluengo,"Pl. Clemente Zaldo, 2, 09260 Pradoluengo, Burgos, España",9260,123,Tienda de regalos,0.0,,0,0,0,0,0,0,42.3238204,-3.1998026,POINT(-3.1998026 42.3238204),,1,false,true,2026-05-31 02:47:29.360727 UTC,2026-06-15 20:15:59.062343 UTC,true,false
ChIJiWIOQtXiRQ0RGxUlGU4ODkg,Peluquería Elegance,90597,Burgos,,,11,Barbería,4.9,,294,0,0,0,0,0,42.3330155,-3.7038078,POINT(-3.7038078 42.3330155),,48,false,false,2026-05-01 22:16:34.308194 UTC,,false,false
ChIJI0OvHtXiRQ0RL9xJJYO56aE,Arcecarne Carnicería San Pedro y San Felices,90597,Burgos,,,19,Carnicería,4.6,,60,0,0,0,0,0,42.332683,-3.7051609,POINT(-3.7051609 42.332683),,2,false,false,2026-05-01 21:59:30.728323 UTC,2026-06-15 23:11:13.746322 UTC,false,false
ChIJv8DjpeX8RQ0RDg1IY0LE1CY,El Mirador de Burgos,90597,Burgos,,,21,Centro comercial,4.0,,5792,2192,2011,1125,238,226,42.3603936,-3.6952572,POINT(-3.6952572 42.3603936),,1331,false,false,2026-05-06 11:39:27.500479 UTC,,false,false
ChIJJ1hIjtX8RQ0R2IfhZC7csYM,Altea - Burgos,90597,Burgos,,,22,Centro de estética,4.8,,37,0,0,0,0,0,42.3375919,-3.7024083,POINT(-3.7024083 42.3375919),,4,false,false,2026-05-01 22:13:32.057389 UTC,2026-06-15 23:09:13.403841 UTC,true,false
ChIJESL7NEf9RQ0R3L8binzqgZ4,WAPA Centro de Estética,90597,Burgos,,,22,Centro de estética,5.0,,54,0,0,0,0,0,42.3384197,-3.6969791,POINT(-3.6969791 42.3384197),,33,false,false,2026-05-01 22:13:32.057215 UTC,,false,false
ChIJLw21l8_8RQ0RwcgCOQxvWlw,Farmacia Lcdas. Mtnez. de Simón Alameda Carmen y Mtnez. de Simón Alameda María,90597,Burgos,,,34,Farmacia,2.8,,10,3,2,0,0,5,42.3431599,-3.6912866,POINT(-3.6912866 42.3431599),,2,false,false,2026-05-07 20:26:48.259716 UTC,,true,false
ChIJQVRZn4P9RQ0RaLwUcCKLfbA,Farmacia Las Huelgas,90597,Burgos,,,34,Farmacia,5.0,,5,5,0,0,0,0,42.3343742,-3.7123902,POINT(-3.7123902 42.3343742),,10,false,false,2026-05-07 20:26:46.759094 UTC,,false,false
ChIJm1eUl0T9RQ0RzVpgONasG0s,Bar kebak,90597,Burgos,,,73,Restaurante,4.6,9.351606119191274,124,106,6,2,1,9,42.3529926,-3.6910146,POINT(-3.6910146 42.3529926),,146,false,false,2026-05-06 11:39:27.500498 UTC,2026-06-15 23:21:05.349013 UTC,false,false
ChIJo3WOWvnjRQ0RikwgF_LCkNA,ProVendingMachinesBurgos,90597,Burgos,,,73,Restaurante,0.0,,0,0,0,0,0,0,42.3240601,-3.7130493,POINT(-3.7130493 42.3240601),,0,false,false,2026-05-06 11:39:21.810516 UTC,,false,false
ChIJXz_kIqD9RQ0R7qgPKKSF9_4,Lombok | Restaurante - Cafetería,90597,Burgos,,,73,Restaurante,4.2,,215,0,0,0,0,0,42.374865,-3.7229092,POINT(-3.7229092 42.374865),€1-10,25,false,false,2026-05-06 11:39:24.525512 UTC,,false,false
ChIJFddfpdX8RQ0R1gkiW3fuA6w,Alimentación Delgado,90597,Burgos,,,104,Tienda de alimentación,4.6,,47,0,0,0,0,0,42.3379772,-3.7015377,POINT(-3.7015377 42.3379772),,9,false,false,2026-05-01 21:50:11.958851 UTC,2026-06-15 23:07:17.279427 UTC,true,false
ChIJ2Y6adaP8RQ0RSee-nNEamBQ,Opticalia Gamonal,90597,Burgos,,,130,Óptica,5.0,,97,0,0,0,0,0,42.350417,-3.670035,POINT(-3.670035 42.350417),,40,false,false,2026-05-01 22:18:09.002585 UTC,,false,false
ChIJEUmDx8vFRQ0R3sFWUEpXJag,Colegio Público Alejandro Rodríguez de Valcarc,91139,Covarrubias,"Av. de Victor Barbadillo, 17, 09346 Covarrubias, Burgos, España",9346,163,Colegio público,0.0,,0,0,0,0,0,0,42.0603116,-3.5174754,POINT(-3.5174754 42.0603116),,4,false,false,2026-07-02 00:53:19.488714 UTC,2026-07-02 00:12:39.142514 UTC,true,true
ChIJQSrolMnFRQ0RJtPCdL1qGhw,Monumento a Kristina de Noruega,91139,Covarrubias,"Pl. del Rey Chindasvinto, 2, 09346 Covarrubias, Burgos, España",9346,167,Escultura,4.5,7.1452640690840781,73,44,22,7,0,0,42.0581073,-3.5192283,POINT(-3.5192283 42.0581073),,163,false,false,2026-07-02 00:46:11.236617 UTC,2026-07-01 23:52:07.149701 UTC,true,true
ChIJUUTt_LuaTw0RSlXwLMbZJ0Q,La Terraza del Ebro,92194,Miranda de Ebro,,,8,Bar,4.4,9.0826011403696612,398,274,70,22,10,22,42.6838457,-2.9522084,POINT(-2.9522084 42.6838457),$,189,false,false,2026-06-16 01:29:40.771226 UTC,2026-06-15 22:26:39.112194 UTC,false,false
ChIJzyhdYUWbTw0RM2HXHKEnQfM,SUPERMERCADOS EL TREN,92194,Miranda de Ebro,"C. Arenal, 32, 09200 Miranda de Ebro, Burgos, España",9200,37,Frutería,5.0,,8,0,0,0,0,0,42.6840912,-2.9475605,POINT(-2.9475605 42.6840912),,2,false,false,2026-06-16 01:32:39.735761 UTC,,false,false
ChIJwWRSL6KaTw0R1faKkbHA2YQ,La Roca Cocina de Mercado,92194,Miranda de Ebro,"C. Ramón y Cajal, 47, 09200 Miranda de Ebro, Burgos, España",9200,73,Restaurante,4.5,6.724641154287383,737,0,0,0,0,0,42.6877196,-2.942824,POINT(-2.942824 42.6877196),€10-30,1000,false,false,2026-05-28 18:42:37.536821 UTC,2026-06-15 22:25:49.000540 UTC,false,false
ChIJNXUMN6KaTw0RLOJ2PbOzPjU,El Juglar,92194,Miranda de Ebro,"Calle Dr. Fleming, 6, 09200 Miranda de Ebro, Burgos, España",9200,123,Tienda de regalos,5.0,,1,1,0,0,0,0,42.6885839,-2.9448907,POINT(-2.9448907 42.6885839),,2,false,false,2026-06-16 01:35:21.332836 UTC,,false,false
ChIJfWA9dKGaTw0R5ZSMeP3DBwQ,Boutique Patricia,92194,Miranda de Ebro,"C. Juan R. Jiménez, 21, 09200 Miranda de Ebro, Burgos, España",9200,126,Tienda de ropa de mujer,4.5,,37,28,5,2,0,2,42.6868955,-2.9415608,POINT(-2.9415608 42.6868955),,8,false,false,2026-06-16 01:34:39.903486 UTC,,true,false
ChIJ3_J5xqSaTw0RHYYtMhm7XvA,Centro Joven,92194,Miranda de Ebro,,,158,Centro de ocio,3.9,,44,26,7,1,1,9,42.6829777,-2.94682,POINT(-2.94682 42.6829777),,4,false,false,2026-05-08 17:52:15.368474 UTC,2026-06-15 22:05:52.398637 UTC,false,false
ChIJtfCr5byaTw0R64zBU0KLEHI,Arreglos De Ropa Merche,92194,Miranda de Ebro,"C. Concepción Arenal, 22, 09200 Miranda de Ebro, Burgos, España",9200,277,Tienda de costura,4.2,,11,8,1,0,0,2,42.687508,-2.940919,POINT(-2.940919 42.687508),,1,false,false,2026-06-16 01:34:41.770495 UTC,,false,false
ChIJP_8McxObRQ0ROqGXJraDM-I,Ayuntamiento de Pradoluengo,92740,Pradoluengo,"Pl. Clemente Zaldo, 12, 09260 Pradoluengo, Burgos, España",9260,148,Ayuntamiento,4.1,,9,4,4,0,0,1,42.3234519,-3.1998534,POINT(-3.1998534 42.3234519),,5,false,false,2026-05-31 03:10:46.816766 UTC,2026-06-15 20:13:56.173186 UTC,true,false
ChIJrdEoOhibRQ0RwDWVnUJxwmI,Polideportivo Municipal Los Llanos,92740,Pradoluengo,"Cam. Campo de Fútbol, 2, 09260 Pradoluengo, Burgos, España",9260,191,Polideportivo,4.5,,28,20,4,2,1,1,42.32766,-3.209034,POINT(-3.209034 42.32766),,5,false,false,2026-05-31 03:08:44.685631 UTC,2026-06-15 20:34:29.123597 UTC,true,false
ChIJs9YxWsPFRQ0RwUQUjilk548,Sendas locales,91139,Covarrubias,"BU-901, 14, 09346 Covarrubias, Burgos, España",9346,208,Zona de senderismo,4.0,,1,0,0,0,0,0,42.0580833,-3.5215651,POINT(-3.5215651 42.0580833),,4,false,false,2026-07-02 00:59:53.211962 UTC,2026-07-02 00:09:27.405786 UTC,true,false
ChIJpc7W-tX8RQ0RnjsjRDtSFwo,Cervecería Restaurante Flor de Escocia,90597,Burgos,,,10,Bar restaurante,3.9,,1020,522,234,88,34,142,42.3418895,-3.7027218,POINT(-3.7027218 42.3418895),$,336,false,false,2026-05-06 11:39:17.759663 UTC,,false,false
ChIJXy4k4Ef9RQ0R1uz72YcO1B8,Carnicería Noor HALAL,90597,Burgos,,,19,Carnicería,5.0,,5,0,0,0,0,0,42.3373652,-3.7024839,POINT(-3.7024839 42.3373652),,53,false,false,2026-05-01 21:59:30.728341 UTC,,false,false
ChIJ8W7jYJP8RQ0RpiXFXTgnoCk,Centro de Estética Leticia,90597,Burgos,,,22,Centro de estética,4.8,,96,0,0,0,0,0,42.35969,-3.68138,POINT(-3.68138 42.35969),,10,false,false,2026-05-01 22:13:32.057314 UTC,,false,false
ChIJm7FTLNr8RQ0Ra6nowdDyO-c,Clínica Dental Doctora Llarena - Dentistas en Burgos,90597,Burgos,,,24,Clínica dental,4.3,,17,0,0,0,0,0,42.3464988,-3.6973479,POINT(-3.6973479 42.3464988),,9,false,false,2026-05-01 22:14:19.231002 UTC,,false,false
ChIJwTEqntv8RQ0RmnryfnIHzws,Floristería Julia,90597,Burgos,,,36,Floristería,4.8,,62,0,0,0,0,0,42.3480325,-3.6952925,POINT(-3.6952925 42.3480325),,22,false,false,2026-05-01 22:02:19.164754 UTC,,false,false
ChIJN4Gr8KL8RQ0RxTMn8H5Uemg,Lavandería Autoservicio ECO30,90597,Burgos,,,55,Lavandería de autoservicio,4.3,,112,0,0,0,0,0,42.3524958,-3.6712896,POINT(-3.6712896 42.3524958),,50,false,false,2026-05-01 22:15:49.323781 UTC,,false,false
ChIJaW7PceX9RQ0RQhrR3cMXvBI,La Lavadora Loca de Burgos,90597,Burgos,,,55,Lavandería de autoservicio,4.3,,42,0,0,0,0,0,42.3483376,-3.6988776,POINT(-3.6988776 42.3483376),,19,false,false,2026-05-01 22:15:49.323657 UTC,,false,false
ChIJNeGgXNb8RQ0R-jHdULq2qWs,Librería Del Espolón,90597,Burgos,,,56,Librería,4.7,,171,0,0,0,0,0,42.3407153,-3.7009281,POINT(-3.7009281 42.3407153),,146,false,false,2026-05-01 22:03:31.730156 UTC,,false,false
ChIJpUwLutP8RQ0Rmbv07Nnnpt8,TheColor Lorena García color studio,90597,Burgos,,,67,Peluquería,4.5,,99,0,0,0,0,0,42.3382103,-3.6978312,POINT(-3.6978312 42.3382103),,295,false,false,2026-05-01 22:16:34.308427 UTC,,false,false
ChIJKZS_GCvjRQ0RdPfW_A4AzvI,Kebabish Comida Rápida,90597,Burgos,,,81,Restaurante de comida rápida,3.4,,134,58,19,15,9,33,42.3330139,-3.6999729,POINT(-3.6999729 42.3330139),,39,false,false,2026-05-06 11:39:40.049037 UTC,,false,false
ChIJg3uxXNz8RQ0R6XCmsd0O8PU,JUEGOS & SUEÑOS,90597,Burgos,,,110,Tienda de artículos para bebés,4.7,,35,0,0,0,0,0,42.3506804,-3.6959026,POINT(-3.6959026 42.3506804),,3,false,false,2026-05-01 22:02:41.298603 UTC,,false,false
ChIJf780yEX7RQ0RI3osOZTfg0E,Hotel Hogar Burgos,90597,Burgos,,,111,Tienda de artículos para el hogar,4.3,,316,0,0,0,0,0,42.3482316,-3.6486692,POINT(-3.6486692 42.3482316),,32,false,false,2026-05-01 22:08:14.364072 UTC,,false,false
ChIJy9yulWj7RQ0R3pVjUskV22M,Muebles liquidator,90597,Burgos,,,120,Tienda de muebles,3.8,,141,0,0,0,0,0,42.3591147,-3.6510866,POINT(-3.6510866 42.3591147),,34,false,false,2026-05-01 21:56:51.513276 UTC,,false,false
ChIJ7-LNtrj8RQ0RltOgPyLdtnk,THEY,90597,Burgos,,,123,Tienda de regalos,4.6,,42,0,0,0,0,0,42.3492391,-3.6816265,POINT(-3.6816265 42.3492391),,27,false,false,2026-05-01 22:10:28.137056 UTC,,false,false
ChIJd09__MnFRQ0RqKelfmdyt0I,Torreón de Fernán González,91139,Covarrubias,"Pl. de Doña Sancha, 7, 09346 Covarrubias, Burgos, España",9346,146,Atracción turística,4.5,8.3841719594273485,812,0,0,0,0,0,42.0584026,-3.5196641,POINT(-3.5196641 42.0584026),,3401,false,false,2026-07-02 01:00:10.584102 UTC,2026-07-01 23:08:09.114207 UTC,false,false
ChIJnRHwzn7GRQ0R-lZcvQzyipk,Capilla S.XXI San Olav,91139,Covarrubias,"09346 Covarrubias, Burgos, España",9346,151,Capilla,4.6,6.8919574916362762,11,0,0,0,0,0,42.0601163,-3.4970199,POINT(-3.4970199 42.0601163),,51,false,false,2026-07-02 00:46:28.876998 UTC,2026-07-02 00:02:38.507762 UTC,true,false
ChIJb83mRqOaTw0Rx7cIYAyXWgg,Diamante Chocolatería Churrería,92194,Miranda de Ebro,"C. San Agustín, 7, 09200 Miranda de Ebro, Burgos, España",9200,8,Bar,4.5,,174,120,27,17,6,4,42.6854817,-2.9466453,POINT(-2.9466453 42.6854817),$,106,false,false,2026-06-16 01:34:03.504881 UTC,2026-06-15 22:07:07.019865 UTC,false,false
ChIJa7iMjwqQTw0RrtU3XwnuMPs,Bar La Viña Miranda,92194,Miranda de Ebro,"Av. República Argentina, 80, 09200 Miranda de Ebro, Burgos, España",9200,9,Bar de tapas,4.2,,173,90,37,34,6,6,42.6876137,-2.9370413,POINT(-2.9370413 42.6876137),$,83,false,false,2026-05-28 18:42:42.070540 UTC,2026-06-15 21:41:42.692921 UTC,false,false
ChIJg6zwYbuaTw0R8bt1Z74XoMM,La Bodega 🍷,92194,Miranda de Ebro,"C. Leopoldo Lewin, 09200 Miranda de Ebro, Burgos, España",9200,15,Bodega,5.0,,2,2,0,0,0,0,42.6843842,-2.9491189,POINT(-2.9491189 42.6843842),,5,false,false,2026-05-28 18:42:58.002882 UTC,2026-06-15 22:22:19.368692 UTC,true,false
ChIJ32S4v6OaTw0Rmt5sHI_7Icc,Cafetería Benfos,92194,Miranda de Ebro,"C. del Cid, 15, 09200 Miranda de Ebro, Burgos, España",9200,17,Cafetería,4.4,,246,151,62,22,4,7,42.6860217,-2.943909,POINT(-2.943909 42.6860217),$,12,false,false,2026-05-28 18:43:04.763871 UTC,2026-06-15 21:52:57.608061 UTC,true,false
ChIJ7_T09H6bTw0Rml1zEGnY6OU,Tienda Supercor Stop & Go,92194,Miranda de Ebro,"Cr, N-1, 318 Md, 09200 Miranda de Ebro, Burgos, España",9200,27,Comercio,1.0,,1,0,0,0,0,0,42.688309,-2.9529493,POINT(-2.9529493 42.688309),,10,false,false,2026-06-16 01:33:30.416483 UTC,,false,false
ChIJPSDFxEabTw0RfhgBQjtg8ns,Mini Mercado,92194,Miranda de Ebro,"C. Ramón y Cajal, 16, 09200 Miranda de Ebro, Burgos, España",9200,44,Hipermercado,3.9,,7,3,2,1,0,1,42.6861774,-2.9449236,POINT(-2.9449236 42.6861774),,36,false,false,2026-06-16 01:34:22.210847 UTC,,false,false
ChIJ81XDRKubTw0R-GGtUsKwlJg,LIDIA BAKES 🎂🧁,92194,Miranda de Ebro,"Av. República Argentina, 47, 09200 Miranda de Ebro, Burgos, España",9200,66,Pastelería,4.8,9.3895317988935858,86,78,3,0,3,2,42.6848784,-2.9421713,POINT(-2.9421713 42.6848784),,120,false,false,2026-06-16 01:33:44.347782 UTC,2026-06-15 22:21:59.317994 UTC,false,false
ChIJnRkEOqOaTw0RJBC_n6ZVrXk,Pastelería Bornachea,92194,Miranda de Ebro,"C. La Estación, 29, 09200 Miranda de Ebro, Burgos, España",9200,66,Pastelería,4.0,8.5312830680049956,89,56,10,5,2,16,42.688006,-2.9438802,POINT(-2.9438802 42.688006),,170,false,false,2026-06-16 01:33:51.570021 UTC,2026-06-15 22:33:02.550383 UTC,false,false
ChIJa57t52iRTw0R91sKeubNT0o,TecnyFarma España,92194,Miranda de Ebro,,,72,Reformas,3.6,3.3530782668385655,35,0,0,0,0,0,42.6895065,-2.9187305,POINT(-2.9187305 42.6895065),,710,false,false,2026-05-07 20:57:47.965881 UTC,2026-06-15 22:45:08.623855 UTC,false,false
ChIJYy-BogebTw0Rry5X1vtdQyk,Carbón Restaurante - Miranda de Ebro,92194,Miranda de Ebro,"C. La Estación, 80, 09200 Miranda de Ebro, Burgos, España",9200,76,Restaurante de alta cocina,4.5,7.2256999363889918,857,0,0,0,0,0,42.6893798,-2.9412014,POINT(-2.9412014 42.6893798),€20-60,1216,false,false,2026-05-28 18:42:37.536760 UTC,2026-06-15 22:01:55.579103 UTC,false,false
ChIJPcZqi3GbTw0R8Cmdh1fVzPc,Restaurante Chomón. Herriko Jatetxea,92194,Miranda de Ebro,"C. Los Hornos, 32, 09200 Miranda de Ebro, Burgos, España",9200,85,Restaurante especializado en barbacoa,4.0,,13,9,1,0,0,3,42.6842654,-2.9526729,POINT(-2.9526729 42.6842654),,1,false,false,2026-05-28 18:42:45.749718 UTC,2026-06-15 22:38:20.153294 UTC,true,false
ChIJVwxRxXKbTw0Rs1wYb-y9n-k,Home Magic,92194,Miranda de Ebro,"C. Vitoria, 26, bajo, 09200 Miranda de Ebro, Burgos, España",9200,104,Tienda de alimentación,4.3,,47,0,0,0,0,0,42.6865949,-2.9494791,POINT(-2.9494791 42.6865949),,20,false,false,2026-06-16 01:33:51.569971 UTC,,false,false
ChIJs4kiN6OaTw0Rz86M-d4ejoA,Casino de Miranda,92194,Miranda de Ebro,"C. La Estación, 2, 09200 Miranda de Ebro, Burgos, España",9200,224,Casino,3.7,,68,27,17,9,7,8,42.6854659,-2.947571,POINT(-2.947571 42.6854659),,167,false,false,2026-05-28 18:43:19.331752 UTC,2026-06-15 22:03:29.622872 UTC,false,false
ChIJuQSavaOaTw0RGrVcxBlglQQ,EDEN CONCEPT,92194,Miranda de Ebro,"C. Arenal, 74, 09200 Miranda de Ebro, Burgos, España",9200,245,Tienda de ropa para jóvenes,4.7,,24,21,1,1,0,1,42.6858151,-2.9441928,POINT(-2.9441928 42.6858151),,7,false,false,2026-06-16 01:33:51.570128 UTC,,false,false
ChIJSSjXVJ-aTw0R4JSReUdr924,Comercial Miranda,92194,Miranda de Ebro,"C. Rda. del Ferrocarril, 75, 77, 09200 Miranda de Ebro, Burgos, España",9200,264,Tienda de iluminación,3.4,,18,8,3,1,0,6,42.6894951,-2.9435167,POINT(-2.9435167 42.6894951),,49,false,false,2026-06-16 01:32:48.966798 UTC,,true,false
ChIJSabNsMOaTw0R1MzoczHUzf0,Ural Motor Miranda De Ebro - Concesionario Oficial Volkswagen,92194,Miranda de Ebro,"Ctra. Madrid-Irún, Km. 317, 09200 Miranda de Ebro, Burgos, España",9200,283,Concesionario Volkswagen,4.8,,700,635,33,9,7,16,42.6859724,-2.9641479,POINT(-2.9641479 42.6859724),,34,false,false,2026-06-16 01:33:48.011759 UTC,,false,false
ChIJl2cYA2KbTw0R4ktYw0YZ1ro,Compro oro y plata Miranda,92194,Miranda de Ebro,"C. Logroño, 20, 09200 Miranda de Ebro, Burgos, España",9200,288,Comprador de joyas,3.9,,8,5,1,0,0,2,42.6882304,-2.93956,POINT(-2.93956 42.6882304),,1,false,false,2026-06-16 01:34:05.291178 UTC,,true,false
ChIJad_oz6OaTw0RY8-PcK2zZPE,Armarios INTERNI en GESMOBEL,92194,Miranda de Ebro,"C. Arenal, 82, 09200 Miranda de Ebro, Burgos, España",9200,290,Tienda de armarios,4.4,,17,12,3,0,0,2,42.6864291,-2.9430717,POINT(-2.9430717 42.6864291),,16,false,false,2026-06-16 01:34:27.773144 UTC,,false,false
ChIJr9ZtJgmbTw0R2URs-BcwXxo,Venta Maycar,92194,Miranda de Ebro,"C. Gregorio Solabarrieta, 5, 09200 Miranda de Ebro, Burgos, España",9200,307,Zapatero,5.0,,6,6,0,0,0,0,42.6852107,-2.9493682,POINT(-2.9493682 42.6852107),,18,false,false,2026-06-16 01:35:00.808485 UTC,,false,false
ChIJCQ7E9y2bRQ0R4ZianKRFXDQ,BAZAR DIEZ 10,92740,Pradoluengo,"Pl. Gervasio Zaldo Zaldo, 21, 09260 Pradoluengo, Burgos, España",9260,27,Comercio,4.7,,3,0,0,0,0,0,42.3232375,-3.1994085,POINT(-3.1994085 42.3232375),,4,false,false,2026-05-31 02:47:27.649294 UTC,2026-06-15 20:14:34.023777 UTC,false,false
ChIJ17q53b_FRQ0R0mbkDGMPVlQ,Bar restaurante camping covarrubias,91139,Covarrubias,"Av. de Victor Barbadillo, 0, 09346 Covarrubias, Burgos, España",9346,10,Bar restaurante,4.4,8.6269468541075991,15,0,0,0,0,0,42.0588476,-3.5133691,POINT(-3.5133691 42.0588476),€10-20,24,false,false,2026-07-02 00:38:47.021476 UTC,2026-07-02 00:00:11.937906 UTC,false,false
ChIJfRICDrbFRQ0R_02hywzapoI,Bar Restaurante El Puente,91139,Covarrubias,"C. Barbadillos, 25, 09346 Covarrubias, Burgos, España",9346,73,Restaurante,3.4,4.9361736055802385,717,0,0,0,0,0,42.0582197,-3.5214394,POINT(-3.5214394 42.0582197),,583,false,false,2026-07-02 00:38:47.021499 UTC,2026-07-01 23:20:32.274884 UTC,false,true
ChIJ3yq5_KP8RQ0RzuYJiK7CJpk,Floristería Europa,90597,Burgos,,,36,Floristería,4.9,,42,0,0,0,0,0,42.3506231,-3.6675997,POINT(-3.6675997 42.3506231),,28,false,false,2026-05-01 22:02:19.164773 UTC,,false,false
ChIJezzvhDD9RQ0RdEx4kyh2pMM,La Silla Mágica,90597,Burgos,,,56,Librería,4.9,,157,0,0,0,0,0,42.3431708,-3.7161877,POINT(-3.7161877 42.3431708),,7,false,false,2026-05-01 22:03:31.730241 UTC,,false,false
ChIJwUA73079RQ0Rl21wbiW52uU,Asador Los Trillos,90597,Burgos,,,65,Parrilla,4.3,7.9682099937199382,2366,0,0,0,0,0,42.3406126,-3.729276,POINT(-3.729276 42.3406126),$$,1986,false,false,2026-05-06 11:39:23.166510 UTC,2026-06-15 23:12:49.378567 UTC,false,false
ChIJr91Xq9r8RQ0RmCkLk7fk_ls,"Telepizza Burgos, avenida de la Paz - Comida a domicilio",90597,Burgos,,,70,Pizzería,3.6,,549,190,148,110,28,73,42.3446451,-3.6927608,POINT(-3.6927608 42.3446451),$,153,false,false,2026-05-06 11:39:24.525472 UTC,,false,false
ChIJhx2XPvrjRQ0R76yUnTNFjoA,Bar La Celofán,90597,Burgos,,,73,Restaurante,4.5,,668,436,154,48,8,22,42.3341311,-3.7115684,POINT(-3.7115684 42.3341311),$,252,false,false,2026-05-06 11:39:38.612080 UTC,2026-06-15 23:18:01.703846 UTC,false,false
ChIJFwfVA0H9RQ0R6SAg3vEISWY,Don G,90597,Burgos,,,73,Restaurante,3.8,,704,439,46,33,22,164,42.3595106,-3.6944378,POINT(-3.6944378 42.3595106),$,218,false,false,2026-05-06 11:39:27.500439 UTC,,false,false
ChIJn55AC7r8RQ0R-S9bPTYngwk,Restaurante Eskusa,90597,Burgos,,,73,Restaurante,4.1,,607,0,0,0,0,0,42.3453676,-3.6765258,POINT(-3.6765258 42.3453676),€1-10,113,false,false,2026-05-06 11:38:42.252839 UTC,,false,false
ChIJtTphtrj8RQ0Rp5K6QOYAqeA,Restaurante Japonés - SHINKANSEN SUSHI,90597,Burgos,,,91,Restaurante japonés,4.2,,280,169,55,24,11,21,42.3414096,-3.7045057,POINT(-3.7045057 42.3414096),,53,true,false,2026-05-06 11:39:24.525491 UTC,,false,false
ChIJtTZY49D9RQ0Rv1SgnVkPMzU,Alcampo Supermercado,90597,Burgos,,,99,Supermercado,3.4,6.0379467298431937,46,0,0,0,0,0,42.3474776,-3.6952017,POINT(-3.6952017 42.3474776),,25,false,false,2026-05-01 21:44:12.497317 UTC,2026-06-15 23:04:54.361085 UTC,false,false
ChIJr9wbzyT9RQ0RZtFSj0uZzuo,Talleres Auto-Fas,90597,Burgos,,,102,Taller de reparación de automóviles,4.3,,50,0,0,0,0,0,42.3470611,-3.7125404,POINT(-3.7125404 42.3470611),,5,false,false,2026-05-01 22:17:25.938497 UTC,,false,false
ChIJGYLxs7_8RQ0RMb-XkSX80Pc,Burgosat S L,90597,Burgos,,,116,Tienda de electrónica,2.7,,7,0,0,0,0,0,42.353092,-3.6803162,POINT(-3.6803162 42.353092),,4,false,false,2026-05-01 21:55:40.561493 UTC,,true,false
ChIJfRnJJNb8RQ0R7FXX7JST6xw,Calzados Vesga,90597,Burgos,,,129,Zapatería,4.6,,104,0,0,0,0,0,42.3414585,-3.7017527,POINT(-3.7017527 42.3414585),,1808,false,false,2026-05-01 22:12:35.290301 UTC,,false,false
ChIJOVBXLaH8RQ0RAvhAjiN-lC0,Óptica Lorca,90597,Burgos,,,130,Óptica,4.6,,16,0,0,0,0,0,42.3502295,-3.6654815,POINT(-3.6654815 42.3502295),,9,false,false,2026-05-01 22:18:09.002615 UTC,,false,false
ChIJ_SulwNf8RQ0RQ-VvHVGLEuI,"Alain Afflelou Óptico y Audiólogo, Lain Calvo, Burgos",90597,Burgos,,,130,Óptica,4.7,9.5638130655279383,190,0,0,0,0,0,42.34251,-3.70164,POINT(-3.70164 42.34251),,16,false,false,2026-05-01 22:18:09.002708 UTC,2026-06-15 23:02:46.618686 UTC,false,false
ChIJc_UdSQX9RQ0RBM_IpzjeN6I,Rock N Jump Burgos,90597,Burgos,"Av. de los Derechos Humanos, 55, 09007 Burgos, España",9007,158,Centro de ocio,4.1,,144,90,21,8,7,18,42.3488207,-3.6664824,POINT(-3.6664824 42.3488207),,24,false,false,2026-06-18 20:24:01.870046 UTC,,false,true
ChIJ9Q9JCw39RQ0R2sa8Vmaf31E,Parque Infantil Plan Jerez,90597,Burgos,"C. Jerez, 33, 09006 Burgos, España",9006,204,Parque infantil,4.3,,3,0,0,0,0,0,42.3549254,-3.6944418,POINT(-3.6944418 42.3549254),,1,false,false,2026-06-18 20:24:01.787291 UTC,,true,true
ChIJP2tLkZf9RQ0R8aanZfENSXY,Parque Infantil La Nevera,90597,Burgos,"C. Nevera, 20, 09002 Burgos, España",9002,204,Parque infantil,3.7,,6,0,0,0,0,0,42.3362905,-3.6952948,POINT(-3.6952948 42.3362905),,9,false,false,2026-06-18 20:24:01.788733 UTC,,true,true
ChIJh732_WHjRQ0RX5NzFGBIKsU,Parque infantil San Isidro,90597,Burgos,"Cam. de Valdechoque, 34, 09001 Burgos, España",9001,204,Parque infantil,4.0,,2,1,0,1,0,0,42.3287504,-3.7047747,POINT(-3.7047747 42.3287504),,7,false,false,2026-06-18 20:24:01.821242 UTC,,true,true
ChIJR_9NXWKbTw0R44YVdQzmt6o,Bar La Rayuela,92194,Miranda de Ebro,"Pl. de España, 1, 09200 Miranda de Ebro, Burgos, España",9200,8,Bar,4.6,,129,92,28,3,0,6,42.6833761,-2.9521923,POINT(-2.9521923 42.6833761),$,107,false,false,2026-06-16 01:29:48.168099 UTC,2026-06-15 21:41:03.313119 UTC,false,false
ChIJrY9B1aKaTw0RMdPvrSmkaGw,Café bar LA PEPA,92194,Miranda de Ebro,"C. Almacenes, 13, 09200 Miranda de Ebro, Burgos, España",9200,8,Bar,4.3,,432,258,111,35,8,20,42.6869491,-2.9479704,POINT(-2.9479704 42.6869491),$,98,false,false,2026-06-16 01:34:03.504925 UTC,2026-06-15 22:00:35.602693 UTC,true,false
ChIJNfj5i6KaTw0R--7juCKwkkI,MESON LA RONDA,92194,Miranda de Ebro,"C. Rda. del Ferrocarril, 26, 09200 Miranda de Ebro, Burgos, España",9200,9,Bar de tapas,3.7,,273,101,76,42,15,39,42.688687,-2.9452241,POINT(-2.9452241 42.688687),$,74,false,false,2026-05-28 18:42:42.070582 UTC,2026-06-15 22:27:25.222374 UTC,true,false
ChIJ0duNfruaTw0RjXOfhuwFBUc,Licda. Mónica Hernando Rubio,92194,Miranda de Ebro,,,34,Farmacia,4.6,,9,6,2,1,0,0,42.6842733,-2.9498448,POINT(-2.9498448 42.6842733),,7,false,false,2026-06-16 01:34:48.998052 UTC,2026-06-15 22:27:10.847022 UTC,true,false
ChIJ9ye5taGaTw0RsHjSOB3bc-E,Mesón La Parrilla,92194,Miranda de Ebro,"C. Arenal, 110, 09200 Miranda de Ebro, Burgos, España",9200,73,Restaurante,4.1,,89,47,22,10,3,7,42.6881073,-2.9403645,POINT(-2.9403645 42.6881073),$,6,false,false,2026-05-28 18:42:42.070421 UTC,2026-06-15 22:29:25.931607 UTC,false,false
ChIJlxr1oaGaTw0RfHIgthatpFs,Alcampo,92194,Miranda de Ebro,"C. Arenal, 100, 09200 Miranda de Ebro, Burgos, España",9200,99,Supermercado,3.9,,268,0,0,0,0,0,42.6875443,-2.9413269,POINT(-2.9413269 42.6875443),,44,false,false,2026-06-16 01:32:39.735702 UTC,,false,false
ChIJva3jiLyaTw0RnnTLc558uvA,Vendi Auto Servicio Lopez,92194,Miranda de Ebro,"C. Sta. Lucía, 14, 09200 Miranda de Ebro, Burgos, España",9200,104,Tienda de alimentación,4.5,,2,1,1,0,0,0,42.6851625,-2.9498576,POINT(-2.9498576 42.6851625),,9,false,false,2026-06-16 01:34:18.358914 UTC,,true,false
ChIJLREV2KOaTw0RfgSyn5g1Id0,Ysisi Woman,92194,Miranda de Ebro,"Av. Comuneros de Castilla, 22, 09200 Miranda de Ebro, Burgos, España",9200,124,Tienda de ropa,4.4,,7,4,2,1,0,0,42.6863564,-2.9426413,POINT(-2.9426413 42.6863564),,3,false,false,2026-06-16 01:34:43.596536 UTC,,true,false
ChIJ_wGgu6OaTw0RRPLG5d3IZyo,Versus,92194,Miranda de Ebro,"C. del Cid, 12, 09200 Miranda de Ebro, Burgos, España",9200,126,Tienda de ropa de mujer,4.2,,43,29,7,0,0,7,42.6861556,-2.9442861,POINT(-2.9442861 42.6861556),,16,false,false,2026-06-16 01:32:47.270504 UTC,,true,false
ChIJ5X7MwKKaTw0RiS1hZgdlV8g,Gómez Sáez,92194,Miranda de Ebro,"C. Ramón y Cajal, 30, 09200 Miranda de Ebro, Burgos, España",9200,286,Tienda de pinturas,4.8,,22,18,4,0,0,0,42.686948,-2.943601,POINT(-2.943601 42.686948),,14,false,false,2026-06-16 01:34:01.707219 UTC,,false,false
ChIJJUko172aTw0RdqfzwmB43QU,Repuestos López,92194,Miranda de Ebro,"C. Sta. Lucía, 65, 09200 Miranda de Ebro, Burgos, España",9200,291,Tienda de repuestos para automóviles,4.6,,109,84,13,9,2,1,42.6871563,-2.952278,POINT(-2.952278 42.6871563),,4,false,false,2026-06-16 01:34:10.705303 UTC,,false,false
ChIJmxSZOKKaTw0RqPe13zec320,Prensa y revistas Álvarez,92194,Miranda de Ebro,"C. La Estación, 48, 09200 Miranda de Ebro, Burgos, España",9200,294,Quiosco,3.5,,35,18,4,2,0,11,42.6878366,-2.9436077,POINT(-2.9436077 42.6878366),,5,false,false,2026-06-16 01:34:22.211101 UTC,,false,false
ChIJuy53AQCbTw0RtC6ajHzlRJ8,Peyman,92194,Miranda de Ebro,"09200 Miranda de Ebro, Burgos, España",9200,309,Concesionario de automóviles,0.0,,0,0,0,0,0,0,42.6871039,-2.9474772,POINT(-2.9474772 42.6871039),,1,false,false,2026-06-16 01:35:35.957052 UTC,,true,false
ChIJESwrqhqbTw0RyEbwAPOTqr0,Amazon Counter,92194,Miranda de Ebro,"C. Vitoria, 27, 09200 Miranda de Ebro, Burgos, España",9200,318,Servicio de mensajería,0.0,,0,0,0,0,0,0,42.686717,-2.950084,POINT(-2.950084 42.686717),,1,false,false,2026-06-16 01:35:32.369662 UTC,,false,false
ChIJTTmPa5P8RQ0RK0fBXlA_6M8,Bar Burgos | Restaurante Balfé,90597,Burgos,,,10,Bar restaurante,4.1,3.9194488000357519,1692,0,0,0,0,0,42.3606291,-3.6810754,POINT(-3.6810754 42.3606291),€10-20,351,false,false,2026-05-06 11:39:25.882882 UTC,2026-06-15 23:15:13.438043 UTC,false,false
ChIJgWi6rivjRQ0RNZ8tSVRkwrY,"Carnicerías Hermanos Lodoso, SL",90597,Burgos,,,19,Carnicería,4.6,,16,0,0,0,0,0,42.3322589,-3.700109,POINT(-3.700109 42.3322589),,19,false,false,2026-05-01 21:59:30.728288 UTC,,false,false
ChIJWSmHNtD8RQ0RlR8o7Nh5WCg,El Corte Inglés Parque Burgos,90597,Burgos,"Ctra. de, Ctra. Madrid-Irún, km 236, 09001 Burgos, España",9001,21,Centro comercial,3.9,6.1019873409125687,5339,2109,1623,925,250,432,42.318881,-3.704446,POINT(-3.704446 42.318881),,704,false,false,2026-06-18 20:24:06.458047 UTC,2026-07-01 20:16:51.642274 UTC,false,true
ChIJcXLZoa79RQ0Rr35P5N4e1Qs,Farmacia Paz Bellido en La Cellophane,90597,Burgos,,,34,Farmacia,4.0,,28,17,5,0,1,5,42.3358913,-3.7100011,POINT(-3.7100011 42.3358913),,3,false,false,2026-05-07 20:26:48.259698 UTC,,false,false
ChIJQVDfd-z8RQ0RVZYpi4SZJbs,Farmacia Mariló Viyuela,90597,Burgos,,,34,Farmacia,4.7,,26,0,0,0,0,0,42.3592886,-3.6857778,POINT(-3.6857778 42.3592886),,22,false,false,2026-05-07 20:26:46.758923 UTC,,false,false
ChIJuy5O16P8RQ0Rjmvk6_nAwpM,MOVILTRONIC,90597,Burgos,,,53,Juguetería,4.9,,81,0,0,0,0,0,42.3429127,-3.6989758,POINT(-3.6989758 42.3429127),,942,false,false,2026-05-01 22:02:39.908259 UTC,,false,false
ChIJ9xW4aCn9RQ0RhJYwQZDfWCg,Restaurante El Huerto de Roque,90597,Burgos,,,73,Restaurante,4.5,,1380,0,0,0,0,0,42.3398399,-3.7061112,POINT(-3.7061112 42.3398399),€20-30,1434,false,false,2026-05-06 11:38:40.829525 UTC,,false,false
ChIJSc6nhHz9RQ0R6ZcbB1wHgIo,Tora Street Food,90597,Burgos,,,74,Restaurante asiático,4.2,,541,335,91,42,24,49,42.3413503,-3.7026657,POINT(-3.7026657 42.3413503),$,564,false,false,2026-05-06 11:39:07.535941 UTC,,false,false
ChIJX5nhJQD9RQ0Rz96Y3ooJL7I,Supermercados El Corte Inglés,90597,Burgos,,,99,Supermercado,4.6,,19,0,0,0,0,0,42.3421529,-3.6939292,POINT(-3.6939292 42.3421529),,11,false,false,2026-05-01 21:44:12.497304 UTC,,true,false
ChIJ5T1pErv8RQ0R3DkO08ZML4M,Talleres Diagnosis Mecánica General Burgos Recomendado,90597,Burgos,,,102,Taller de reparación de automóviles,4.4,,19,0,0,0,0,0,42.3484529,-3.6743024,POINT(-3.6743024 42.3484529),,4,false,false,2026-05-01 22:17:22.938638 UTC,,false,false
ChIJ5ecjuLz8RQ0RJd6eTPibMKk,Electrodomésticos Yois,90597,Burgos,,,115,Tienda de electrodomésticos,4.1,,257,0,0,0,0,0,42.3506911,-3.6734763,POINT(-3.6734763 42.3506911),,49,false,false,2026-05-01 21:55:39.193506 UTC,,false,false
ChIJdc_17SD9RQ0RhCc-v0EkLU4,IKEA Burgos - Punto de Planificación y Pedidos,90597,Burgos,,,120,Tienda de muebles,2.8,,94,0,0,0,0,0,42.3599219,-3.6946158,POINT(-3.6946158 42.3599219),,13,false,false,2026-05-01 22:08:17.353907 UTC,,false,false
ChIJLSocGgD9RQ0R0LCvoBBXQ2w,Patio de recreo,90597,Burgos,"C. Serramagna, 20, 09003 Burgos, España",9003,204,Parque infantil,0.0,,0,0,0,0,0,0,42.3430968,-3.7182599,POINT(-3.7182599 42.3430968),,1,false,false,2026-06-18 20:24:01.899121 UTC,,true,true
ChIJyTD5Yab9RQ0RTf24TLjDlqI,Parque Infantil Alcampo,90597,Burgos,"09006 Burgos, España",9006,204,Parque infantil,4.2,,6,0,0,0,0,0,42.3492278,-3.6802982,POINT(-3.6802982 42.3492278),,3,false,false,2026-06-18 20:24:01.770614 UTC,,true,true
ChIJk039M8jFRQ0RncCVS9UZMlg,Rollo Jurisdiccional de Covarrubias,91139,Covarrubias,"09346 Covarrubias, Burgos, España",9346,177,Lugar de interés histórico,4.0,6.06132922694087,18,0,0,0,0,0,42.0562113,-3.5196547,POINT(-3.5196547 42.0562113),,46,false,false,2026-07-02 00:45:36.019467 UTC,2026-07-01 23:59:09.808125 UTC,true,false
ChIJEbaMvLHFRQ0R98grooCodUs,Morcillas Milagros,91139,Covarrubias,"C. Dimas Camarero, 4, 09346 Covarrubias, Burgos, España",9346,336,Delicatessen de carnicería,4.9,9.4189295842412051,51,0,0,0,0,0,42.05885,-3.52041,POINT(-3.52041 42.05885),,23,false,false,2026-07-02 00:21:30.342243 UTC,2026-07-01 23:53:00.457522 UTC,false,false
ChIJ6fzU5pebTw0R7FOk7KXm_AA,La Marimorena,92194,Miranda de Ebro,"C. La Estación, 24, 09200 Miranda de Ebro, Burgos, España",9200,8,Bar,4.4,,259,168,59,13,5,14,42.6866187,-2.9455754,POINT(-2.9455754 42.6866187),$$,23,false,false,2026-05-28 18:42:47.863152 UTC,2026-06-15 22:25:05.402750 UTC,false,false
ChIJWeTDhbyaTw0RT0UvdGLqupo,Bar Maran,92194,Miranda de Ebro,"C. Sta. Lucía, 6, 09200 Miranda de Ebro, Burgos, España",9200,9,Bar de tapas,4.6,,494,340,109,34,3,8,42.6849042,-2.9495964,POINT(-2.9495964 42.6849042),$,38,false,false,2026-06-16 01:33:49.780581 UTC,2026-06-15 21:44:02.763820 UTC,false,false
ChIJH_jmrJaaTw0ROSiGJ3xds40,Hipermercado E.Leclerc Miranda de Ebro,92194,Miranda de Ebro,"Calle Jerea, S/N, 09200 Miranda de Ebro, Burgos, España",9200,44,Hipermercado,4.1,,3132,0,0,0,0,0,42.6942263,-2.9522728,POINT(-2.9522728 42.6942263),,759,false,false,2026-06-16 01:32:39.735531 UTC,,false,false
ChIJUZkZSKOaTw0RMfH0QKEsXCU,María Altamira Garro Guilarte,92194,Miranda de Ebro,"C. San Agustín, 4, 09200 Miranda de Ebro, Burgos, España",9200,56,Librería,4.7,,3,2,1,0,0,0,42.6855139,-2.9469807,POINT(-2.9469807 42.6855139),,2,false,false,2026-06-16 01:34:47.206184 UTC,,true,false
ChIJUTyxi5OaTw0RcMKvjgwOHxw,Burger King,92194,Miranda de Ebro,"Hipermercado E.Leclerc, Ctra. Bilbao, 15, 09200 Miranda de Ebro, Burgos, España",9200,81,Restaurante de comida rápida,3.3,6.37002257560657,3015,1177,438,380,212,808,42.6943118,-2.9535137,POINT(-2.9535137 42.6943118),$,581,false,false,2026-06-16 01:29:40.771330 UTC,2026-06-15 21:49:48.936235 UTC,false,false
ChIJ6TTBUwmbTw0RiFSNXbBUsCs,Alcampo Supermercado,92194,Miranda de Ebro,"Av. República Argentina, 55, 09200 Miranda de Ebro, Burgos, España",9200,99,Supermercado,3.9,,211,0,0,0,0,0,42.686155,-2.9399545,POINT(-2.9399545 42.686155),,42,false,false,2026-06-16 01:32:39.735574 UTC,,false,false
ChIJZ6UFBACbTw0RfL15gKPXlP0,Pescadería MARGARI 🐟,92194,Miranda de Ebro,"Plaza de Abastos, C. Abastos, 1, 09200 Miranda de Ebro, Burgos, España",9200,217,Pescadería,5.0,,2,2,0,0,0,0,42.6856737,-2.9453729,POINT(-2.9453729 42.6856737),,2,false,false,2026-06-16 01:34:05.291387 UTC,,true,false
ChIJu4GFf1KPTw0RJ11eb2IWXR4,ALDI Plataforma logística Miranda de Ebro,92194,Miranda de Ebro,"POLIGONO INDUSTRIAL, CALLE BRASIL, 2, 09219 Ircio, Burgos, España",9219,236,Oficinas de empresa,4.0,,62,0,0,0,0,0,42.6636452,-2.9211713,POINT(-2.9211713 42.6636452),,10,false,false,2026-06-16 01:32:39.735662 UTC,,false,false
ChIJbSmprkLbRQ0RWsrJDIQ44gM,El Molino Jardinería y Paisajismo S.L.,91139,Covarrubias,"C. el Molino, S/N, 09347 Quintanilla del Agua, Burgos, España",9347,139,Vivero,5.0,,1,0,0,0,0,0,42.0303695,-3.6439808,POINT(-3.6439808 42.0303695),,0,false,false,2026-07-02 00:39:25.333882 UTC,2026-07-02 00:10:00.806520 UTC,false,false
ChIJTRP08PzjRQ0R9emkpIZ3-10,Casa y vida Burgos s.l,90597,Burgos,,,12,Bazar,4.7,,33,0,0,0,0,0,42.3203126,-3.7022963,POINT(-3.7022963 42.3203126),,3,false,false,2026-05-01 22:08:17.353728 UTC,,false,false
ChIJd7eAKDT9RQ0RL2bE6lm5-MQ,La Pequeña Polonia,90597,Burgos,,,15,Bodega,4.2,,21,0,0,0,0,0,42.3410768,-3.7028858,POINT(-3.7028858 42.3410768),,28,false,false,2026-05-01 21:58:09.894809 UTC,,false,false
ChIJAYlQcyb9RQ0RcMXiItC7diQ,Reneé Beauty Studio,90597,Burgos,,,22,Centro de estética,5.0,,112,0,0,0,0,0,42.3326114,-3.7022065,POINT(-3.7022065 42.3326114),,105,false,false,2026-05-01 22:13:32.057444 UTC,,false,false
ChIJ-amg8Q79RQ0Rh-2l55yB2ro,Dr. Alberto Carrillo Clínica Odontológica,90597,Burgos,,,24,Clínica dental,5.0,,33,0,0,0,0,0,42.3358698,-3.7103215,POINT(-3.7103215 42.3358698),,9,false,false,2026-05-01 22:14:19.230852 UTC,,false,false
ChIJ1_5BVNT8RQ0R3LFtyyla9Sw,Clínica Dental Sánchez Arranz,90597,Burgos,,,24,Clínica dental,4.8,,558,0,0,0,0,0,42.336998,-3.700145,POINT(-3.700145 42.336998),,20,false,false,2026-05-01 22:14:17.765254 UTC,,false,false
ChIJu7ohtKH8RQ0Rwwb82oQb4DY,Farmacia Gamonal Antigua,90597,Burgos,,,34,Farmacia,4.1,,23,17,0,1,1,4,42.3535753,-3.6651421,POINT(-3.6651421 42.3535753),,35,false,false,2026-05-07 20:27:26.811283 UTC,,false,false
ChIJ3_acDOT9RQ0RLnsOpiZi6Go,FARMACIA COMBARRO,90597,Burgos,,,34,Farmacia,4.1,,9,7,0,0,0,2,42.3428444,-3.6983937,POINT(-3.6983937 42.3428444),,16,false,false,2026-05-07 20:26:53.403454 UTC,,false,false
ChIJh7DSFbv8RQ0RlyxzfNOH76w,Farmacia Gozalo Gamonal,90597,Burgos,,,34,Farmacia,4.8,,9,8,0,1,0,0,42.3484758,-3.6745043,POINT(-3.6745043 42.3484758),,4,false,false,2026-05-07 20:26:48.259752 UTC,,false,false
ChIJNU1lAuj8RQ0RS2qMHe53RwI,Farmacia Cid 89,90597,Burgos,,,34,Farmacia,4.7,,93,0,0,0,0,0,42.3539904,-3.6926451,POINT(-3.6926451 42.3539904),,2,false,false,2026-05-07 20:26:46.758662 UTC,,false,false
ChIJz7177Z78RQ0Rdzno-iGFaRI,Farmacia Alvarado 32,90597,Burgos,,,34,Farmacia,4.7,,33,0,0,0,0,0,42.36101,-3.6674295,POINT(-3.6674295 42.36101),,3,false,false,2026-05-07 20:26:46.758495 UTC,,false,false
ChIJKbPxk8L7RQ0RX_DK8LaUUzQ,SMfarma,90597,Burgos,,,39,Gestoría,5.0,,1,1,0,0,0,0,42.3447456,-3.6974314,POINT(-3.6974314 42.3447456),,18,false,false,2026-05-07 20:26:49.738379 UTC,,false,false
ChIJ3bizuNP8RQ0RGedokKn61ZY,Restaurante Taberna de Tanin,90597,Burgos,,,73,Restaurante,4.3,,755,0,0,0,0,0,42.3379488,-3.696261,POINT(-3.696261 42.3379488),€10-20,186,false,false,2026-05-06 11:39:25.882859 UTC,,false,false
ChIJlVEzfNz8RQ0RDQ2bm-oibGU,Alcampo,90597,Burgos,,,99,Supermercado,3.5,7.8681239217985421,271,0,0,0,0,0,42.3496019,-3.6954489,POINT(-3.6954489 42.3496019),,20,false,false,2026-05-01 21:42:28.614169 UTC,2026-06-15 23:03:55.974899 UTC,false,false
ChIJO5nPkQn9RQ0ReL_vxcL7aR4,SEPHORA BURGOS CENTRO,90597,Burgos,,,114,Tienda de cosméticos,3.9,,284,162,44,20,11,47,42.34171,-3.69738,POINT(-3.69738 42.34171),,31,false,false,2026-05-07 20:26:53.403355 UTC,,false,false
ChIJP7BLn9X8RQ0RCfmvhOxuDlE,Electrónica Vicente,90597,Burgos,,,116,Tienda de electrónica,3.4,,2046,0,0,0,0,0,42.3373385,-3.703152,POINT(-3.703152 42.3373385),,65,false,false,2026-05-01 21:55:37.786328 UTC,,false,false
ChIJWYTV4Sz9RQ0RCsEEIOV8i30,Cuartango Mobiliario,90597,Burgos,,,120,Tienda de muebles,4.7,,63,0,0,0,0,0,42.3372676,-3.6984209,POINT(-3.6984209 42.3372676),,16,false,false,2026-05-01 21:56:51.513304 UTC,,false,false
ChIJgQjvlyn9RQ0RdYb0lnsNB9w,TU DETALLE (Típico de Burgos),90597,Burgos,,,122,Tienda de recuerdos,4.7,,193,0,0,0,0,0,42.3401915,-3.7047633,POINT(-3.7047633 42.3401915),,474,false,false,2026-05-01 22:10:28.137121 UTC,,false,false
ChIJiRu_qab8RQ0RDs5YqXcGRhw,You Too,90597,Burgos,,,125,Tienda de ropa de hombre,4.8,,63,0,0,0,0,0,42.3495655,-3.6689903,POINT(-3.6689903 42.3495655),,26,false,false,2026-05-01 22:11:51.135806 UTC,,false,false
ChIJB372Mtv8RQ0Rd3anBXijk98,La Rúa,90597,Burgos,,,192,Sala de conciertos,4.4,,1045,604,313,87,24,17,42.3476137,-3.6927946,POINT(-3.6927946 42.3476137),,153,false,false,2026-05-06 11:39:23.166301 UTC,,false,false
ChIJvde1bwD9RQ0RC70lmIf6t3U,Parque infantil,90597,Burgos,"C. Vitoria, 48bis, 09004 Burgos, España",9004,204,Parque infantil,3.0,,1,0,0,1,0,0,42.342447,-3.6938172,POINT(-3.6938172 42.342447),,3,false,false,2026-06-18 20:24:01.873594 UTC,,true,true
ChIJqaiC2xz9RQ0Ri9zjvydrLmw,Parque Infantil La Quinta,90597,Burgos,"C. Maestro Ricardo, 1, 09002 Burgos, España",9002,204,Parque infantil,4.0,,1,0,1,0,0,0,42.3406429,-3.6883053,POINT(-3.6883053 42.3406429),,31,false,false,2026-06-18 20:24:01.869211 UTC,,true,true
ChIJ6_X98tD8RQ0Rp2svkYRaLrc,Museo Marceliano Santa María,90597,Burgos,"Pl. San Juan, s/n, 09004 Burgos, España",9004,333,Museo de arte,4.5,,150,0,0,0,0,0,42.3429182,-3.6954683,POINT(-3.6954683 42.3429182),,574,true,false,2026-06-18 21:12:23.432761 UTC,,true,false
ChIJ3VrcZgDFRQ0RI4Mpd6ldmXc,Claustro Colegiata de San Come y San Damián,91139,Covarrubias,"Pl. del Rey Chindasvinto, 09346 Covarrubias, Burgos, España",9346,233,Destino religioso,4.8,9.3033000010764226,5,0,0,0,0,0,42.0582817,-3.5190412,POINT(-3.5190412 42.0582817),,63,false,false,2026-07-02 00:44:37.510802 UTC,2026-07-02 00:05:34.581461 UTC,true,false
ChIJi8ysm6OaTw0RAPqHNj04T1k,Cafetería Tangente,92194,Miranda de Ebro,"Calle Francisco Cantera, 15, 09200 Miranda de Ebro, Burgos, España",9200,17,Cafetería,4.2,4.2651565661653876,476,241,140,55,15,25,42.6853232,-2.9445837,POINT(-2.9445837 42.6853232),$,67,false,false,2026-06-16 01:34:08.861498 UTC,2026-06-15 21:56:12.793701 UTC,false,false
ChIJ21dSP7ObTw0RYQ91FuilOQY,Estación de Servicio Repsol,92194,Miranda de Ebro,"N-1, 318 A, 09200 Miranda de Ebro, Burgos, España",9200,38,Gasolinera,4.1,,326,157,92,45,12,20,42.688309,-2.9529493,POINT(-2.9529493 42.688309),,39,false,false,2026-06-16 01:29:40.771312 UTC,,false,false
ChIJKYBu02ObTw0RfxaIJbAraQ0,Panadería La Andaluza 🥖,92194,Miranda de Ebro,"C. Alfonso VI, 50, 09200 Miranda de Ebro, Burgos, España",9200,63,Panadería,4.7,9.5599076440557837,47,39,3,3,1,1,42.6859174,-2.942727,POINT(-2.942727 42.6859174),,16,false,false,2026-06-16 01:33:51.569821 UTC,2026-06-15 22:31:53.431079 UTC,false,false
ChIJ3ez2G6KbTw0R8NJJh4mN_AI,Casa Mima,92194,Miranda de Ebro,"C. Arenal, 76, 09200 Miranda de Ebro, Burgos, España",9200,73,Restaurante,4.5,9.3129501742078,440,0,0,0,0,0,42.6861883,-2.9436279,POINT(-2.9436279 42.6861883),€10-50,434,false,false,2026-05-28 18:42:37.536836 UTC,2026-06-15 22:03:13.886940 UTC,false,false
ChIJf6uCOaOaTw0RMZqUbDIzKwg,Brosa Ramos S L,92194,Miranda de Ebro,"C. La Estación, 10, 09200 Miranda de Ebro, Burgos, España",9200,130,Óptica,5.0,,1,1,0,0,0,0,42.6859775,-2.9467867,POINT(-2.9467867 42.6859775),,1,false,false,2026-06-16 01:35:00.808616 UTC,,true,false
ChIJH9jdW6CaTw0RRS4aTV7-S2Q,Deportes Olimpia,92194,Miranda de Ebro,"C. Condado de Treviño, 77, 09200 Miranda de Ebro, Burgos, España",9200,262,Tienda de deportes,4.7,,129,99,24,4,1,1,42.6875618,-2.9391401,POINT(-2.9391401 42.6875618),,16,false,false,2026-06-16 01:32:47.270647 UTC,,false,false
ChIJXXHlDMrFRQ0RXMTgQ9tjL28,Bar El Norte,91139,Covarrubias,"C. de Gomez Salazar, 10, 09346 Covarrubias, Burgos, España",9346,8,Bar,4.4,,162,0,0,0,0,0,42.06024,-3.52021,POINT(-3.52021 42.06024),$,69,false,true,2026-07-02 00:37:16.630911 UTC,2026-07-01 23:48:31.703577 UTC,false,false
ChIJgQ13LXbFRQ0ROFPuhu30ySI,"El Roblón de Covarrubias, árbol milenario",91139,Covarrubias,"2FV6+F3, 09346 Covarrubias, Burgos, España",9346,208,Zona de senderismo,5.0,,2,0,0,0,0,0,42.04368,-3.5398717,POINT(-3.5398717 42.04368),,4,false,false,2026-07-02 00:59:53.211405 UTC,2026-07-02 00:08:18.778370 UTC,true,false
ChIJ0_25din9RQ0Rxuwk6cPQdKg,Mesón La Cueva - Restaurante frente a la Catedral,90597,Burgos,,,7,Asador de cordero,4.2,,551,0,0,0,0,0,42.3402843,-3.7054211,POINT(-3.7054211 42.3402843),€30-40,745,false,false,2026-05-06 11:39:24.525570 UTC,,false,false
ChIJQZaIMqD8RQ0R9Vu0isNtquM,Carnicería G9,90597,Burgos,,,19,Carnicería,5.0,,235,0,0,0,0,0,42.3512345,-3.6642221,POINT(-3.6642221 42.3512345),,92,false,false,2026-05-01 21:59:29.268550 UTC,,false,false
ChIJBbwVEgDjRQ0RkSh9tjrbwbE,Bonorum Premium Hemp,90597,Burgos,,,34,Farmacia,0.0,,0,0,0,0,0,0,42.3334767,-3.6998834,POINT(-3.6998834 42.3334767),,1,false,false,2026-05-07 20:26:53.403436 UTC,,true,false
ChIJA-mMm9XiRQ0RUgc3LBS0mAg,Panadería De La Villa,90597,Burgos,,,63,Panadería,4.3,,9,0,0,0,0,0,42.3314022,-3.7037666,POINT(-3.7037666 42.3314022),,18,false,false,2026-05-01 22:06:04.858511 UTC,,true,false
ChIJJUWs_jD9RQ0RyXk0qpiH3p8,Jaime - Calle Villalón,90597,Burgos,,,63,Panadería,4.8,,83,0,0,0,0,0,42.3414023,-3.7158328,POINT(-3.7158328 42.3414023),€1-10,14,false,false,2026-05-01 22:06:04.858341 UTC,,false,false
ChIJqbNV59b8RQ0R3ZPPeqRyaIc,Restaurante Casa Ojeda | Horno de leña,90597,Burgos,,,73,Restaurante,4.4,,4217,0,0,0,0,0,42.3412224,-3.6988706,POINT(-3.6988706 42.3412224),€30-70,4926,false,false,2026-05-06 11:38:40.829465 UTC,,false,false
ChIJEZvebVP9RQ0RVZFZ1KLvo94,Restaurante La Cestería,90597,Burgos,,,73,Restaurante,4.3,,950,608,178,64,33,67,42.3426269,-3.7024839,POINT(-3.7024839 42.3426269),$$,662,false,false,2026-05-06 11:39:02.669490 UTC,,false,false
ChIJsR6WTs_8RQ0Rxuvdx8jTxKk,Restaurante Sakura,90597,Burgos,,,75,Restaurante chino,3.5,,403,157,82,53,28,83,42.3439417,-3.6873228,POINT(-3.6873228 42.3439417),$,201,false,false,2026-05-06 11:38:46.837654 UTC,,false,false
ChIJj8caP8f9RQ0RzSy9gJTSMnE,El Jaleíto,90597,Burgos,,,78,Restaurante de cocina española,3.8,,788,450,104,43,45,146,42.3403354,-3.7032768,POINT(-3.7032768 42.3403354),,551,false,false,2026-05-06 11:39:02.669465 UTC,,false,false
ChIJHV5yTAD9RQ0Rwr4pXQ76H44,Antigüedades Isla,90597,Burgos,,,107,Tienda de antigüedades,5.0,,1,0,0,0,0,0,42.3382043,-3.7080454,POINT(-3.7080454 42.3382043),,3,false,false,2026-05-01 22:06:28.827669 UTC,2026-06-15 23:09:42.840878 UTC,true,false
ChIJCUItV4f7RQ0RkpRvEjLqDL8,Rapimueble Burgos,90597,Burgos,,,120,Tienda de muebles,3.4,,253,0,0,0,0,0,42.3611747,-3.6416376,POINT(-3.6416376 42.3611747),,55,false,false,2026-05-01 21:56:51.513297 UTC,,false,false
ChIJ-z58pdr8RQ0RWxSOIvHKrUg,Banak,90597,Burgos,,,120,Tienda de muebles,4.5,9.282546883681789,202,0,0,0,0,0,42.3448728,-3.6933354,POINT(-3.6933354 42.3448728),,24,false,false,2026-05-01 21:56:51.513283 UTC,2026-06-15 23:13:48.773054 UTC,false,false
ChIJWS5sYqD8RQ0RN6AOgDHdIdE,Parque Buenavista,90597,Burgos,"Paraje Buenavista, 17, 09007 Burgos, España",9007,203,Parque,4.1,,432,0,0,0,0,0,42.3527491,-3.6631774,POINT(-3.6631774 42.3527491),,94,false,false,2026-06-18 20:24:01.827907 UTC,,true,true
ChIJB_oZ6RbFRQ0R443nYbQI7-c,Horno de Pan,91139,Covarrubias,"C. de la Cuesta, 8, 09346 Covarrubias, Burgos, España",9346,63,Panadería,4.9,8.96103197633056,16,0,0,0,0,0,42.0594235,-3.5196311,POINT(-3.5196311 42.0594235),,15,false,true,2026-07-02 00:24:31.193900 UTC,2026-07-01 23:59:50.189508 UTC,true,false
ChIJ1Uw3lwabTw0RNIChcDh-Fpc,Carnicería Pedro Bastida,92194,Miranda de Ebro,"C. Abastos, 1, 09200 Miranda de Ebro, Burgos, España",9200,19,Carnicería,5.0,,3,3,0,0,0,0,42.6856434,-2.9456388,POINT(-2.9456388 42.6856434),,2,false,false,2026-06-16 01:34:22.210876 UTC,,true,false
ChIJB5zKW7uaTw0RlIHuZJ0PIZE,Juan Manuel García Sabando,92194,Miranda de Ebro,"Pl. Cervantes, 1, 09200 Miranda de Ebro, Burgos, España",9200,43,Herbolario,3.3,,3,0,2,0,1,0,42.68478,-2.94805,POINT(-2.94805 42.68478),,4,false,false,2026-06-16 01:34:47.206150 UTC,,true,false
ChIJwScIsL2aTw0RAafs8awYJ_c,Duque de Frías,92194,Miranda de Ebro,"C. Vitoria, 39, 09200 Miranda de Ebro, Burgos, España",9200,78,Restaurante de cocina española,4.1,8.80251770594623,962,0,0,0,0,0,42.6872803,-2.95066,POINT(-2.95066 42.6872803),€10-20,648,false,false,2026-05-28 18:42:42.082925 UTC,2026-06-15 22:08:08.671490 UTC,false,false
ChIJFW0QfgCbTw0RpuR-Y7Rp3LA,Tifer,92194,Miranda de Ebro,"C/ Najerilla, 9. Pol. Las California I, Parcelas I.3.1, 09200 Miranda de Ebro, Burgos, España",9200,99,Supermercado,3.7,,3,1,0,2,0,0,42.694887,-2.9479039,POINT(-2.9479039 42.694887),,3,false,false,2026-06-16 01:34:18.358978 UTC,,false,false
ChIJRX1lYACbTw0R1jSRVp4LXVg,Coviran Plus Miranda,92194,Miranda de Ebro,"C. La Estación, 52, 09200 Miranda de Ebro, Burgos, España",9200,99,Supermercado,4.8,,9,0,0,0,0,0,42.6879641,-2.9435142,POINT(-2.9435142 42.6879641),,39,false,false,2026-06-16 01:32:43.636920 UTC,,true,false
ChIJ7eka22DCTw0Rf1z6UEyqNJA,Motos Mariano MMRacing,92194,Miranda de Ebro,"BAJO, C. Leopoldo Lewin, 18, 09200 Miranda de Ebro, Burgos, España",9200,103,Taller mecánico,4.4,,128,93,19,4,3,9,42.6836925,-2.9486639,POINT(-2.9486639 42.6836925),,52,false,false,2026-06-16 01:33:51.569930 UTC,,false,false
ChIJJ8D7D6OaTw0RqJGeB4Kyjgs,Comercial Eléctrica. Servicio y venta electrónica 💻🎮,92194,Miranda de Ebro,"C. Condado de Treviño, 36A, 09200 Miranda de Ebro, Burgos, España",9200,116,Tienda de electrónica,4.7,,13,12,0,0,0,1,42.6847739,-2.9433459,POINT(-2.9433459 42.6847739),,2,false,false,2026-06-16 01:33:44.347898 UTC,,true,false
ChIJr13aS6OaTw0RIpRsHPs2v9o,Bebot,92194,Miranda de Ebro,"C. Saturnino Rubio, 09200 Miranda de Ebro, Burgos, España",9200,124,Tienda de ropa,0.0,,0,0,0,0,0,0,42.6854953,-2.9475051,POINT(-2.9475051 42.6854953),,1,false,false,2026-06-16 01:35:00.809477 UTC,,true,false
ChIJsTQJhaKbTw0RhdVL2Avw8X4,Décimas,92194,Miranda de Ebro,"DEC MIRANDA DE EBRO - C/ PASEO ESTACION DEC ESTACION, 09200 Miranda de Ebro, Burgos, España",9200,263,Tienda de ropa de deportes,2.7,,19,4,4,2,0,9,42.6865444,-2.9458916,POINT(-2.9458916 42.6865444),,34,false,false,2026-06-16 01:32:47.270407 UTC,,true,false
ChIJ_SWFlZObTw0RPN7R1B_GqLE,SO CUTE. HANDMADE,92194,Miranda de Ebro,"Av. Comuneros de Castilla, 22, 09200 Miranda de Ebro, Burgos, España",9200,313,Tienda infantil,5.0,,40,40,0,0,0,0,42.686309,-2.942632,POINT(-2.942632 42.686309),,75,false,false,2026-06-16 01:35:12.358171 UTC,,false,false
ChIJeUD7yGybRQ0Rb8CPZuZMi7I,Hermanos Bustamante Sc,92740,Pradoluengo,"C. Ignacio Martínez, 40, 09260 Pradoluengo, Burgos, España",9260,63,Panadería,4.2,,6,0,0,0,0,0,42.3233827,-3.1975573,POINT(-3.1975573 42.3233827),$,4,false,false,2026-05-31 02:46:09.354122 UTC,2026-06-15 20:26:34.646706 UTC,true,false
ChIJ94gcUhabRQ0RvYJPTZ6L204,Frontón De San Roque,92740,Pradoluengo,"Av. Dionisio Román Zaldo, 56, 09260 Pradoluengo, Burgos, España",9260,160,Centro deportivo,5.0,,1,1,0,0,0,0,42.3276119,-3.2052901,POINT(-3.2052901 42.3276119),,5,false,false,2026-05-31 03:07:32.312250 UTC,2026-06-15 20:24:50.805162 UTC,true,false
ChIJ2W1cedTFRQ0R37xxo1RUePY,El Pozo de Fernán González,91139,Covarrubias,"Pl. de Doña Urraca, 09346 Covarrubias, Burgos, España",9346,10,Bar restaurante,4.2,7.94316784772605,563,0,0,0,0,0,42.0593468,-3.5203467,POINT(-3.5203467 42.0593468),€10-20,466,false,false,2026-07-02 00:38:47.021489 UTC,2026-07-01 23:22:04.979829 UTC,true,true
ChIJF7apBMrFRQ0Rc7pbJ7JL2Q4,Hotel Nuevo Arlanza,91139,Covarrubias,"Pl. de Doña Urraca, 11, 09346 Covarrubias, Burgos, España",9346,47,Hotel,3.9,7.102581731187037,186,0,0,0,0,0,42.0593984,-3.5199819,POINT(-3.5199819 42.0593984),186,385,false,false,2026-07-02 00:35:47.674386 UTC,2026-07-01 23:47:20.536072 UTC,false,false
ChIJebvIJjPFRQ0RUpI-oUQFQms,Encuentro de Caminos,91139,Covarrubias,"Unnamed Road 09346, Burgos, España",9346,208,Zona de senderismo,4.8,,5,0,0,0,0,0,42.0783873,-3.5009127,POINT(-3.5009127 42.0783873),,1,false,false,2026-07-02 00:59:53.212826 UTC,2026-07-02 00:06:06.294713 UTC,true,false
ChIJqT5mosP8RQ0RBACsguaMmM8,Gambrinus Burgos,90597,Burgos,,,10,Bar restaurante,3.7,,1900,641,626,326,125,182,42.350666,-3.6898303,POINT(-3.6898303 42.350666),$,504,false,false,2026-05-06 11:39:20.455955 UTC,,false,false
ChIJrcKp8rz8RQ0RrTzKpr95d50,Molino Rojo,90597,Burgos,,,14,Bocatería,4.6,,875,670,114,45,13,33,42.3512497,-3.6742301,POINT(-3.6742301 42.3512497),$,306,false,false,2026-05-06 11:38:48.229547 UTC,,false,false
ChIJ4RPnGOn9RQ0R5InCBcQaEpE,FARMACIA OLIVER BERMÚDEZ,90597,Burgos,,,34,Farmacia,5.0,,3,3,0,0,0,0,42.3424397,-3.7304799,POINT(-3.7304799 42.3424397),,1,false,false,2026-05-07 20:26:46.759036 UTC,,false,false
ChIJX65BnTr9RQ0Rq00yNyr-Vg8,Farmacia Díez Sala,90597,Burgos,,,34,Farmacia,4.7,,23,20,1,1,0,1,42.343759,-3.713816,POINT(-3.713816 42.343759),,9,false,false,2026-05-07 20:26:53.403396 UTC,,true,false
ChIJnd0kUdz8RQ0RVgRkm2xlfeQ,Farmacia Raquel González Sanz,90597,Burgos,,,34,Farmacia,4.5,,14,11,1,1,0,1,42.3512221,-3.6956644,POINT(-3.6956644 42.3512221),,6,false,false,2026-05-07 20:26:46.759000 UTC,,false,false
ChIJHQfY8in9RQ0RvddLANkWJso,Hamburguesería Isla,90597,Burgos,,,41,Hamburguesería,4.1,,1234,626,329,126,54,99,42.3395875,-3.704139,POINT(-3.704139 42.3395875),$$,486,false,false,2026-05-06 11:39:40.049016 UTC,,false,false
ChIJsUCtJbz9RQ0RL69-Bifaq2k,Lavandería autoservicio Ecolaundry,90597,Burgos,,,55,Lavandería de autoservicio,4.5,,14,0,0,0,0,0,42.3457133,-3.7196688,POINT(-3.7196688 42.3457133),,7,false,false,2026-05-01 22:15:49.324012 UTC,,false,false
ChIJ73dKIQf9RQ0RruVVHKezjjY,Lavandería OpenBlueBurgos,90597,Burgos,,,55,Lavandería de autoservicio,4.7,,19,0,0,0,0,0,42.3481972,-3.6663454,POINT(-3.6663454 42.3481972),,9,false,false,2026-05-01 22:15:49.323730 UTC,,false,false
ChIJrbw9fpT8RQ0R6W9rYigIHNo,Panadería El Molino,90597,Burgos,,,63,Panadería,4.6,,36,0,0,0,0,0,42.3594766,-3.6802516,POINT(-3.6802516 42.3594766),$,3,false,false,2026-05-01 22:06:04.858304 UTC,,true,false
ChIJTezH78_8RQ0R7_CpFm7mdrs,Aqua,90597,Burgos,,,67,Peluquería,4.9,,70,0,0,0,0,0,42.3435256,-3.6917789,POINT(-3.6917789 42.3435256),,6,false,false,2026-05-01 22:16:34.308292 UTC,2026-06-15 23:10:05.946469 UTC,false,false
ChIJr7EBKSj9RQ0RY8p81xZZZmc,El Kebap de Apu,90597,Burgos,,,83,Restaurante de falafeles,3.4,,323,127,47,49,25,75,42.3419544,-3.7031872,POINT(-3.7031872 42.3419544),$,134,false,false,2026-05-06 11:39:24.525340 UTC,,false,false
ChIJ524_VAD9RQ0RMfMLu-H_-Mc,Ultramarinos Pau&Ros,90597,Burgos,,,104,Tienda de alimentación,5.0,,6,0,0,0,0,0,42.3425806,-3.7317088,POINT(-3.7317088 42.3425806),,5,false,false,2026-05-01 21:52:24.722646 UTC,,true,false
ChIJFYoj99n8RQ0REQtE5VipGdY,Flying Tiger Copenhagen,90597,Burgos,,,111,Tienda de artículos para el hogar,4.2,,813,0,0,0,0,0,42.3449652,-3.6981079,POINT(-3.6981079 42.3449652),,48,false,false,2026-05-01 22:10:28.137441 UTC,,false,false
ChIJj6CqmALjRQ0RoHQ20QNlPJU,BricoCentro,90597,Burgos,,,112,Tienda de bricolaje,4.0,,475,0,0,0,0,0,42.3034019,-3.7019001,POINT(-3.7019001 42.3034019),,121,false,false,2026-05-01 21:53:59.057063 UTC,,false,false
ChIJITIMjdv8RQ0R6XVJu2beX_A,Electrogar,90597,Burgos,,,116,Tienda de electrónica,4.1,,78,0,0,0,0,0,42.3486562,-3.696428,POINT(-3.696428 42.3486562),,76,false,false,2026-05-01 21:55:40.561515 UTC,,false,false
ChIJzTvW7Cn9RQ0Rd_913gZiAqM,Regalos Loe C.B.,90597,Burgos,,,123,Tienda de regalos,3.7,,15,0,0,0,0,0,42.3398604,-3.7041336,POINT(-3.7041336 42.3398604),,42,false,false,2026-05-01 22:10:28.137160 UTC,,true,false
ChIJiaHZPIL9RQ0RX1ppHi9uGKk,Parque infantil Rovira i Virgili,90597,Burgos,"C. Autónoma, 11, 09001 Burgos, España",9001,204,Parque infantil,4.0,,2,0,0,0,0,0,42.3433741,-3.7316595,POINT(-3.7316595 42.3433741),,2,false,false,2026-06-18 20:24:01.843273 UTC,,true,true
ChIJiXca0BrFRQ0RNmBJ0C5cuck,Edificio del Archivo del Adelantamiento de Castilla,91139,Covarrubias,"Gta. Alej. Rguez. Valcarcel, 12, 09346 Covarrubias, Burgos, España",9346,177,Lugar de interés histórico,4.3,7.5748738701222464,20,0,0,0,0,0,42.0596209,-3.5194445,POINT(-3.5194445 42.0596209),,112,false,false,2026-07-02 00:45:36.019483 UTC,2026-07-01 23:58:09.601981 UTC,true,false
ChIJSfGbpkCbTw0Rv7SBZKIZ3CM,Café Bar Cerezo,92194,Miranda de Ebro,"C. Sorribas, 16, 09200 Miranda de Ebro, Burgos, España",9200,8,Bar,4.8,,16,14,1,1,0,0,42.6853577,-2.9499597,POINT(-2.9499597 42.6853577),$,7,false,false,2026-05-28 18:43:08.381839 UTC,2026-06-15 21:57:18.051201 UTC,false,false
ChIJM7IWNKCaTw0Ru_NKs9M4aps,Ecus,92194,Miranda de Ebro,"C. Arenal, 45, 09200 Miranda de Ebro, Burgos, España",9200,8,Bar,4.7,,67,54,9,2,1,1,42.68473,-2.9464151,POINT(-2.9464151 42.68473),$,2,false,false,2026-05-28 18:43:08.381818 UTC,2026-06-15 22:09:54.190574 UTC,false,false
ChIJz6g5HA2bTw0RSzGldjmaVGE,Mia Moda y Complementos,92194,Miranda de Ebro,"C. Ramón y Cajal, 30, bajo, 09200 Miranda de Ebro, Burgos, España",9200,27,Comercio,4.8,,6,5,1,0,0,0,42.6869556,-2.9436042,POINT(-2.9436042 42.6869556),,1,false,false,2026-06-16 01:34:43.596516 UTC,,false,false
ChIJVWknK1mbTw0REpepJ8dlhKY,Herboristería MIEL Y CANELA,92194,Miranda de Ebro,"Pl. Cervantes, 1, 09200 Miranda de Ebro, Burgos, España",9200,43,Herbolario,5.0,,7,7,0,0,0,0,42.6847215,-2.9483274,POINT(-2.9483274 42.6847215),,4,false,false,2026-06-16 01:34:45.367779 UTC,,true,false
ChIJXaMuc6OaTw0R7HQnbgUCNGw,Plaza de Abastos,92194,Miranda de Ebro,"C. Abastos, 1, 09200 Miranda de Ebro, Burgos, España",9200,58,Mercado,4.5,,304,0,0,0,0,0,42.6856204,-2.9456837,POINT(-2.9456837 42.6856204),,32,false,false,2026-06-16 01:32:43.636880 UTC,,true,false
ChIJ_-Kx2D2bTw0RQy-pAfQT96A,Carrefour Express EESS,92194,Miranda de Ebro,"Camino Fuente Basilio, 2, 09200 Miranda de Ebro, Burgos, España",9200,99,Supermercado,5.0,,1,0,0,0,0,0,42.6866873,-2.9615426,POINT(-2.9615426 42.6866873),,2,false,false,2026-06-16 01:32:43.636900 UTC,,false,false
ChIJT1GHdaSaTw0RAJ07tsmH7dY,Sistemas Miranda,92194,Miranda de Ebro,"C. Condado de Treviño, 29, B, 09200 Miranda de Ebro, Burgos, España",9200,118,Tienda de informática,4.2,,61,41,7,5,2,6,42.68437,-2.944523,POINT(-2.944523 42.68437),,3,true,false,2026-06-16 01:34:01.707295 UTC,,false,false
ChIJxVcWgZ-bTw0RekGYp5ir7ck,MirandaPc 💻,92194,Miranda de Ebro,"C. Arenal, 76, 09200 Miranda de Ebro, Burgos, España",9200,118,Tienda de informática,4.8,,73,66,5,0,0,2,42.6861327,-2.9437068,POINT(-2.9437068 42.6861327),,8,false,false,2026-06-16 01:33:11.365953 UTC,,false,false
ChIJxyexFHybTw0RHRC_rrO5wKk,Pilar Prieto,92194,Miranda de Ebro,"C. La Estación, 19, 09200 Miranda de Ebro, Burgos, España",9200,126,Tienda de ropa de mujer,4.6,,12,7,5,0,0,0,42.6874413,-2.9449843,POINT(-2.9449843 42.6874413),,27,false,false,2026-06-16 01:33:51.570168 UTC,,false,false
ChIJK9f4VKKaTw0RL43M7DqBA1g,pabloochoa.shoes,92194,Miranda de Ebro,"C. La Estación, 32, 34, 09200 Miranda de Ebro, Burgos, España",9200,129,Zapatería,3.9,,10,5,2,1,1,1,42.6873079,-2.9445022,POINT(-2.9445022 42.6873079),,2,false,false,2026-06-16 01:34:22.210923 UTC,,false,false
ChIJbZtOL6KaTw0RXwpcer2ydFg,Baby Boom Miranda,92194,Miranda de Ebro,"C. del Cid, 12, Bajo, 09200 Miranda de Ebro, Burgos, España",9200,275,Tienda de ropa infantil,4.7,,20,16,3,0,0,1,42.686134,-2.9443849,POINT(-2.9443849 42.686134),,14,false,false,2026-06-16 01:33:23.380746 UTC,,false,false
ChIJbfNAzhKQTw0RhisnRnThRY0,HYUNDAI-OMODA-JAECOO Automóviles Izquierdo (Confortauto),92194,Miranda de Ebro,"Pol. Industrial de Bayas, C. Guadalquivir, 1, 09200 Miranda de Ebro, Burgos, España",9200,278,Compraventa de automóviles,4.2,,90,55,16,7,2,10,42.688167,-2.9220287,POINT(-2.9220287 42.688167),,28,false,false,2026-06-16 01:33:28.649471 UTC,,false,false
ChIJB6VjvRabRQ0RnLsi8bdRaSA,Talleres Marín,92740,Pradoluengo,"C. San Roque, 10, 09260 Pradoluengo, Burgos, España",9260,102,Taller de reparación de automóviles,4.5,,14,9,3,2,0,0,42.3258366,-3.2037157,POINT(-3.2037157 42.3258366),,1,false,false,2026-05-31 02:49:59.778194 UTC,2026-06-15 20:37:58.719003 UTC,true,false
ChIJb0BoGMP8RQ0RO_sEJW5QHeQ,Bodegas Sáiz,90597,Burgos,,,15,Bodega,3.9,,15,0,0,0,0,0,42.3513723,-3.6913417,POINT(-3.6913417 42.3513723),,1,false,false,2026-05-01 21:58:09.894749 UTC,,true,false
ChIJk5KdCDD9RQ0R4RgiViKHCCs,H Frías Carnicería,90597,Burgos,,,19,Carnicería,4.7,,15,0,0,0,0,0,42.3434996,-3.7136865,POINT(-3.7136865 42.3434996),,17,false,false,2026-05-01 21:59:30.728332 UTC,,false,false
ChIJ2z7WiDH9RQ0RMvsbwZ0qhKM,Centro de estética Laura,90597,Burgos,,,22,Centro de estética,5.0,,32,0,0,0,0,0,42.3360025,-3.7036534,POINT(-3.7036534 42.3360025),,10,false,false,2026-05-01 22:13:30.565698 UTC,,false,false
ChIJK2gRP8D9RQ0RCiuGjVWcJN8,Policlinic Center Martín Alonso,90597,Burgos,,,24,Clínica dental,5.0,,130,0,0,0,0,0,42.35985,-3.67838,POINT(-3.67838 42.35985),,27,false,false,2026-05-01 22:14:19.230945 UTC,,false,false
ChIJDa1T_8_8RQ0RkWSKqxautx0,Ferretería Roycha,90597,Burgos,,,35,Ferretería,4.3,,321,0,0,0,0,0,42.345036,-3.689437,POINT(-3.689437 42.345036),,58,false,false,2026-05-01 21:54:00.373351 UTC,,false,false
ChIJ94QnmHT9RQ0Ri1X1X3ElUdg,Burger Station,90597,Burgos,,,41,Hamburguesería,4.1,,84,52,10,8,3,11,42.3406456,-3.7027661,POINT(-3.7027661 42.3406456),,83,false,false,2026-05-06 11:39:21.810492 UTC,,false,false
ChIJw3wTO33jRQ0RoLII9sFf8-E,Juguettos,90597,Burgos,,,53,Juguetería,4.5,,91,0,0,0,0,0,42.3330905,-3.7004342,POINT(-3.7004342 42.3330905),,43,false,false,2026-05-01 22:02:39.908239 UTC,,false,false
ChIJ4SmutIH9RQ0Rv6dhwwYHlVo,Arenal Perfumerías,90597,Burgos,,,69,Perfumería,3.9,4.280825762078166,433,192,129,43,15,54,42.349,-3.682,POINT(-3.682 42.349),,15,false,false,2026-05-07 20:27:03.708216 UTC,2026-06-15 23:11:34.196040 UTC,false,false
ChIJJ3cMh-r8RQ0RBPjB_Uox07Y,Restaurante Oriental,90597,Burgos,,,74,Restaurante asiático,4.0,,956,441,258,114,58,85,42.3553574,-3.6840254,POINT(-3.6840254 42.3553574),$,267,false,false,2026-05-06 11:39:27.500372 UTC,,false,false
ChIJn189LqD9RQ0RTTB23FTOuZ0,Ricardo Temiño Restaurante,90597,Burgos,,,76,Restaurante de alta cocina,4.4,,29,22,2,1,3,1,42.343221,-3.7001516,POINT(-3.7001516 42.343221),,260,false,false,2026-05-06 11:39:23.166102 UTC,,false,false
ChIJqcCMfJP9RQ0RmK-9tKMxJns,Sushisom,90597,Burgos,,,84,Restaurante de sushi,4.4,,2353,1632,391,101,63,166,42.3595074,-3.6951261,POINT(-3.6951261 42.3595074),$$,968,false,false,2026-05-06 11:39:27.500265 UTC,,false,false
ChIJAz_ewtf8RQ0R_x0jhPc1vIk,La Parrilla del Royal,90597,Burgos,,,85,Restaurante especializado en barbacoa,3.7,,1982,802,534,233,118,295,42.34275,-3.7022097,POINT(-3.7022097 42.34275),$$,1346,false,false,2026-05-06 11:39:02.669298 UTC,,false,false
ChIJtXj73tn8RQ0RY48gbZVu3QE,Sergi Vidal Restaurante,90597,Burgos,,,94,Restaurante mediterráneo,4.2,,789,435,214,73,30,37,42.3442916,-3.6994544,POINT(-3.6994544 42.3442916),$,899,false,false,2026-05-06 11:39:06.088418 UTC,,false,false
ChIJsZb4pxr9RQ0ROF7j8OxRG2g,Donde Ana,90597,Burgos,,,104,Tienda de alimentación,5.0,,17,0,0,0,0,0,42.3379069,-3.7004465,POINT(-3.7004465 42.3379069),,7,false,false,2026-05-01 21:51:54.367002 UTC,,false,false
ChIJb_wGrKT8RQ0RBwGNooR8sOM,Ortopedia Mundo Fácil,90597,Burgos,,,109,Tienda de artículos ortopédicos,3.1,,42,21,1,0,1,19,42.3495996,-3.6735331,POINT(-3.6735331 42.3495996),,54,false,false,2026-05-07 20:27:26.811502 UTC,,false,false
ChIJA0mA9EP7RQ0RLZ2xoIsQWlI,"Bigmat Fontecha – Materiales de construcción, interiorismo y decoración en Burgos",90597,Burgos,,,111,Tienda de artículos para el hogar,4.1,,127,0,0,0,0,0,42.351262,-3.648661,POINT(-3.648661 42.351262),,298,false,false,2026-05-01 21:54:01.811890 UTC,2026-06-15 23:23:28.878752 UTC,false,false
ChIJbVcmqcj8RQ0RROSI0pBKCDA,ProyectPC.com,90597,Burgos,,,118,Tienda de informática,4.7,,170,0,0,0,0,0,42.344369,-3.6871798,POINT(-3.6871798 42.344369),,29,false,false,2026-05-01 21:55:40.561534 UTC,,false,false
ChIJMbj6pzr9RQ0RJrOh2AdXzHk,Óptica San Pedro de la Fuente,90597,Burgos,,,130,Óptica,4.6,,19,0,0,0,0,0,42.3437572,-3.7137115,POINT(-3.7137115 42.3437572),,1,false,false,2026-05-01 22:18:09.002554 UTC,,false,false
ChIJDzfOUNb8RQ0RC3YlQ2N1F1Y,Museo del Libro Fadrique de Basilea,90597,Burgos,"Travesia del Mercado, 3, Bajo, 09003 Burgos, España",9003,181,Museo,4.2,,145,0,0,0,0,0,42.341178,-3.7006805,POINT(-3.7006805 42.341178),,371,false,true,2026-06-18 21:12:23.432776 UTC,,false,true
ChIJxzc3TAD9RQ0RvxpVKfK1LnE,Parque infantil,90597,Burgos,"C. de José Vicente del Val, 09006 Burgos, España",9006,204,Parque infantil,5.0,,1,1,0,0,0,0,42.3647289,-3.6736095,POINT(-3.6736095 42.3647289),,2,false,false,2026-06-18 20:24:01.858590 UTC,,true,true
ChIJ6anq8dr9RQ0R-fg6b3SE7HM,Parque infantil Plaza La Yecla,90597,Burgos,"C. Murcia, 7, 09003 Burgos, España",9003,204,Parque infantil,3.8,,6,0,0,0,0,0,42.3462271,-3.7165168,POINT(-3.7165168 42.3462271),,0,false,false,2026-06-18 20:24:01.836303 UTC,,true,true
ChIJMy8Bb-n8RQ0R-2tc1D5T53M,Parque Infantil de Pozanos,90597,Burgos,"C. Pozanos, 11, 09006 Burgos, España",9006,204,Parque infantil,3.9,,22,0,0,0,0,0,42.3575844,-3.6884551,POINT(-3.6884551 42.3575844),,3,false,false,2026-06-18 20:24:01.748806 UTC,,true,true
ChIJYaSB_bXFRQ0R9FRvR8RbJ-0,Carnicería Molinero,91139,Covarrubias,"C. de los Castros, 8, 09346 Covarrubias, Burgos, España",9346,19,Carnicería,4.6,9.4169969728973228,22,0,0,0,0,0,42.05896,-3.52103,POINT(-3.52103 42.05896),,1,false,false,2026-07-02 00:21:30.342275 UTC,2026-07-01 23:57:48.734643 UTC,false,true
ChIJ____P8rFRQ0RIAIlo9tIrbI,Ermita de San Olav,91139,Covarrubias,"BU-905, 09346 Covarrubias, Burgos, España",9346,151,Capilla,4.1,7.1955201293458222,393,0,0,0,0,0,42.0595868,-3.4984361,POINT(-3.4984361 42.0595868),,954,false,false,2026-07-02 00:46:28.876970 UTC,2026-07-01 23:31:53.607641 UTC,false,false
ChIJsVXcI6GaTw0R8kKv78K1JAc,Cafetería Trébol,92194,Miranda de Ebro,"C. Concepción Arenal, 10, 09200 Miranda de Ebro, Burgos, España",9200,8,Bar,4.1,,48,25,13,5,2,3,42.6882486,-2.9416091,POINT(-2.9416091 42.6882486),$,22,false,false,2026-06-16 01:34:41.770445 UTC,2026-06-15 21:56:26.907285 UTC,false,false
ChIJLeZuvKCaTw0RVqn2TELa0PQ,Bar Greenland,92194,Miranda de Ebro,"C. Cdad. de Vierzon, 32, 09200 Miranda de Ebro, Burgos, España",9200,8,Bar,4.2,,202,112,50,21,11,8,42.6857075,-2.9383057,POINT(-2.9383057 42.6857075),$,19,false,false,2026-05-28 18:43:04.764056 UTC,2026-06-15 21:38:52.519946 UTC,true,false
ChIJKQ2q9eubTw0Rtp1TUQVMh5w,Mesón Oroncillo,92194,Miranda de Ebro,"Ctra. Orón, 76, 09200 Miranda de Ebro, Burgos, España",9200,10,Bar restaurante,3.9,,87,41,13,19,8,6,42.6794439,-2.9673369,POINT(-2.9673369 42.6794439),$,12,false,false,2026-05-28 18:42:42.082902 UTC,2026-06-15 22:29:40.577484 UTC,true,false
ChIJddDbhKSaTw0RmKc4f82VlD0,Café Olé ☕️🍺🍤,92194,Miranda de Ebro,"C. San Agustín, 26, 09200 Miranda de Ebro, Burgos, España",9200,17,Cafetería,4.3,,12,8,2,1,0,1,42.684099,-2.9456784,POINT(-2.9456784 42.684099),,2,false,false,2026-06-16 01:35:53.036569 UTC,2026-06-15 21:58:41.831459 UTC,false,false
ChIJ8Zib7ryaTw0Rh8m_fxeu-m4,Bar Iman Cafeteria,92194,Miranda de Ebro,"C. Vitoria, 13, 09200 Miranda de Ebro, Burgos, España",9200,17,Cafetería,4.0,,97,47,20,19,7,4,42.6859758,-2.9492333,POINT(-2.9492333 42.6859758),$,14,false,false,2026-06-16 01:34:18.358857 UTC,2026-06-15 21:39:22.352922 UTC,false,false
ChIJO88VtaOaTw0RwN2afnoGm0s,Oh my Cut! Ramón y Cajal,92194,Miranda de Ebro,"C. Ramón y Cajal, 26, 09200 Miranda de Ebro, Burgos, España",9200,67,Peluquería,3.9,,142,75,28,12,2,25,42.6868751,-2.9438897,POINT(-2.9438897 42.6868751),,16,false,false,2026-06-16 01:29:51.598633 UTC,,false,false
ChIJ84oci7yaTw0RNbpKnM1mmls,Restaurante El Rincón del Jamón,92194,Miranda de Ebro,"C. Sorribas, 18, 09200 Miranda de Ebro, Burgos, España",9200,73,Restaurante,4.5,,347,229,82,24,4,8,42.6854999,-2.9497268,POINT(-2.9497268 42.6854999),$,45,true,false,2026-05-28 18:43:21.619733 UTC,2026-06-15 22:38:44.797660 UTC,false,false
ChIJwU2HC16bTw0R-uLbsX6KVcY,Rapimueble Miranda de Ebro,92194,Miranda de Ebro,"C. San Agustín, 46, 09200 Miranda de Ebro, Burgos, España",9200,120,Tienda de muebles,3.6,,82,36,13,12,7,14,42.6816828,-2.942438,POINT(-2.942438 42.6816828),,18,false,false,2026-06-16 01:32:45.482353 UTC,,false,false
ChIJSc_ZUaKaTw0RU80zRodHq0w,Multiópticas,92194,Miranda de Ebro,"C. La Estación, 42, 09200 Miranda de Ebro, Burgos, España",9200,130,Óptica,4.9,,220,205,9,1,0,5,42.6873875,-2.9444339,POINT(-2.9444339 42.6873875),,27,false,false,2026-06-16 01:32:47.270568 UTC,,false,false
ChIJ2dZyAPGaTw0RtrxgmQrlQrU,Plataforma Logística DIA Miranda de Ebro,92194,Miranda de Ebro,"A-2122, 09200 Miranda de Ebro, Burgos, España",9200,237,Almacén,3.2,,441,0,0,0,0,0,42.7012611,-2.9651583,POINT(-2.9651583 42.7012611),,61,false,false,2026-06-16 01:32:39.735820 UTC,,false,false
ChIJeWo8gNibTw0RAuK4_FoUEOA,Compro Oro Miranda de Ebro - Orocash,92194,Miranda de Ebro,"Av. Comuneros de Castilla, 3, 09200 Miranda de Ebro, Burgos, España",9200,280,Comerciante de oro,4.8,,21,18,2,1,0,0,42.6875559,-2.9436209,POINT(-2.9436209 42.6875559),,19,false,false,2026-06-16 01:33:42.541769 UTC,,false,false
ChIJ67uQjxObRQ0RxiwruZ0damQ,Susi B,92740,Pradoluengo,"C. de José Antonio Primo de Rivera, 1, 09260 Pradoluengo, Burgos, España",9260,67,Peluquería,5.0,,2,0,0,0,0,0,42.3240541,-3.2013376,POINT(-3.2013376 42.3240541),,7,false,false,2026-05-31 02:49:42.534365 UTC,2026-06-15 20:37:43.394806 UTC,false,false
ChIJLa87PQCbRQ0R_L7e7CWYHxs,PARQUE,92740,Pradoluengo,"C. San Roque, 8, bajo 5, 09260 Pradoluengo, Burgos, España",9260,203,Parque,0.0,,0,0,0,0,0,0,42.3256758,-3.2038923,POINT(-3.2038923 42.3256758),,1,false,false,2026-05-31 03:12:17.100851 UTC,2026-06-15 20:30:39.123419 UTC,true,false
ChIJiXra_H6bRQ0R9c451vrccR8,Senda de Los Batanes,92740,Pradoluengo,"09260 Pradoluengo, Burgos, España",9260,208,Zona de senderismo,4.7,9.5526825948618352,98,0,0,0,0,0,42.3206685,-3.1929643,POINT(-3.1929643 42.3206685),,122,false,false,2026-05-31 03:11:57.851526 UTC,2026-06-15 20:36:07.996865 UTC,true,false
ChIJBd3DUNubRQ0Rghrae7zA36w,Fuente Bollo,92740,Pradoluengo,"C. de José Antonio Primo de Rivera, 49, 09260 Pradoluengo, Burgos, España",9260,211,Fuente de agua potable,0.0,,0,0,0,0,0,0,42.324449,-3.2031644,POINT(-3.2031644 42.324449),,1,false,true,2026-05-31 02:45:02.081805 UTC,2026-06-15 20:25:05.823512 UTC,true,false
ChIJ7x8a29f8RQ0RPQJZFh9TI-A,Los Finos Gastrobar,90597,Burgos,,,9,Bar de tapas,4.4,,797,520,185,49,15,28,42.3427541,-3.7018434,POINT(-3.7018434 42.3427541),$$,400,false,false,2026-05-06 11:39:06.088442 UTC,,false,false
ChIJuyE8jJj8RQ0RFDlfIE1wAy8,Carnicería Quintana,90597,Burgos,,,19,Carnicería,5.0,,11,0,0,0,0,0,42.3594665,-3.6806886,POINT(-3.6806886 42.3594665),,15,false,false,2026-05-01 21:59:30.728238 UTC,,false,false
ChIJN6o7kMX8RQ0RR4K0XTZ2EpE,Clínica Colina,90597,Burgos,,,24,Clínica dental,4.6,,218,0,0,0,0,0,42.3481205,-3.6935575,POINT(-3.6935575 42.3481205),,78,false,false,2026-05-01 22:14:19.230872 UTC,,false,false
ChIJf9Zn-9X8RQ0RgBsFT0YCMv0,Farmacia García Echeveste,90597,Burgos,,,34,Farmacia,3.0,,4,2,0,0,0,2,42.3385732,-3.7025434,POINT(-3.7025434 42.3385732),,1,false,false,2026-05-07 20:27:25.419776 UTC,,true,false
ChIJMUSgYtTiRQ0RmHPXzvIssK0,Farmacia Ibarra,90597,Burgos,,,34,Farmacia,4.3,,31,0,0,0,0,0,42.3315407,-3.7074287,POINT(-3.7074287 42.3315407),,32,false,false,2026-05-07 20:26:46.758765 UTC,,false,false
ChIJiTcHv838RQ0R0eC9GQoxDSI,Farmacia Cristina Martínez Zaldo,90597,Burgos,,,34,Farmacia,4.4,,32,0,0,0,0,0,42.3386735,-3.689829,POINT(-3.689829 42.3386735),,54,false,false,2026-05-07 20:26:46.758824 UTC,,false,false
ChIJ5Vzox9f8RQ0RRV6jyWUCvwY,Librería Luz Y Vida,90597,Burgos,,,56,Librería,4.8,,516,0,0,0,0,0,42.342351,-3.7017315,POINT(-3.7017315 42.342351),,144,false,false,2026-05-01 22:03:33.127226 UTC,,false,false
ChIJ0R_pdKD8RQ0RyCsvn_eycIQ,"Librerías Hijos de Santiago Rodríguez, S.A. | Burgos",90597,Burgos,,,56,Librería,4.5,,719,0,0,0,0,0,42.3433748,-3.7012023,POINT(-3.7012023 42.3433748),,156,false,false,2026-05-01 22:03:31.730092 UTC,,false,false
ChIJC7PQb5H8RQ0RlRBC8JBCDAQ,Peluquería Pretty,90597,Burgos,,,67,Peluquería,4.3,,42,0,0,0,0,0,42.3613606,-3.6765345,POINT(-3.6765345 42.3613606),,4,false,false,2026-05-01 22:16:34.308319 UTC,,false,false
ChIJqegSic_8RQ0R_q1NeSFDgsE,Talleres Félix - Taller mecánico en Burgos,90597,Burgos,,,102,Taller de reparación de automóviles,4.4,,75,0,0,0,0,0,42.3442103,-3.6911601,POINT(-3.6911601 42.3442103),,6,false,false,2026-05-01 22:17:25.938435 UTC,,false,false
ChIJx4R68MjjRQ0Re2uIySslbmM,PREMIER BURGOS (ALIMENTACIÓN Y LOCUTORIO),90597,Burgos,,,104,Tienda de alimentación,4.8,,18,0,0,0,0,0,42.3319144,-3.7001301,POINT(-3.7001301 42.3319144),,3,false,false,2026-05-01 21:50:11.959010 UTC,,false,false
ChIJX6HG_tb8RQ0RwOkUdBQnb2g,Krack Burgos,90597,Burgos,,,129,Zapatería,4.0,,138,0,0,0,0,0,42.3416465,-3.6997823,POINT(-3.6997823 42.3416465),,25,false,false,2026-05-01 22:12:35.290234 UTC,,false,false
ChIJF63iTFn9RQ0R0DEK_oLGU1I,Parque infantil Autovia,90597,Burgos,"C. Timoteo Arnaiz, 1, 09002 Burgos, España",9002,204,Parque infantil,3.0,,3,1,0,1,0,1,42.3410003,-3.6847727,POINT(-3.6847727 42.3410003),,14,false,false,2026-06-18 20:24:01.853084 UTC,,true,true
ChIJZ0gRrJP8RQ0RbP6i5DNcJZw,APRENDER JUGANDO LUDIK,90597,Burgos,"C/ Duque de Frías, 27, 09006 Burgos, España",9006,204,Parque infantil,4.5,,11,9,1,0,0,1,42.3617766,-3.6797418,POINT(-3.6797418 42.3617766),,4,false,false,2026-06-18 20:24:04.448329 UTC,,false,true
ChIJd-6Z67L9RQ0RcDx6Wn-77sI,Parque infantil Las Torres,90597,Burgos,"Calle Severo Ochoa, 57, 09006 Burgos, España",9006,204,Parque infantil,3.0,,1,0,0,1,0,0,42.353756,-3.6740292,POINT(-3.6740292 42.353756),,4,false,false,2026-06-18 20:24:04.398525 UTC,,true,true
ChIJCWzhWij9RQ0RfvF0NbxwL-g,"Centro de Arte ""Caja de Burgos"" - CAB",90597,Burgos,"C. Saldaña, S/N, 09003 Burgos, España",9003,332,Museo de arte moderno,4.6,,711,0,0,0,0,0,42.3422089,-3.70487,POINT(-3.70487 42.3422089),,1349,false,false,2026-06-18 21:12:23.432737 UTC,,false,true
ChIJizL1WqubTw0Rd-gxHhmKxd4,Bar Bahía,92194,Miranda de Ebro,"Calle san Juan numero2bajo, 09200 Miranda de Ebro, Burgos, España",9200,8,Bar,4.3,,14,9,2,2,0,1,42.6834377,-2.9524471,POINT(-2.9524471 42.6834377),,32,false,false,2026-06-16 01:29:48.168090 UTC,2026-06-15 21:34:27.234486 UTC,false,false
ChIJj_SOqKOaTw0R54xCVGaesfs,La Cerveceria,92194,Miranda de Ebro,"C. Ramón y Cajal, 21, 09200 Miranda de Ebro, Burgos, España",9200,8,Bar,4.2,,172,89,49,24,2,8,42.6864213,-2.9448836,POINT(-2.9448836 42.6864213),$,10,false,false,2026-05-28 18:43:04.764262 UTC,2026-06-15 22:23:44.906520 UTC,true,false
ChIJyexHEKOaTw0RvwAWWVNfx8A,Bar The Cotton Club ☕️🍷🍺,92194,Miranda de Ebro,"Calle Francisco Cantera, 4, 09200 Miranda de Ebro, Burgos, España",9200,8,Bar,4.4,,364,202,108,43,7,4,42.6863371,-2.9458454,POINT(-2.9458454 42.6863371),$,25,false,false,2026-05-28 18:43:02.994698 UTC,2026-06-15 21:46:01.041321 UTC,true,false
ChIJ_VVWTWCbTw0Rh58rMXOCT7Q,BAR LA CABRA,92194,Miranda de Ebro,"C. Ramón y Cajal, 28, 09200 Miranda de Ebro, Burgos, España",9200,8,Bar,4.7,,66,57,5,1,2,1,42.6868762,-2.9437213,POINT(-2.9437213 42.6868762),,36,false,false,2026-06-16 01:34:22.210897 UTC,2026-06-15 21:30:57.527481 UTC,false,false
ChIJdZPE0qOaTw0RTiaOUjqa6dw,Bar Interferencias,92194,Miranda de Ebro,"Av. Comuneros de Castilla, 9, 09200 Miranda de Ebro, Burgos, España",9200,8,Bar,4.5,,303,191,78,23,4,7,42.6870665,-2.9429992,POINT(-2.9429992 42.6870665),$,23,false,false,2026-06-16 01:30:04.272278 UTC,2026-06-15 21:39:38.721431 UTC,false,false
ChIJuXADSgCbTw0R0ULa0UKyR0Y,Action Miranda de Ebro Carretera de Bilbao,92194,Miranda de Ebro,"Ctra. Bilbao, 42, 09200 Miranda de Ebro, Burgos, España",9200,12,Bazar,3.9,,61,33,13,3,1,11,42.6931357,-2.9510844,POINT(-2.9510844 42.6931357),,23,false,false,2026-06-16 01:34:07.070350 UTC,,true,false
ChIJX8p9XhSbTw0Re36Gb6vw8j4,La Casa De La Carne(Carnicería charcutería halla)Pollo Asado(Solo los domingos,92194,Miranda de Ebro,"C. Concepción Arenal, 22, 09200 Miranda de Ebro, Burgos, España",9200,19,Carnicería,5.0,,1,1,0,0,0,0,42.6875019,-2.9409191,POINT(-2.9409191 42.6875019),,18,false,false,2026-06-16 01:34:43.596586 UTC,,false,false
ChIJqa31XaCaTw0RZhWanVP5ZsU,Carniceria Aleixandre,92194,Miranda de Ebro,"C. Vicente Aleixandre, 11, 09200 Miranda de Ebro, Burgos, España",9200,19,Carnicería,4.7,,15,14,0,0,0,1,42.6874637,-2.9387895,POINT(-2.9387895 42.6874637),,33,false,false,2026-06-16 01:35:58.433752 UTC,,false,false
ChIJUxf4UgCbTw0R3RZMQDIjbak,Allimentacion Ruben Benlliure,92194,Miranda de Ebro,"C. Almacenes, 33, 09200 Miranda de Ebro, Burgos, España",9200,27,Comercio,0.0,,0,0,0,0,0,0,42.688497,-2.947677,POINT(-2.947677 42.688497),,1,false,false,2026-06-16 01:35:35.957068 UTC,,true,false
ChIJj-5p07yaTw0RlCVVVvzLvwI,Centro Dietetico Ronda,92194,Miranda de Ebro,"C. Rda. del Ferrocarril, 20, 09200 Miranda de Ebro, Burgos, España",9200,43,Herbolario,4.9,,7,6,1,0,0,0,42.6864633,-2.9474247,POINT(-2.9474247 42.6864633),,5,false,false,2026-06-16 01:34:45.367575 UTC,,true,false
ChIJI02Wci6bTw0RIL_dfcDbU2c,Romeo y Julieta moda infantil,92194,Miranda de Ebro,"09200 Miranda de Ebro, Burgos, España",9200,124,Tienda de ropa,5.0,,1,1,0,0,0,0,42.6855051,-2.9464198,POINT(-2.9464198 42.6855051),,5,false,false,2026-06-16 01:35:00.809491 UTC,,false,false
ChIJL5Ghz6OaTw0RGRtl6RLA2gg,Federópticos Jomsa,92194,Miranda de Ebro,"C. Arenal, 77, 09200 Miranda de Ebro, Burgos, España",9200,130,Óptica,4.9,,169,162,3,0,0,4,42.6865032,-2.9433863,POINT(-2.9433863 42.6865032),,53,false,false,2026-06-16 01:34:22.211192 UTC,,false,false
ChIJSQxxcACbTw0RrhTpuL54FZ4,Taberna Samuel,92194,Miranda de Ebro,"C. de la Fuente, 12, 09200 Miranda de Ebro, Burgos, España",9200,213,Taberna,0.0,,0,0,0,0,0,0,42.68287,-2.952594,POINT(-2.952594 42.68287),,1,false,false,2026-05-28 18:42:55.640820 UTC,2026-06-15 22:44:02.827831 UTC,true,false
ChIJVVUlxKOaTw0R6Eo5knPjxOU,Cafés Gometero ☕️,92194,Miranda de Ebro,"C. Arenal, 76, 09200 Miranda de Ebro, Burgos, España",9200,223,Tienda de café,4.7,,19,16,2,0,0,1,42.6861609,-2.9436811,POINT(-2.9436811 42.6861609),,22,false,false,2026-06-16 01:35:00.809503 UTC,2026-06-15 22:01:15.564061 UTC,false,false
ChIJLVahiaGaTw0RXtxu8ObkOLQ,Orosco Club,92194,Miranda de Ebro,"C. Ramón y Cajal, 44, 09200 Miranda de Ebro, Burgos, España",9200,242,Discoteca,3.6,,304,130,55,52,14,53,42.6878192,-2.9423864,POINT(-2.9423864 42.6878192),$$,25,false,false,2026-06-16 01:29:20.754735 UTC,,false,false
ChIJsaUAUKKaTw0RvkyFozzXPns,women'secret,92194,Miranda de Ebro,"C. La Estación, 23, 09200 Miranda de Ebro, Burgos, España",9200,267,Tienda de lencería,4.2,,40,24,7,4,1,4,42.6875069,-2.9446733,POINT(-2.9446733 42.6875069),,4,false,false,2026-06-16 01:33:02.002642 UTC,,false,false
ChIJTzXadhObRQ0RDTzDUzKWmLs,Peluquería Colors,92740,Pradoluengo,"Pl. del Mercado, 4, 09260 Pradoluengo, Burgos, España",9260,67,Peluquería,4.8,,4,0,0,0,0,0,42.3240117,-3.2001322,POINT(-3.2001322 42.3240117),,1,false,false,2026-05-31 02:49:42.534331 UTC,2026-06-15 20:33:13.500229 UTC,false,false
ChIJPxLZdBSbRQ0RbguZ9UIDmGo,Alimentación El Nido,92740,Pradoluengo,"C. San Roque, 1, 09260 Pradoluengo, Burgos, España",9260,104,Tienda de alimentación,4.5,,6,0,0,0,0,0,42.3248478,-3.2017599,POINT(-3.2017599 42.3248478),,2,false,false,2026-05-31 02:48:10.220882 UTC,2026-06-15 20:09:19.397134 UTC,true,false
ChIJobNhtYCbRQ0RRSa-NSykW_M,Refugio de La Pasada,92740,Pradoluengo,"C. Rodríguez de Valcárcel, 09260 Pradoluengo, Burgos, España",9260,208,Zona de senderismo,4.3,,18,0,0,0,0,0,42.3057162,-3.1792146,POINT(-3.1792146 42.3057162),,9,false,false,2026-05-31 03:11:57.852115 UTC,2026-06-15 20:34:44.946825 UTC,true,false
ChIJdUsk3irjRQ0RlLatvXnwM8o,Bar El Burgalés,90597,Burgos,,,9,Bar de tapas,3.8,,181,70,48,41,9,13,42.3323287,-3.7010428,POINT(-3.7010428 42.3323287),$,16,false,false,2026-05-06 11:39:38.612137 UTC,2026-06-15 23:15:52.653798 UTC,false,false
ChIJgW7-aSr9RQ0ReuFKBhbf_AM,Estética Conchi Burgos,90597,Burgos,,,22,Centro de estética,4.7,,92,0,0,0,0,0,42.33749,-3.70417,POINT(-3.70417 42.33749),,15,false,false,2026-05-01 22:13:32.057234 UTC,,false,false
ChIJawQVt9z8RQ0RiiWkToSGTk8,Colegio Oficial de Farmacéuticos de Burgos,90597,Burgos,,,26,Colegio privado,0.0,,0,0,0,0,0,0,42.3497603,-3.6932067,POINT(-3.6932067 42.3497603),,9,false,false,2026-05-07 20:26:51.734386 UTC,,false,false
ChIJJatsc9f8RQ0RKO3ZRH9gf-4,Clínica Dental Raquel Gómez,90597,Burgos,,,30,Dentista,4.7,,76,0,0,0,0,0,42.3430371,-3.6999462,POINT(-3.6999462 42.3430371),,8,false,false,2026-05-01 22:14:19.231021 UTC,,false,false
ChIJkRGZkyr9RQ0RIVOA5R2fUE4,Farmacia Brotons,90597,Burgos,,,34,Farmacia,1.8,,20,3,1,0,0,16,42.335831,-3.7040114,POINT(-3.7040114 42.335831),,1,false,false,2026-05-07 20:26:46.759127 UTC,,true,false
ChIJc1AqFdr8RQ0Rrr3sys9u76w,Coquelicot Flores,90597,Burgos,,,36,Floristería,4.4,,148,0,0,0,0,0,42.3453391,-3.6963797,POINT(-3.6963797 42.3453391),,76,false,false,2026-05-01 22:02:19.164734 UTC,,false,false
ChIJYWOAzMT8RQ0RPed1k6ddi40,Papelería Real Librería,90597,Burgos,,,56,Librería,4.8,,10,0,0,0,0,0,42.3477583,-3.6925847,POINT(-3.6925847 42.3477583),,9,false,false,2026-05-01 22:03:36.213805 UTC,,true,false
ChIJs4JTUM_8RQ0RlRxjYxjnIao,Restaurante El Errante,90597,Burgos,,,73,Restaurante,4.5,,232,0,0,0,0,0,42.3440844,-3.6881851,POINT(-3.6881851 42.3440844),€1-10,25,false,false,2026-05-06 11:38:42.252801 UTC,,false,false
ChIJJZnDnSDjRQ0RAQvqbohJTBE,Burger King,90597,Burgos,,,81,Restaurante de comida rápida,3.8,,3147,1528,515,429,181,494,42.3178648,-3.7028978,POINT(-3.7028978 42.3178648),$,433,false,false,2026-06-18 20:24:04.418096 UTC,,false,true
ChIJnc5K6KL-RQ0Rq538STBMGJc,Optica 2000 El Mirador,90597,Burgos,,,130,Óptica,3.9,,68,0,0,0,0,0,42.359825,-3.695515,POINT(-3.695515 42.359825),,15,false,false,2026-05-01 22:18:09.002646 UTC,,false,false
ChIJZ2-Qu5P9RQ0RNYKkbDoNlNA,"Parque infantil ""Las Huelgas""",90597,Burgos,"09001 Burgos, España",9001,204,Parque infantil,5.0,,4,0,0,0,0,0,42.3361689,-3.7188181,POINT(-3.7188181 42.3361689),,12,false,false,2026-06-18 20:24:01.806914 UTC,,true,true
ChIJnWuWOgD9RQ0RmedvZ1VVhBo,Parque infantil,90597,Burgos,"09006 Burgos, España",9006,204,Parque infantil,0.0,,0,0,0,0,0,0,42.3612887,-3.6702228,POINT(-3.6702228 42.3612887),,0,false,false,2026-06-18 20:24:01.863809 UTC,,true,false
ChIJWQ7KYHz9RQ0Rc7BIcuuBF5g,Parque Infantil Corazas,90597,Burgos,"C. Álvar Fáñez, 7, 09003 Burgos, España",9003,204,Parque infantil,2.5,,2,0,0,1,1,0,42.34344,-3.7034665,POINT(-3.7034665 42.34344),,1,false,false,2026-06-18 20:24:01.818493 UTC,,true,true
ChIJzaRWvuzFRQ0RnnwFIK6cUPA,Puente de San Pablo,91139,Covarrubias,"C. de Burgos, 901, 09346 Covarrubias, Burgos, España",9346,177,Lugar de interés histórico,4.8,7.5263709293988841,5,0,0,0,0,0,42.0574044,-3.5207514,POINT(-3.5207514 42.0574044),,11,false,false,2026-07-02 00:45:36.019457 UTC,2026-07-02 00:06:48.131151 UTC,true,false
ChIJFVp4cKCaTw0R7iYnI7cmjUM,Cafeteria La Parada ☕️,92194,Miranda de Ebro,"C. Logroño, 34, 09200 Miranda de Ebro, Burgos, España",9200,17,Cafetería,4.7,,98,75,18,3,0,2,42.6877152,-2.9380335,POINT(-2.9380335 42.6877152),$,12,false,false,2026-06-16 01:35:17.689326 UTC,2026-06-15 21:51:18.146286 UTC,true,false
ChIJfwwDMaCaTw0RluiNSiuhK8I,Cafeteria Tripoli,92194,Miranda de Ebro,"C. Arenal, 111, 09200 Miranda de Ebro, Burgos, España",9200,17,Cafetería,4.3,,114,69,24,13,2,6,42.6887933,-2.9397094,POINT(-2.9397094 42.6887933),$,15,false,false,2026-06-16 01:35:15.917457 UTC,2026-06-15 21:51:58.402483 UTC,true,false
ChIJDWk48KOaTw0RH0g6cby0pAA,CHARCUTERÍA DELICIAS,92194,Miranda de Ebro,"C. del Cid, 18, 09200 Miranda de Ebro, Burgos, España",9200,19,Carnicería,4.4,,7,5,0,2,0,0,42.6851602,-2.9432796,POINT(-2.9432796 42.6851602),,1,false,false,2026-06-16 01:33:49.780652 UTC,2026-06-15 21:50:03.943794 UTC,false,false
ChIJs_z0nqCaTw0RVWSxXoCdDZo,Farmacia Ojeda San Miguel,92194,Miranda de Ebro,,,34,Farmacia,2.7,,18,5,2,2,0,9,42.6860118,-2.9377819,POINT(-2.9377819 42.6860118),,3,false,false,2026-06-16 01:35:19.522529 UTC,2026-06-15 22:14:34.457974 UTC,false,false
ChIJy8x7VKKaTw0RvlYlPeQr6nk,Farmacia Teresa Prior,92194,Miranda de Ebro,,,34,Farmacia,3.9,,14,9,1,1,0,3,42.687164,-2.9447785,POINT(-2.9447785 42.687164),,3,false,false,2026-06-16 01:34:43.596557 UTC,2026-06-15 22:15:04.330048 UTC,true,false
ChIJ_9aBqj-bTw0RWuFmalJfzFw,Farmacia Lda. María García Puelles,92194,Miranda de Ebro,,,34,Farmacia,5.0,,1,0,0,0,0,0,42.6886212,-2.9419026,POINT(-2.9419026 42.6886212),,11,false,false,2026-05-07 20:57:47.966143 UTC,2026-06-15 22:13:19.644563 UTC,false,false
ChIJyTGy5OObTw0RoT0L7O9VQmc,Mercadona,92194,Miranda de Ebro,"C. Vitoria, 20, 09200 Miranda de Ebro, Burgos, España",9200,99,Supermercado,3.9,,77,0,0,0,0,0,42.6862243,-2.9492454,POINT(-2.9492454 42.6862243),,38,false,false,2026-06-16 01:32:43.636859 UTC,2026-06-15 22:28:57.309824 UTC,true,false
ChIJv2smbAGRTw0RFdxY05plwr0,Alimentación Carmen,92194,Miranda de Ebro,"C. del Clavel, 10, 09200 Miranda de Ebro, Burgos, España",9200,104,Tienda de alimentación,4.4,,10,8,0,1,0,1,42.6891052,-2.9371641,POINT(-2.9371641 42.6891052),,8,false,false,2026-06-16 01:32:45.482480 UTC,,false,false
ChIJofgla1ebTw0RsPctxbRlXWU,Estanco La Estacion - Estanco en Miranda de Ebro.,92194,Miranda de Ebro,"C. La Estación, 17, 09200 Miranda de Ebro, Burgos, España",9200,246,Estanco,5.0,,4,4,0,0,0,0,42.6873094,-2.9449776,POINT(-2.9449776 42.6873094),,23,false,false,2026-06-16 01:33:42.541943 UTC,,false,false
ChIJWyNl-LObTw0RTyt9Axd1WpQ,La Familia CBD Miranda,92194,Miranda de Ebro,"C. Ramón y Cajal, 36, Bajo Local 10, 09200 Miranda de Ebro, Burgos, España",9200,255,Tienda de cannabis,5.0,,43,41,2,0,0,0,42.6873367,-2.9429579,POINT(-2.9429579 42.6873367),,5,false,false,2026-06-16 01:34:03.505126 UTC,,false,false
ChIJYwDO96GaTw0R15x-IQPBE-4,Comi Sport,92194,Miranda de Ebro,"C. La Estación, 68, 09200 Miranda de Ebro, Burgos, España",9200,262,Tienda de deportes,3.8,,9,5,1,1,0,2,42.6886847,-2.9422733,POINT(-2.9422733 42.6886847),,14,false,false,2026-06-16 01:33:19.772467 UTC,,false,false
ChIJbXRPpqOaTw0R4Aakjud7cJc,Yamamay,92194,Miranda de Ebro,"C. Ramón y Cajal, 16, 09200 Miranda de Ebro, Burgos, España",9200,267,Tienda de lencería,4.6,,34,26,4,3,0,1,42.6862935,-2.9447976,POINT(-2.9447976 42.6862935),,2,false,false,2026-06-16 01:35:00.809541 UTC,,false,false
ChIJDYUih6GaTw0RXf8bwDmJpzU,Carpe Diem Tatuajes,92194,Miranda de Ebro,"C. Juan R. Jiménez, 14, 09200 Miranda de Ebro, Burgos, España",9200,299,Estudio de tatuajes,4.6,,61,52,3,1,1,4,42.6874146,-2.9424736,POINT(-2.9424736 42.6874146),,22,false,false,2026-06-16 01:34:31.447476 UTC,,false,false
ChIJ90ALSACbRQ0RYbmIb_5uS40,PARQUE INFANTIL,92740,Pradoluengo,"C. San Roque, 23, 09260 Pradoluengo, Burgos, España",9260,204,Parque infantil,0.0,,0,0,0,0,0,0,42.3265845,-3.204816,POINT(-3.204816 42.3265845),,1,false,false,2026-05-31 03:12:35.696589 UTC,2026-06-15 20:30:54.946835 UTC,true,false
ChIJTffHw-aaRQ0RMOAMngDScXk,Apartamento rural La Taba para 3 personas,92740,Pradoluengo,"09268, Burgos, España",9268,228,Casa de campo,5.0,,16,0,0,0,0,0,42.3256683,-3.2242301,POINT(-3.2242301 42.3256683),,51,false,false,2026-05-31 02:52:51.304425 UTC,2026-06-15 20:12:04.925582 UTC,false,false
ChIJPXcQUxCbRQ0R_gv4oI77RYQ,Area Recreativa Acebal Vizcarra,92740,Pradoluengo,"09260 Pradoluengo, Burgos, España",9260,232,Campamento,4.3,,28,16,7,3,0,2,42.3213486,-3.204181,POINT(-3.204181 42.3213486),,36,false,false,2026-05-31 02:57:45.146408 UTC,2026-06-15 20:12:20.103156 UTC,true,false
ChIJ7yswStD8RQ0RjFACAXyH3L0,El Corte Inglés La Moneda Edificio 2,90597,Burgos,,,21,Centro comercial,3.9,,1416,0,0,0,0,0,42.3421091,-3.6936478,POINT(-3.6936478 42.3421091),,90,false,true,2026-05-01 21:53:39.012187 UTC,,false,false
ChIJR_nT-ij9RQ0Ro2RY2tFzjCk,Centro de belleza Flor,90597,Burgos,,,22,Centro de estética,4.8,,52,0,0,0,0,0,42.3356033,-3.6979646,POINT(-3.6979646 42.3356033),,18,false,false,2026-05-01 22:13:32.057150 UTC,,true,false
ChIJYVQokaD8RQ0Rf0TEYR7CzI0,Farmacia Santiuste,90597,Burgos,,,34,Farmacia,5.0,,22,22,0,0,0,0,42.3519212,-3.663168,POINT(-3.663168 42.3519212),,23,false,false,2026-05-07 20:27:26.811243 UTC,,false,false
ChIJye2Cbln7RQ0R8TgoLG_Fx5o,Elige Juguetes Y Regalos S A - JUGUETTOS,90597,Burgos,,,53,Juguetería,3.9,,7,0,0,0,0,0,42.3484074,-3.6585322,POINT(-3.6585322 42.3484074),,4,false,false,2026-05-01 22:02:39.908378 UTC,,true,false
ChIJ0xVITNb8RQ0ROdqWFnZHyoU,JUARREÑO | Plaza Mayor,90597,Burgos,,,66,Pastelería,3.8,,1440,564,440,182,77,177,42.3414486,-3.7011795,POINT(-3.7011795 42.3414486),$$,663,false,false,2026-05-06 11:39:23.166220 UTC,,false,false
ChIJ9-SHzqHjRQ0RbZCkklEt-bQ,Peluquería Salón Cristina,90597,Burgos,,,67,Peluquería,4.3,,34,0,0,0,0,0,42.331206,-3.7082599,POINT(-3.7082599 42.331206),,4,false,false,2026-05-01 22:16:34.308358 UTC,,false,false
ChIJP0iAG5_9RQ0R8rqjZdLvB6o,Bella Napoli Pizzería - Con y sin gluten,90597,Burgos,,,70,Pizzería,4.4,8.97481260294444,879,580,172,50,25,52,42.343774,-3.7024784,POINT(-3.7024784 42.343774),$,261,false,false,2026-05-06 11:39:23.166281 UTC,2026-06-15 23:22:56.330026 UTC,false,false
ChIJ-zuB2rn8RQ0R9saat68AuZI,Restaurante El Fogón de Jesusón,90597,Burgos,,,73,Restaurante,4.7,,1439,0,0,0,0,0,42.3467965,-3.6920688,POINT(-3.6920688 42.3467965),€20-30,2253,false,false,2026-05-06 11:38:40.829518 UTC,,false,false
ChIJXbtBGSvjRQ0RDIeo10Tc8GI,MUSHROOM Restaurante,90597,Burgos,,,73,Restaurante,4.7,,909,0,0,0,0,0,42.3328715,-3.7000525,POINT(-3.7000525 42.3328715),€20-30,1040,false,false,2026-05-06 11:38:40.829551 UTC,,false,false
ChIJB_XUh8f8RQ0RJhHDOY9C5NI,Restaurante Cafetería Viena,90597,Burgos,,,77,Restaurante de cocina castellana,3.8,,1495,555,466,279,74,121,42.3464949,-3.6827045,POINT(-3.6827045 42.3464949),$,238,false,false,2026-05-06 11:38:42.252882 UTC,,false,false
ChIJ3_9Et_L9RQ0RWFmIopqm9zM,Restaurante Indio Taj Mahal,90597,Burgos,,,89,Restaurante indio,4.4,,825,561,150,42,25,47,42.3509321,-3.6958016,POINT(-3.6958016 42.3509321),,536,false,false,2026-05-06 11:39:20.455867 UTC,,true,false
ChIJb4ylYdz8RQ0R-dwcDoaFZS4,Auto Fernando Miguel Vicente S.L.,90597,Burgos,,,102,Taller de reparación de automóviles,4.5,,65,0,0,0,0,0,42.3502441,-3.6954762,POINT(-3.6954762 42.3502441),,4,false,false,2026-05-01 22:17:25.938551 UTC,2026-06-15 23:13:28.322175 UTC,true,false
ChIJ38IF1yn9RQ0RRteakIwqjto,La Vieja Castilla,90597,Burgos,,,105,Tienda de alimentos naturales,4.6,,91,0,0,0,0,0,42.341076,-3.703057,POINT(-3.703057 42.341076),,24,false,false,2026-05-01 21:51:53.015925 UTC,,false,false
ChIJXY-IDJkHRg0RUA6MfkVFHig,EMBUTIDOS BURGOS | Morcillas de arroz,90597,Burgos,,,117,Tienda de fiambres,4.8,,20,0,0,0,0,0,42.3689163,-3.73661,POINT(-3.73661 42.3689163),,25,false,false,2026-05-01 21:52:06.371238 UTC,,false,false
ChIJOyLBmRD7RQ0R-vtcunfV6mU,TUCO | Muebles & Deco | Burgos,90597,Burgos,,,120,Tienda de muebles,3.5,,174,0,0,0,0,0,42.3425323,-3.6166605,POINT(-3.6166605 42.3425323),,36,false,false,2026-05-01 21:56:51.513323 UTC,,false,false
ChIJL_4Pg8b9RQ0Roq1uCQ6sn2w,Regalos y Artesanía Tando,90597,Burgos,,,123,Tienda de regalos,4.5,,14,0,0,0,0,0,42.3404848,-3.7037157,POINT(-3.7037157 42.3404848),,57,false,false,2026-05-01 22:10:28.137197 UTC,,false,false
ChIJDT9mRr78RQ0RUwGcJYeKzgM,Parque de los Poetas,90597,Burgos,"C. Gonzalo de Berceo, 09006 Burgos, España",9006,203,Parque,4.1,,686,316,193,114,35,28,42.3537,-3.6788847,POINT(-3.6788847 42.3537),,144,false,false,2026-06-18 20:24:04.404316 UTC,,true,true
ChIJZ0dBdcrFRQ0R-sVxmjPKKq8,Bodegas Covarrubias,91139,Covarrubias,"C. de Gomez Salazar, 18, 09346 Covarrubias, Burgos, España",9346,15,Bodega,4.7,9.396387572642805,40,30,8,2,0,0,42.0601414,-3.5204996,POINT(-3.5204996 42.0601414),,46,false,false,2026-07-02 00:21:08.303441 UTC,2026-07-01 23:54:37.348652 UTC,false,true
ChIJ_01MS8TTRQ0RRgTisNQA7zE,Frontón,91139,Covarrubias,"Av. de Victor Barbadillo, 19, 09346 Covarrubias, Burgos, España",9346,191,Polideportivo,0.0,,0,0,0,0,0,0,42.0602031,-3.5170667,POINT(-3.5170667 42.0602031),,1,false,false,2026-07-02 00:55:02.479323 UTC,2026-07-02 00:14:30.316971 UTC,true,true
ChIJF4GlD6OaTw0Rk4Re2FlwLF4,GASTROBAR CONTINENTAL,92194,Miranda de Ebro,"Calle Francisco Cantera, 5, 09200 Miranda de Ebro, Burgos, España",9200,8,Bar,4.2,8.9168439343338832,426,220,116,53,17,20,42.6862989,-2.9455466,POINT(-2.9455466 42.6862989),$,171,false,false,2026-05-28 18:42:43.943676 UTC,2026-06-15 22:16:09.835682 UTC,false,false
ChIJu5P8TKGaTw0RILWtWu_Va4M,Central perk ️,92194,Miranda de Ebro,"Av. República Argentina, 44, bajo, 09200 Miranda de Ebro, Burgos, España",9200,8,Bar,4.2,,318,167,90,44,6,11,42.6846913,-2.9417597,POINT(-2.9417597 42.6846913),$,45,false,false,2026-05-28 18:43:02.996755 UTC,2026-06-15 22:05:36.257675 UTC,false,false
ChIJp2msCwCbTw0RVWRQt6Fqtfc,El Botxito Bar 🍤🍷☕️,92194,Miranda de Ebro,"09200 Miranda de Ebro, Burgos, España",9200,9,Bar de tapas,5.0,,1,1,0,0,0,0,42.6847253,-2.9490251,POINT(-2.9490251 42.6847253),,16,true,false,2026-05-28 18:43:02.994672 UTC,2026-06-15 22:10:09.016144 UTC,true,false
ChIJH7Lv9wCbTw0RqKXkbqROWog,B,92194,Miranda de Ebro,"Bo. las Matillas, 29, 09200 Miranda de Ebro, Burgos, España",9200,10,Bar restaurante,4.1,,34,19,6,6,0,3,42.6949252,-2.9565705,POINT(-2.9565705 42.6949252),,5,false,false,2026-05-28 18:43:08.381702 UTC,2026-06-15 21:30:26.861581 UTC,true,false
ChIJG34klwqbTw0R3WheLqSCZvw,Yanira boutique,92194,Miranda de Ebro,"C. Arenal, 76, bajo, 09200 Miranda de Ebro, Burgos, España",9200,16,Boutique,5.0,,2,2,0,0,0,0,42.6861327,-2.9437068,POINT(-2.9437068 42.6861327),,21,false,false,2026-06-16 01:35:06.316913 UTC,,false,false
ChIJ60Lz6byaTw0RXe9BtHdlaNg,Bar Pangu,92194,Miranda de Ebro,"C. Vitoria, 12, 09200 Miranda de Ebro, Burgos, España",9200,17,Cafetería,4.2,,51,27,15,4,1,4,42.6858905,-2.9486911,POINT(-2.9486911 42.6858905),$,93,false,false,2026-05-28 18:43:23.394122 UTC,2026-06-15 21:44:34.588431 UTC,false,false
ChIJ1ZjNWB6bTw0RxXyswZHF_uQ,El Rincon Gallego,92194,Miranda de Ebro,"C. Condado de Treviño, 24, 09200 Miranda de Ebro, Burgos, España",9200,17,Cafetería,5.0,,5,5,0,0,0,0,42.6838072,-2.945055,POINT(-2.945055 42.6838072),,4,false,false,2026-05-28 18:43:21.619858 UTC,2026-06-15 22:10:24.734184 UTC,false,false
ChIJAQAwCqOaTw0Rzr2owQVhkYA,La Lechería,92194,Miranda de Ebro,"Calle Francisco Cantera, 9, 09200 Miranda de Ebro, Burgos, España",9200,27,Comercio,5.0,,31,30,1,0,0,0,42.686018,-2.9451851,POINT(-2.9451851 42.686018),,22,false,false,2026-06-16 01:32:45.482377 UTC,,false,false
ChIJSUd0s-abTw0Ro8DlS_BVP3o,ANKARA KEBAB PIZZERIA 2,92194,Miranda de Ebro,"C. Juan R. Jiménez, 11, 09200 Miranda de Ebro, Burgos, España",9200,73,Restaurante,4.1,8.795190988923423,158,114,10,3,2,29,42.6875825,-2.9423521,POINT(-2.9423521 42.6875825),,125,false,false,2026-06-16 01:30:02.461736 UTC,2026-06-04 19:22:31.244899 UTC,false,false
ChIJ278LJruaTw0RuHPKUz0aUps,FISIO-SPA-ACUA S.L.,92194,Miranda de Ebro,,,171,Fisioterapeuta,4.5,,207,152,32,11,3,9,42.6822987,-2.9482547,POINT(-2.9482547 42.6822987),,10,false,false,2026-05-08 17:52:16.861337 UTC,2026-06-15 22:12:00.140396 UTC,false,false
ChIJNb42axKQTw0RW1iHRnvRp3c,Piscina Ence 🏊🏻‍♂️,92194,Miranda de Ebro,,,188,Piscina,4.3,,107,0,0,0,0,0,42.6862122,-2.9268134,POINT(-2.9268134 42.6862122),,9,false,false,2026-05-08 17:52:11.662931 UTC,2026-06-15 22:34:19.224460 UTC,true,false
ChIJJ1DFYbuaTw0RJCVGPmztock,ESTAMBUL Kebab Pizzería,92194,Miranda de Ebro,"C. Leopoldo Lewin, 3, 09200 Miranda de Ebro, Burgos, España",9200,216,Restaurante turco,4.5,8.4950873272221852,877,688,67,43,18,61,42.6843716,-2.9489399,POINT(-2.9489399 42.6843716),$,102,false,false,2026-06-16 01:34:48.998022 UTC,2026-06-15 22:09:15.120305 UTC,false,false
ChIJUym11aWaTw0R5TIZR7Ed8dk,Mercadillo de Miranda de Ebro,92194,Miranda de Ebro,"C. San Agustín, 46, 09200 Miranda de Ebro, Burgos, España",9200,239,Mercadillo,4.2,,1134,578,326,164,28,38,42.681781,-2.9417533,POINT(-2.9417533 42.681781),,219,false,false,2026-06-16 01:32:43.636943 UTC,,false,false
ChIJhZHXu6GaTw0RSm2g2LXm8CE,Hueveria Nicolás,92194,Miranda de Ebro,"C. Arenal, 99, 09200 Miranda de Ebro, Burgos, España",9200,258,Tienda de aves de corral,4.8,,5,4,1,0,0,0,42.6880051,-2.9409046,POINT(-2.9409046 42.6880051),,2,false,false,2026-06-16 01:33:05.691709 UTC,,true,false
ChIJASdf68zFRQ0RYlC-CNZG0j4,Hotel Rural Covarrubias,91139,Covarrubias,"C. Viña Vieja, 09346 Covarrubias, Burgos, España",9346,47,Hotel,4.8,9.5050792554835777,179,152,18,8,0,1,42.0587517,-3.522483,POINT(-3.522483 42.0587517),,190,false,false,2026-07-02 00:58:46.073110 UTC,2026-07-01 23:48:16.171762 UTC,false,false
ChIJ5VjVmyGDSA0RjxTWBzGxBy4,Iglesia de San Bartolomé,90888,Castrillo de Riopisuerga,"Calle Seo, 8, 09108 Castrillo de Riopisuerga, Burgos, España",9108,176,Iglesia católica,0.0,,0,0,0,0,0,0,42.5157826,-4.2532114,POINT(-4.2532114 42.5157826),,47,false,false,2026-05-20 01:12:00.482113 UTC,2026-06-15 19:30:59.009076 UTC,true,false
ChIJq6qqqiX9RQ0RAkcX0PMJTLw,La Cantina Burgos - Bar y restaurante,90597,Burgos,,,9,Bar de tapas,4.2,,1508,0,0,0,0,0,42.3431168,-3.7022264,POINT(-3.7022264 42.3431168),€10-20,1057,false,false,2026-05-06 11:38:40.829611 UTC,,false,false
ChIJvzQpViD9RQ0RccgDhMBRZIA,La Comtienda,90597,Burgos,,,10,Bar restaurante,4.3,,996,578,279,71,17,51,42.3432989,-3.7018893,POINT(-3.7018893 42.3432989),,422,false,false,2026-05-06 11:39:02.669403 UTC,,false,false
ChIJA28Lytf8RQ0RtkfMwFoBs7A,Carnicería Afri,90597,Burgos,,,19,Carnicería,5.0,,26,0,0,0,0,0,42.341873,-3.7016484,POINT(-3.7016484 42.341873),,20,false,false,2026-05-01 21:59:30.728298 UTC,,false,false
ChIJAxkMW8X8RQ0R_4az_8Ej3rY,Farmacia Mª Victoria de la Cruz Martínez,90597,Burgos,,,34,Farmacia,3.9,,23,15,1,1,1,5,42.3450645,-3.6913838,POINT(-3.6913838 42.3450645),,5,false,false,2026-05-07 20:26:46.759065 UTC,,false,false
ChIJZ9Q0Z1z9RQ0RW0r5mwKtSF8,Farmacia Lda.Beatriz Delgado Sainz,90597,Burgos,,,34,Farmacia,4.8,,25,0,0,0,0,0,42.3490601,-3.7363938,POINT(-3.7363938 42.3490601),,7,false,false,2026-05-07 20:26:46.758867 UTC,,false,false
ChIJe4HSE9z8RQ0RgkCUE0K2204,FARMACIA MERCEDES PÉREZ PUENTE,90597,Burgos,,,34,Farmacia,4.5,,27,22,2,0,0,3,42.3499533,-3.696776,POINT(-3.696776 42.3499533),,5,false,false,2026-05-07 20:26:53.403558 UTC,,false,false
ChIJ1W6cDpH8RQ0RW9Zv-6RJAk8,Farmacia Begoña Pérez G3,90597,Burgos,,,34,Farmacia,4.1,,41,0,0,0,0,0,42.3617756,-3.676008,POINT(-3.676008 42.3617756),,7,false,false,2026-05-07 20:26:46.758554 UTC,,false,false
ChIJdXhrvc_8RQ0RVuF7pPT6nh0,Farmacia Optica,90597,Burgos,,,34,Farmacia,0.0,,0,0,0,0,0,0,42.3431419,-3.6909476,POINT(-3.6909476 42.3431419),,1,false,false,2026-05-07 20:26:55.289978 UTC,,true,false
ChIJRUeOYrv8RQ0RlmjCAkxwTNc,Castilla Floristería,90597,Burgos,,,36,Floristería,3.8,,206,0,0,0,0,0,42.3498707,-3.6749893,POINT(-3.6749893 42.3498707),,90,false,false,2026-05-01 22:02:19.164924 UTC,,false,false
ChIJrRT3_vP8RQ0R5EfLGSQDIkk,Carrefour,90597,Burgos,,,44,Hipermercado,3.9,,4135,0,0,0,0,0,42.3602516,-3.6955623,POINT(-3.6955623 42.3602516),,420,false,false,2026-05-01 21:44:12.497355 UTC,,false,false
ChIJC8AG-Sr9RQ0Rz10AoW0TQgA,Restaurante La Vieja Castilla,90597,Burgos,,,73,Restaurante,4.1,,751,399,207,59,18,68,42.3361823,-3.7049098,POINT(-3.7049098 42.3361823),$$,338,false,false,2026-05-06 11:39:25.882924 UTC,,true,false
ChIJB2-lKgD9RQ0R8ZmrCPy5uHk,Llooly Burgos,90597,Burgos,,,73,Restaurante,4.1,,90,61,6,5,3,15,42.3596038,-3.6947181,POINT(-3.6947181 42.3596038),,51,false,false,2026-05-06 11:39:25.883382 UTC,,false,false
ChIJMTY4YfgHRg0RLMgMtAz61Xw,Restaurante Bella Vista,90597,Burgos,,,73,Restaurante,4.3,,2048,0,0,0,0,0,42.342705,-3.7367684,POINT(-3.7367684 42.342705),,369,false,false,2026-05-06 11:38:40.829545 UTC,,false,false
ChIJD1JwN9T8RQ0Rj-YEK6UlxLE,Café Restaurante Miranda,90597,Burgos,,,73,Restaurante,4.4,,496,313,121,34,13,15,42.338194,-3.6997775,POINT(-3.6997775 42.338194),$,88,false,false,2026-05-06 11:39:38.611983 UTC,,false,false
ChIJo0c4_sb8RQ0R1P0Rdg7Zv3k,Burger King,90597,Burgos,,,81,Restaurante de comida rápida,3.4,,1752,699,317,222,98,416,42.3490658,-3.6821664,POINT(-3.6821664 42.3490658),$,577,false,false,2026-05-06 11:38:57.570281 UTC,,false,false
ChIJe0SLNyn9RQ0RDTVs7y-VO84,Gaia,90597,Burgos,,,97,Restaurante vegetariano,4.7,,781,0,0,0,0,0,42.3400648,-3.7061133,POINT(-3.7061133 42.3400648),€10-20,981,false,false,2026-05-06 11:39:25.882816 UTC,,false,false
ChIJe03BMdf9RQ0R2sy3WVNWsYw,Alcampo,90597,Burgos,,,99,Supermercado,3.2,7.6272837012074888,114,0,0,0,0,0,42.3506431,-3.6654531,POINT(-3.6654531 42.3506431),,27,false,false,2026-05-01 21:42:28.614141 UTC,2026-06-15 23:03:34.391437 UTC,false,false
ChIJkxxwT2b9RQ0RMxG1jMmZ1Kk,UNA MAS,90597,Burgos,,,129,Zapatería,5.0,,3,0,0,0,0,0,42.3436303,-3.699947,POINT(-3.699947 42.3436303),,3,false,false,2026-05-01 22:12:35.290547 UTC,,false,false
ChIJU69hQeX9RQ0RvechWBTOQCc,Óptica Miraflores Burgos,90597,Burgos,,,130,Óptica,5.0,,108,0,0,0,0,0,42.3429458,-3.6979453,POINT(-3.6979453 42.3429458),,26,false,false,2026-05-01 22:18:09.002523 UTC,,false,false
ChIJa7A3Izb9RQ0RCnCyHEn0Tx8,Parque El Parral (Burgos),90597,Burgos,"P.º de los Comendadores, 1, 09001 Burgos, España",9001,203,Parque,4.4,,412,263,90,38,6,15,42.339954,-3.722598,POINT(-3.722598 42.339954),,322,false,false,2026-06-18 20:24:01.904071 UTC,,true,true
ChIJG9KdWwD9RQ0RjRVDHlSY_Jg,Parque infantil,90597,Burgos,"C. José María Francés Gil, 09006 Burgos, España",9006,204,Parque infantil,0.0,,0,0,0,0,0,0,42.3658806,-3.6628669,POINT(-3.6628669 42.3658806),,1,false,false,2026-06-18 20:24:04.437480 UTC,,true,true
ChIJ3UGA_qQHRg0RA7yaQ_9wCVk,Parque infantil Marcos Viñals,90597,Burgos,"C. Marcos Viñals, 43, 09001 Burgos, España",9001,204,Parque infantil,3.7,,3,1,1,0,1,0,42.3505758,-3.7439423,POINT(-3.7439423 42.3505758),,2,false,false,2026-06-18 20:24:01.885650 UTC,,true,true
ChIJ21HemsIHRg0R-6cD5g0aB1o,Parque infantil Villalonquéjar,90597,Burgos,"C. Los Corrales, 4, 09001 Villalonquéjar, Burgos, España",9001,204,Parque infantil,5.0,,1,0,0,0,0,0,42.3607451,-3.7736217,POINT(-3.7736217 42.3607451),,1,false,false,2026-06-18 20:24:04.415887 UTC,,true,true
ChIJ85MegSTFRQ0RZawcbxpRmaY,Parking,91139,Covarrubias,"C. Tenerias Bajas, 5A, 09346 Covarrubias, Burgos, España",9346,143,Aparcamiento,5.0,,1,0,0,0,0,0,42.0579381,-3.5213716,POINT(-3.5213716 42.0579381),,4,false,false,2026-07-02 00:47:02.473004 UTC,2026-07-02 00:08:34.571938 UTC,true,false
ChIJZ_9phSDFRQ0Rp4ZesElId80,Murallas de Covarrubias,91139,Covarrubias,"P.º de la Solana, 09346 Covarrubias, Burgos, España",9346,177,Lugar de interés histórico,4.5,8.7883717068082952,12,0,0,0,0,0,42.0581134,-3.5196845,POINT(-3.5196845 42.0581134),,86,false,false,2026-07-02 00:45:36.019427 UTC,2026-07-02 00:01:54.044905 UTC,true,false
ChIJpa3xl6GaTw0RlENoCf_UWk4,Bar La Luna,92194,Miranda de Ebro,"C. Arenal, 93, 09200 Miranda de Ebro, Burgos, España",9200,8,Bar,4.6,,27,20,4,2,0,1,42.6877121,-2.9413844,POINT(-2.9413844 42.6877121),,3,false,false,2026-05-28 18:42:42.083672 UTC,2026-06-15 21:40:48.024376 UTC,true,false
ChIJ7yQIdEGbTw0RtPT8KbXLaVo,Bar La tasquita,92194,Miranda de Ebro,"Tr.ª Río Ebro, 8, 09200 Miranda de Ebro, Burgos, España",9200,8,Bar,4.6,8.6232535126619041,86,63,13,8,1,1,42.6833158,-2.9492568,POINT(-2.9492568 42.6833158),$,16,false,false,2026-05-28 18:42:45.749742 UTC,2026-06-15 21:42:03.747223 UTC,true,false
ChIJaVjNxqSaTw0R-9c2Aak9ZWQ,Café Tararí,92194,Miranda de Ebro,"C. Condado de Treviño, 11, 09200 Miranda de Ebro, Burgos, España",9200,17,Cafetería,4.4,,60,35,15,9,0,1,42.6830602,-2.9466562,POINT(-2.9466562 42.6830602),$,44,false,false,2026-06-16 01:35:00.809716 UTC,2026-06-15 21:59:43.099781 UTC,false,false
ChIJf2Gi_6KaTw0Rkor9DcTJtb8,Cafetería Acuario 1,92194,Miranda de Ebro,"C. La Estación, 09200 Miranda de Ebro, Burgos, España",9200,17,Cafetería,3.5,,12,4,3,2,1,2,42.6863692,-2.9462039,POINT(-2.9462039 42.6863692),,9,false,false,2026-05-28 18:43:06.580979 UTC,2026-06-15 21:52:12.913232 UTC,true,false
ChIJ9SOwy6GaTw0RVBZOY_sVRus,Panadería Oraá 🥖,92194,Miranda de Ebro,"C. Logroño, 16, 09200 Miranda de Ebro, Burgos, España",9200,63,Panadería,4.1,,11,6,1,3,1,0,42.6885016,-2.9402702,POINT(-2.9402702 42.6885016),,4,false,false,2026-06-16 01:35:15.917443 UTC,,false,false
ChIJQQ4l0aOaTw0RGUTL35IUDWw,Bar The Candiless,92194,Miranda de Ebro,"C. Arenal, 84, 09200 Miranda de Ebro, Burgos, España",9200,73,Restaurante,4.0,,135,71,25,22,7,10,42.6866028,-2.9429276,POINT(-2.9429276 42.6866028),$,85,false,false,2026-05-28 18:42:42.082560 UTC,2026-06-15 21:45:46.185640 UTC,false,false
ChIJQ1mJbgybTw0Ro_TTPhgQ5uw,Alejandro Serrano Restaurante,92194,Miranda de Ebro,"C. Alfonso VI, 49, 09200 Miranda de Ebro, Burgos, España",9200,76,Restaurante de alta cocina,4.9,9.8087007009307854,307,0,0,0,0,0,42.6864653,-2.9422421,POINT(-2.9422421 42.6864653),Más de €100,1307,false,false,2026-05-28 18:42:37.536770 UTC,2026-06-15 21:28:04.565726 UTC,false,false
ChIJg25WYKOaTw0RlplMrFfY3Gg,Fruteria Arenal,92194,Miranda de Ebro,"09200 Miranda de Ebro, Burgos, España",9200,104,Tienda de alimentación,0.0,,0,0,0,0,0,0,42.6846504,-2.9461836,POINT(-2.9461836 42.6846504),,1,false,false,2026-06-16 01:35:00.809437 UTC,,true,false
ChIJ27jGi3CbTw0ROQOfLnQmzKY,Balkan Market,92194,Miranda de Ebro,"C. Ramón y Cajal, 65, 09200 Miranda de Ebro, Burgos, España",9200,104,Tienda de alimentación,4.6,,35,29,3,0,0,3,42.6884306,-2.9416334,POINT(-2.9416334 42.6884306),,31,false,false,2026-06-16 01:32:45.482460 UTC,,false,false
ChIJKcXsBQCbTw0RWjjL44DuAPY,Chino frutero,92194,Miranda de Ebro,"C. Alfonso VI, 54, 09200 Miranda de Ebro, Burgos, España",9200,104,Tienda de alimentación,0.0,,0,0,0,0,0,0,42.6861127,-2.9425029,POINT(-2.9425029 42.6861127),,1,false,false,2026-06-16 01:34:50.973524 UTC,,true,false
ChIJf24cCKOaTw0RCT0i1yDddKw,La Tienda de Lolin,92194,Miranda de Ebro,"C. Ramón y Cajal, 19, 09200 Miranda de Ebro, Burgos, España",9200,124,Tienda de ropa,4.7,,7,5,2,0,0,0,42.6863129,-2.9450845,POINT(-2.9450845 42.6863129),,8,false,false,2026-06-16 01:35:35.957120 UTC,,false,false
ChIJP_nkPaKaTw0Rv-schC_TiOQ,Taberna Berlín,92194,Miranda de Ebro,"C. La Estación, 33, 09200 Miranda de Ebro, Burgos, España",9200,213,Taberna,4.1,,557,0,0,0,0,0,42.6881694,-2.9436221,POINT(-2.9436221 42.6881694),€1-10,203,false,false,2026-05-28 18:42:42.070371 UTC,2026-06-15 22:43:27.196665 UTC,false,false
ChIJ8X56HaKaTw0RSaYhW-QnTi8,Colchonería Collantes,92194,Miranda de Ebro,"C. La Estación, 64, 09200 Miranda de Ebro, Burgos, España",9200,244,Colchonería,3.5,,25,10,4,5,1,5,42.6884947,-2.9426522,POINT(-2.9426522 42.6884947),,10,false,false,2026-06-16 01:35:15.917429 UTC,,false,false
ChIJ79pimaSaTw0RhMVXanv_rW0,Vinos y bebidas Bastida,92194,Miranda de Ebro,"C. Alfonso VI, 22, 09200 Miranda de Ebro, Burgos, España",9200,247,Tienda de bebidas alcohólicas,4.6,,30,19,10,1,0,0,42.6839172,-2.9460182,POINT(-2.9460182 42.6839172),,16,false,false,2026-06-16 01:32:45.482523 UTC,,false,false
ChIJmU-Vy2-bTw0RVmCjxgvz-bc,AGC servicios,92194,Miranda de Ebro,"C. Ramón y Cajal, 36, 09200 Miranda de Ebro, Burgos, España",9200,257,Fontanero,4.6,,36,31,1,0,1,3,42.6873738,-2.9429211,POINT(-2.9429211 42.6873738),,22,false,false,2026-06-16 01:30:02.461664 UTC,,false,false
ChIJrYxvF8GbTw0RKP7Vwrg48d4,BigMat Miranda,92194,Miranda de Ebro,"Ctra. Madrid-Irún, Km. 317, 09200 Miranda de Ebro, Burgos, España",9200,260,Tienda de materiales para la construcción,3.7,,11,0,0,0,0,0,42.6862792,-2.9623167,POINT(-2.9623167 42.6862792),,15,false,false,2026-06-16 01:33:44.347753 UTC,,false,false
ChIJ006xkbyaTw0RheXV2Ehi0Ms,i-moments,92194,Miranda de Ebro,"C. Gregorio Solabarrieta, 5, 09200 Miranda de Ebro, Burgos, España",9200,274,Tienda de fotografía,3.0,,1,0,0,1,0,0,42.6852107,-2.9493682,POINT(-2.9493682 42.6852107),,1,false,false,2026-06-16 01:35:00.809456 UTC,,true,false
ChIJj2C9lKSaTw0RqsTW66iLsZw,Hermanos Peral,92194,Miranda de Ebro,"C. del Río Ebro, 19, 09200 Miranda de Ebro, Burgos, España",9200,291,Tienda de repuestos para automóviles,4.0,,56,32,11,3,1,9,42.6834073,-2.9461507,POINT(-2.9461507 42.6834073),,9,false,false,2026-06-16 01:35:21.332791 UTC,,false,false
ChIJU2-w186bTw0Rp-M5RLrFe24,Cramoisi,92194,Miranda de Ebro,"09200 Miranda de Ebro, Burgos, España",9200,296,Tienda de bisutería,0.0,,0,0,0,0,0,0,42.6898793,-2.9423885,POINT(-2.9423885 42.6898793),,2,false,false,2026-06-16 01:35:21.332818 UTC,,false,false
ChIJZaE3-GybRQ0RjlS2H8WdcC0,Burmode,92740,Pradoluengo,"C. Rodríguez de Valcárcel, 41, 09260 Pradoluengo, Burgos, España",9260,124,Tienda de ropa,0.0,,0,0,0,0,0,0,42.3228822,-3.1954976,POINT(-3.1954976 42.3228822),,1,false,false,2026-05-31 02:47:49.198756 UTC,2026-06-15 20:16:45.855576 UTC,true,false
ChIJI_MhCaCbRQ0Rm0N6NU9UHg8,A Tres Hilos _ Calcetines Respetuosos para toda la familia,92740,Pradoluengo,"C. Gonzalo Arenal, 1, 09260 Pradoluengo, Burgos, España",9260,124,Tienda de ropa,5.0,,1,0,0,0,0,0,42.3249966,-3.2011061,POINT(-3.2011061 42.3249966),,10,false,false,2026-05-31 02:47:49.198780 UTC,2026-06-15 20:08:06.698842 UTC,false,false
ChIJN_-DjmubRQ0RpJ5AEdIPt-w,Cementerio de Pradoluengo,92740,Pradoluengo,"09260 Pradoluengo, Burgos, España",9260,153,Cementerio,0.0,,0,0,0,0,0,0,42.3253158,-3.1989181,POINT(-3.1989181 42.3253158),,1,false,false,2026-05-31 03:04:27.848472 UTC,2026-06-15 20:21:05.873161 UTC,true,false
ChIJQa1S7OjHRQ0RXJbjP7QE0p8,Mirador de Ornitología,91139,Covarrubias,"BU-905, 09346 Covarrubias, Burgos, España",9346,202,Mirador,4.4,5.126657586971608,5,3,1,1,0,0,42.0516271,-3.494449,POINT(-3.494449 42.0516271),,12,false,false,2026-07-02 01:01:01.034107 UTC,2026-07-02 00:04:54.511673 UTC,true,false
ChIJWcwQ9MnFRQ0RDLEi_JlBWLI,Café Chumi,91139,Covarrubias,"Pl. de Doña Sancha, 12, 09346 Covarrubias, Burgos, España",9346,73,Restaurante,4.0,7.5312571933122605,892,0,0,0,0,0,42.0588363,-3.5197789,POINT(-3.5197789 42.0588363),€10-20,775,false,false,2026-07-02 00:38:47.021515 UTC,2026-07-01 23:06:50.192873 UTC,false,false
ChIJUUgjlCn9RQ0REHrL9z097q8,Restaurante Don Nuño,90597,Burgos,,,7,Asador de cordero,4.0,,4026,0,0,0,0,0,42.3398781,-3.7045345,POINT(-3.7045345 42.3398781),€10-20,1962,false,false,2026-05-06 11:39:24.525590 UTC,,false,false
ChIJG5Lf7SrjRQ0Rh-ZizJgzNeg,Bodega Arribas,90597,Burgos,,,8,Bar,4.8,,260,0,0,0,0,0,42.3325728,-3.7013002,POINT(-3.7013002 42.3325728),€1-10,30,false,false,2026-05-01 21:58:08.471325 UTC,2026-06-15 23:24:13.473502 UTC,false,false
ChIJNzcTQyvjRQ0Rx4PG49B3Wqk,Café Bar Azalea,90597,Burgos,,,9,Bar de tapas,4.5,,1109,760,231,65,14,39,42.3334546,-3.6987601,POINT(-3.6987601 42.3334546),$,233,false,false,2026-05-06 11:39:38.612104 UTC,,false,false
ChIJZbCSpL_8RQ0RkFGGADLmD7o,Bar Restaurante La Plata,90597,Burgos,,,10,Bar restaurante,4.2,,863,0,0,0,0,0,42.352637,-3.6811345,POINT(-3.6811345 42.352637),€10-20,268,false,false,2026-05-06 11:38:42.252763 UTC,2026-06-15 23:20:03.455331 UTC,true,false
ChIJ4YilWKP8RQ0R5sk5NtAN7Pw,Farmacia Peraita García,90597,Burgos,,,34,Farmacia,3.0,,12,6,0,0,0,6,42.3500785,-3.6713857,POINT(-3.6713857 42.3500785),,2,false,false,2026-05-07 20:27:26.811389 UTC,,true,false
ChIJ95ezGNXiRQ0RJndkBP_oM70,Farmacia Cornejo Marroquín,90597,Burgos,,,34,Farmacia,4.3,,18,14,1,0,1,2,42.3329348,-3.7050708,POINT(-3.7050708 42.3329348),,2,false,false,2026-05-07 20:26:46.759156 UTC,,false,false
ChIJmRWuGtf8RQ0Rb3RBAdJOsKc,Castilla Floristería. Centro de jardinería,90597,Burgos,,,36,Floristería,3.9,,161,0,0,0,0,0,42.3401386,-3.6667242,POINT(-3.6667242 42.3401386),,68,false,false,2026-05-01 22:02:19.164999 UTC,,false,false
ChIJ16b720_7RQ0Ro9GALDgAu1k,Toy Planet,90597,Burgos,,,53,Juguetería,4.2,,79,0,0,0,0,0,42.3410906,-3.7012582,POINT(-3.7012582 42.3410906),,26,false,false,2026-05-01 22:02:39.908358 UTC,,false,false
ChIJGeW5TJ_9RQ0RD6ryGa8IbxU,K2 Lavandería Autoservicio Burgos,90597,Burgos,,,55,Lavandería de autoservicio,4.3,,38,0,0,0,0,0,42.3582618,-3.6655615,POINT(-3.6655615 42.3582618),,9,false,false,2026-05-01 22:15:49.323583 UTC,,false,false
ChIJsQJJucD8RQ0RTjVAEssAM8c,LACOLADA COMUNEROS,90597,Burgos,,,55,Lavandería de autoservicio,4.0,,31,0,0,0,0,0,42.3504596,-3.6836321,POINT(-3.6836321 42.3504596),,4,false,false,2026-05-01 22:15:49.324039 UTC,,true,false
ChIJy1Hfzab8RQ0Rbyyo2Bb53us,Librería La Llave,90597,Burgos,,,56,Librería,4.9,,83,0,0,0,0,0,42.34986,-3.66559,POINT(-3.66559 42.34986),,10,false,false,2026-05-01 22:03:31.730214 UTC,,false,false
ChIJj6Lu06_9RQ0RzcIIQKWxk_Q,El Horno,90597,Burgos,,,63,Panadería,4.3,,20,0,0,0,0,0,42.3344055,-3.7120995,POINT(-3.7120995 42.3344055),€1-10,3,false,false,2026-05-01 22:06:04.858475 UTC,,false,false
ChIJgQ_x6Nf8RQ0RdO6lXvzh43A,Las Espuelas del Cid,90597,Burgos,,,73,Restaurante,3.3,,863,260,191,124,81,207,42.3430183,-3.7021493,POINT(-3.7021493 42.3430183),$,531,false,false,2026-05-06 11:39:06.088459 UTC,,false,false
ChIJFyyvmyn9RQ0RSTv9p-QT3HM,Rincón de España,90597,Burgos,,,73,Restaurante,3.3,,1028,0,0,0,0,0,42.339799,-3.7050226,POINT(-3.7050226 42.339799),€20-30,1115,false,false,2026-05-06 11:39:24.525551 UTC,,false,false
ChIJjwXRbwDjRQ0RpJ8oPyNMkjM,Osadía | Cafetería-Restaurante,90597,Burgos,,,73,Restaurante,4.5,,26,20,3,0,1,2,42.3314223,-3.6999752,POINT(-3.6999752 42.3314223),,44,false,false,2026-05-06 11:39:25.882962 UTC,,false,false
ChIJz9qPrbz8RQ0RMZeofGZsAy8,Restaurante Marisquería Casa Marcelo.,90597,Burgos,,,73,Restaurante,4.0,,418,217,97,44,20,40,42.3505297,-3.6726491,POINT(-3.6726491 42.3505297),$,115,false,false,2026-05-06 11:38:43.598916 UTC,,false,false
ChIJOUal7tX8RQ0R8gFHD_qrgBE,Restaurante Hong Kong,90597,Burgos,,,75,Restaurante chino,3.2,,398,138,73,38,43,106,42.3378037,-3.7017878,POINT(-3.7017878 42.3378037),$,150,false,false,2026-05-06 11:39:40.048927 UTC,,true,false
ChIJe7WzhG_9RQ0RIZR_ORwPv1k,Alcampo Supermercado,90597,Burgos,,,99,Supermercado,3.3,,26,0,0,0,0,0,42.337907,-3.700446,POINT(-3.700446 42.337907),,62,false,false,2026-05-01 21:44:12.497464 UTC,2026-06-15 23:05:09.568434 UTC,false,false
ChIJdVDUBNf8RQ0R9FzP2a519pI,Casa Cuevas,90597,Burgos,,,117,Tienda de fiambres,4.5,,64,0,0,0,0,0,42.3421954,-3.6997552,POINT(-3.6997552 42.3421954),,43,false,false,2026-05-01 21:51:53.016015 UTC,,false,false
ChIJuXNgvc4HRg0Reg8e3P5ltHM,MERKAL CALZADOS,90597,Burgos,,,129,Zapatería,3.9,,237,0,0,0,0,0,42.348691,-3.6784903,POINT(-3.6784903 42.348691),,6,false,false,2026-05-01 22:12:35.290397 UTC,,false,false
ChIJsymnImT9RQ0RtzeJeLHISTE,Museo de telas medievales,90597,Burgos,"Pl. Compás, s/n, 09001 Burgos, España",9001,181,Museo,4.5,,4,0,0,0,0,0,42.3362848,-3.7206849,POINT(-3.7206849 42.3362848),,39,false,false,2026-06-18 21:12:23.432753 UTC,,true,true
ChIJ6553SAD9RQ0R3VDB9uUp8vw,Cancha de Juegos Baloncesto,90597,Burgos,"Calle San Roque, 5, 09006 Burgos, España",9006,204,Parque infantil,4.0,,1,0,1,0,0,0,42.3496654,-3.6798456,POINT(-3.6798456 42.3496654),,7,false,false,2026-06-18 20:24:04.413576 UTC,,true,true
ChIJzapeXgD9RQ0Rv1_BueKr96w,Parque infantil,90597,Burgos,"Calle Pdte. Adolfo Suárez, 09006 Burgos, España",9006,204,Parque infantil,4.0,,1,0,1,0,0,0,42.3649524,-3.6665415,POINT(-3.6665415 42.3649524),,2,false,false,2026-06-18 20:24:01.819889 UTC,,true,true
ChIJgf2BJrbFRQ0RBc8LcnrNSEo,Alfarería Pablo Castrillo,91139,Covarrubias,"C. de San Roque, 2, 09346 Covarrubias, Burgos, España",9346,317,Tienda de cerámica,4.5,9.2139870813116431,11,0,0,0,0,0,42.0572461,-3.5208961,POINT(-3.5208961 42.0572461),,41,false,false,2026-07-02 00:25:45.546656 UTC,2026-07-02 00:02:15.814325 UTC,false,true
ChIJgUms_6KaTw0RC-qNpl7fmGg,Acuario 2 - Bar de Vinos🍷,92194,Miranda de Ebro,"Parque Antonio Machado, 2, 09200 Miranda de Ebro, Burgos, España",9200,8,Bar,4.2,,103,57,24,13,2,7,42.6872037,-2.9451882,POINT(-2.9451882 42.6872037),,108,false,false,2026-05-28 18:43:04.763982 UTC,2026-06-15 21:27:11.491515 UTC,false,false
ChIJW40MzRmbTw0RGPc6qcbCoHk,Beydol,92194,Miranda de Ebro,"Calle Francisco Cantera, 16, 09200 Miranda de Ebro, Burgos, España",9200,36,Floristería,4.3,,21,15,3,0,0,3,42.6848823,-2.9443708,POINT(-2.9443708 42.6848823),,253,false,false,2026-06-16 01:33:51.569909 UTC,,true,false
ChIJkXYhRqCaTw0RI-U4LC7Cv9w,Panadería J. Santamaría Repostería Artesana,92194,Miranda de Ebro,"C. Alfonso VI, 77, 09200 Miranda de Ebro, Burgos, España",9200,63,Panadería,5.0,,11,11,0,0,0,0,42.6881332,-2.9394721,POINT(-2.9394721 42.6881332),,4,false,false,2026-06-16 01:35:58.433776 UTC,,true,false
ChIJvfz6_qCaTw0Rs0jjnvpm7_Q,HAMERI BEAUTY PELUQUERIA AFROAMERICANA,92194,Miranda de Ebro,"C. San Agustín, 3, BAJO, 09200 Miranda de Ebro, Burgos, España",9200,67,Peluquería,4.7,,62,55,3,1,0,3,42.6858233,-2.9468245,POINT(-2.9468245 42.6858233),,608,false,false,2026-06-16 01:34:45.367655 UTC,,false,false
ChIJp3-D8bKbTw0RQmfTzd55tRc,Arenal Perfumerías,92194,Miranda de Ebro,"C. La Estación, 14, 09200 Burgos, España",9200,69,Perfumería,3.9,,125,69,22,9,1,24,42.686106,-2.946488,POINT(-2.946488 42.686106),,15,false,false,2026-06-16 01:33:05.691727 UTC,2026-06-15 21:29:30.978387 UTC,false,false
ChIJOxw2hiSRTw0RDr1j9JEdWqk,Restaurante Pabellón C ☕️🥪🍺,92194,Miranda de Ebro,"C. Guadalquivir, n2, 09200 Miranda de Ebro, Burgos, España",9200,73,Restaurante,4.2,4.7393774855881929,453,0,0,0,0,0,42.6892533,-2.9210367,POINT(-2.9210367 42.6892533),€10-20,261,false,false,2026-05-28 18:42:40.116709 UTC,2026-06-15 22:41:43.675275 UTC,false,false
ChIJsVXcI6GaTw0RP-0pKaB9FJg,Viva Restaurante,92194,Miranda de Ebro,"C. Juan R. Jiménez, 19, 09200 Miranda de Ebro, Burgos, España",9200,73,Restaurante,4.2,7.60162598604802,855,465,235,66,32,57,42.6870241,-2.9416721,POINT(-2.9416721 42.6870241),$$,535,false,false,2026-05-28 18:42:42.070494 UTC,2026-06-15 22:48:30.120462 UTC,false,false
ChIJVZf0mLyaTw0RRVpWLfUVwIk,Central óptica,92194,Miranda de Ebro,"C. Gregorio Solabarrieta, 1, 09200 Miranda de Ebro, Burgos, España",9200,130,Óptica,0.0,,0,0,0,0,0,0,42.6849244,-2.9490157,POINT(-2.9490157 42.6849244),,2,false,false,2026-06-16 01:35:37.740888 UTC,,true,false
ChIJc8P1UJmbTw0R5esdipLxOPo,BAR MELISSA'S,92194,Miranda de Ebro,"C. Cdad. de Vierzon, 17, 09200 Miranda de Ebro, Burgos, España",9200,221,Coctelería,4.8,9.6475250101648271,6,5,1,0,0,0,42.6854859,-2.939155,POINT(-2.939155 42.6854859),,70,false,false,2026-05-28 18:43:04.763790 UTC,2026-06-15 21:31:26.364071 UTC,false,false
ChIJL_UEPrebTw0R24TuzGUk0rc,Instalaciones RASINES,92194,Miranda de Ebro,"C. Rda. del Ferrocarril, 18, Bajo, 09200 Miranda de Ebro, Burgos, España",9200,257,Fontanero,4.3,,30,25,0,0,0,5,42.684752,-2.9476638,POINT(-2.9476638 42.684752),,8,false,false,2026-06-16 01:34:45.367972 UTC,,false,false
ChIJbTYpRpiaTw0RXsFN9INAKC0,Renault Miranda Autovican,92194,Miranda de Ebro,"Ctra. Bilbao, 2, 09200 Miranda de Ebro, Burgos, España",9200,266,Concesionario Renault,4.7,,559,483,43,9,6,18,42.6916255,-2.9460421,POINT(-2.9460421 42.6916255),,32,false,false,2026-06-16 01:33:00.220653 UTC,,false,false
ChIJ37lStKOaTw0RJ9gL23qrt-o,DAVIA FOTOGRAFOS,92194,Miranda de Ebro,"C. Ramón y Cajal, 26, 09200 Miranda de Ebro, Burgos, España",9200,274,Tienda de fotografía,4.4,,49,36,5,3,0,5,42.6868475,-2.9439303,POINT(-2.9439303 42.6868475),,6,false,false,2026-06-16 01:33:21.617739 UTC,,false,false
ChIJK234-qKaTw0RNMpS5f-4W5c,Término de Miranda,92194,Miranda de Ebro,"Camino de La Narra, 100, 09200 Miranda de Ebro, Burgos, España",9200,284,Tienda de vinos,4.6,,9,6,2,1,0,0,42.6878792,-2.9639574,POINT(-2.9639574 42.6878792),,18,false,false,2026-06-16 01:33:49.780504 UTC,,false,false
ChIJrWPJV5ObRQ0R851bzAcYQoI,Cruz de Guirlando,92740,Pradoluengo,"09260, Burgos, España",9260,208,Zona de senderismo,4.9,,11,0,0,0,0,0,42.2977819,-3.1950188,POINT(-3.1950188 42.2977819),,19,false,false,2026-05-31 03:11:57.851816 UTC,2026-06-15 20:22:43.414483 UTC,true,false
ChIJazTO98jFRQ0RGX1Om3XcVHM,El Piélago,91139,Covarrubias,"Diseminado Diseminados, 11, 09346 Covarrubias, Burgos, España",9346,8,Bar,4.1,,229,0,0,0,0,0,42.0558242,-3.5179928,POINT(-3.5179928 42.0558242),€10-20,215,false,false,2026-07-02 00:38:47.021463 UTC,2026-07-01 23:38:19.585125 UTC,true,true
ChIJJR6SNcrFRQ0Rh72w4uF4czk,Camping Municipal de Covarrubias,91139,Covarrubias,"Av. de Victor Barbadillo, 0, 09346 Covarrubias, Burgos, España",9346,18,Camping,3.0,5.229141124933637,249,64,48,33,30,74,42.0586779,-3.5134866,POINT(-3.5134866 42.0586779),,72,false,false,2026-07-02 00:39:43.417069 UTC,2026-07-01 23:36:51.284166 UTC,false,true
ChIJ50az5fv9RQ0RLHCmcJ1F4ts,Bar El Industrial,90597,Burgos,,,8,Bar,4.5,9.2506834183586761,197,139,39,6,2,11,42.3439597,-3.6872777,POINT(-3.6872777 42.3439597),$,46,false,false,2026-05-06 11:38:43.598894 UTC,2026-06-15 23:16:22.115804 UTC,false,false
ChIJneBB2in9RQ0RjukAufa1tpI,Bar La Mejillonera,90597,Burgos,,,9,Bar de tapas,4.1,6.7292537196578142,3088,1441,949,333,144,221,42.3408563,-3.7032824,POINT(-3.7032824 42.3408563),$,981,false,false,2026-05-06 11:39:07.535964 UTC,2026-06-15 23:18:25.481934 UTC,true,false
ChIJT5nxvIXiRQ0RSu2jzS3j1Cs,Bodegas Carrillo García S.L.,90597,Burgos,,,15,Bodega,4.5,,2,0,0,0,0,0,42.3004826,-3.7348373,POINT(-3.7348373 42.3004826),,1,false,false,2026-05-01 21:58:09.894896 UTC,,true,false
ChIJew_0NaP8RQ0RJzx33-_s7JQ,Clínica Dental Vitaldent,90597,Burgos,,,24,Clínica dental,4.7,,321,0,0,0,0,0,42.351956,-3.6718136,POINT(-3.6718136 42.351956),,32,false,false,2026-05-01 22:14:19.231058 UTC,,false,false
ChIJV3YTM5j9RQ0R_SXu7NIjQE8,Farmacia Castro Campos,90597,Burgos,,,34,Farmacia,4.9,,13,0,0,0,0,0,42.348442,-3.6715122,POINT(-3.6715122 42.348442),,15,false,false,2026-05-07 20:27:26.811199 UTC,,false,false
ChIJfzhWQADjRQ0R7M9RzKINUVA,Tiendas MGI Burgos,90597,Burgos,,,53,Juguetería,4.3,,8,6,0,1,0,1,42.3244091,-3.7027254,POINT(-3.7027254 42.3244091),,9,false,false,2026-06-18 20:24:06.460132 UTC,,false,false
ChIJedpV0Br9RQ0RmDT_pud5AhQ,Hotel Las Terrazas,90597,Burgos,,,73,Restaurante,3.9,,3764,1549,1169,543,179,324,42.3642592,-3.7115146,POINT(-3.7115146 42.3642592),$91,1229,false,false,2026-05-06 11:39:00.966296 UTC,,false,false
ChIJKQyrqFX9RQ0RmUWB2WzHkqQ,Embriochados,90597,Burgos,,,81,Restaurante de comida rápida,4.7,,203,180,8,1,6,8,42.3410099,-3.7029259,POINT(-3.7029259 42.3410099),,221,false,false,2026-05-06 11:39:23.166470 UTC,,false,false
ChIJS1-mLwD9RQ0RKNR_LdNM03o,Buga Ramen Burgos,90597,Burgos,,,91,Restaurante japonés,4.7,,565,491,44,6,7,17,42.3433337,-3.6970096,POINT(-3.6970096 42.3433337),,434,false,false,2026-05-06 11:39:19.109011 UTC,,false,false
ChIJMeBwK9H8RQ0R6rivBs5JsXw,ZARA HOME,90597,Burgos,,,111,Tienda de artículos para el hogar,3.9,,234,0,0,0,0,0,42.3413455,-3.6977367,POINT(-3.6977367 42.3413455),,36,false,false,2026-05-01 22:08:18.828913 UTC,,false,false
ChIJw7DgWNf8RQ0RTrZ5cS323h8,LA OLLA PODRIDA BURGOS,90597,Burgos,,,117,Tienda de fiambres,4.7,,152,0,0,0,0,0,42.343578,-3.6977882,POINT(-3.6977882 42.343578),,28,false,false,2026-05-01 21:51:53.015994 UTC,,false,false
ChIJAUODGV_7RQ0R4ZUvf4_KdWc,Centrohogar Moblerone,90597,Burgos,,,120,Tienda de muebles,4.2,,71,0,0,0,0,0,42.351836,-3.660281,POINT(-3.660281 42.351836),,178,false,false,2026-05-01 22:08:17.353888 UTC,,false,false
ChIJh0j0Udb8RQ0RcCBhJvxCrnM,ALE-HOP,90597,Burgos,,,123,Tienda de regalos,4.0,3.9399147953372449,462,0,0,0,0,0,42.341306,-3.7009287,POINT(-3.7009287 42.341306),,83,false,false,2026-05-01 22:10:28.137312 UTC,2026-06-17 20:31:43.593316 UTC,false,false
ChIJxf6EE9T8RQ0RAGxu-z2f5A4,Jokey Regalos y Complementos,90597,Burgos,,,123,Tienda de regalos,4.8,,33,0,0,0,0,0,42.3381737,-3.6987276,POINT(-3.6987276 42.3381737),,10,false,false,2026-05-01 22:10:28.137274 UTC,,false,false
ChIJ3S2UJuH9RQ0RDbOFoisy7YQ,ONLY People&co moda mujer Burgos,90597,Burgos,,,126,Tienda de ropa de mujer,4.9,,85,0,0,0,0,0,42.3418638,-3.7011362,POINT(-3.7011362 42.3418638),,39,false,false,2026-05-01 22:11:49.760945 UTC,,false,false
ChIJzcPFeb78RQ0RyHN3jZgw9uY,Novóptica Burgos,90597,Burgos,,,130,Óptica,5.0,,69,0,0,0,0,0,42.3529381,-3.6782467,POINT(-3.6782467 42.3529381),,23,false,false,2026-05-01 22:18:09.002188 UTC,,false,false
ChIJdSWdDPf9RQ0Rb_gNw-ZUEfQ,Parque Infantil Bda. Juan XXIII,90597,Burgos,"Bda. Juan XXIII, 24, 09007 Burgos, España",9007,204,Parque infantil,3.0,,2,0,0,2,0,0,42.3517924,-3.6738455,POINT(-3.6738455 42.3517924),,1,false,false,2026-06-18 20:24:04.400405 UTC,,true,true
ChIJ____P8rFRQ0R20_JG7aO9VM,Bazar Rosa,91139,Covarrubias,"Torreón de Doña Urraca, Pl. del Rey Chindasvinto, 12, 09346 Covarrubias, Burgos, España",9346,107,Tienda de antigüedades,5.0,9.64754910353804,9,0,0,0,0,0,42.058534,-3.5192121,POINT(-3.5192121 42.058534),,29,false,true,2026-07-02 00:20:33.205313 UTC,2026-07-02 00:02:57.495904 UTC,true,false
ChIJW5TJIXTFRQ0RuPiQeWwNMRI,Fuente de Carreravacas,91139,Covarrubias,"Cam. a Retuerta, 09346 Covarrubias, Burgos, España",9346,211,Fuente de agua potable,0.0,,0,0,0,0,0,0,42.0386295,-3.544511,POINT(-3.544511 42.0386295),,2,false,true,2026-07-02 00:23:14.777413 UTC,2026-07-02 00:11:53.103149 UTC,true,false
ChIJM-GYnwqQTw0RTnO9RjT9UEw,Bar Los Romeros,92194,Miranda de Ebro,"C. de las Conchas, 7, 09200 Miranda de Ebro, Burgos, España",9200,8,Bar,4.5,,358,232,84,25,6,11,42.688315,-2.937434,POINT(-2.937434 42.688315),$,56,false,false,2026-05-28 18:42:42.083165 UTC,2026-06-15 21:43:32.624081 UTC,true,false
ChIJwQHEgaGaTw0Rbrp6l4NRDnI,Cafeteria ARIES,92194,Miranda de Ebro,"C. Arenal, 85, 09200 Miranda de Ebro, Burgos, España",9200,17,Cafetería,4.5,,99,66,19,10,3,1,42.6872104,-2.942248,POINT(-2.942248 42.6872104),$,38,false,false,2026-06-16 01:34:31.447611 UTC,2026-06-15 21:50:46.547939 UTC,true,false
ChIJNePrCqGaTw0Rr-jtZgbP9CE,Asador Mari,92194,Miranda de Ebro,"C. Alfonso VI, 61, 09200 Miranda de Ebro, Burgos, España",9200,31,Establecimiento de comida preparada,4.3,,184,101,53,19,3,8,42.6871564,-2.9411769,POINT(-2.9411769 42.6871564),$,3,false,false,2026-06-16 01:34:20.168939 UTC,2026-06-15 21:29:46.887433 UTC,true,false
ChIJ4-H7nKSaTw0RjzJu3UOpC7g,Librería Papyro,92194,Miranda de Ebro,"C. San Agustín, 25, 09200 Miranda de Ebro, Burgos, España",9200,56,Librería,4.1,,22,14,3,2,0,3,42.6844467,-2.9457892,POINT(-2.9457892 42.6844467),,4,false,false,2026-06-16 01:34:05.291505 UTC,,true,false
ChIJB2mmPKOaTw0RIHVfpWBdRcg,Autoservicio Gamboa S.L.,92194,Miranda de Ebro,"C. La Estación, 11, 09200 Miranda de Ebro, Burgos, España",9200,104,Tienda de alimentación,4.0,,2,0,2,0,0,0,42.6861304,-2.9468093,POINT(-2.9468093 42.6861304),,6,false,false,2026-06-16 01:32:45.482333 UTC,,true,false
ChIJi2U5hryaTw0RJNLYq1tQnrI,Tienda La Casa del Jamón 🥖,92194,Miranda de Ebro,"C. Sta. Lucía, 11, 09200 Miranda de Ebro, Burgos, España",9200,104,Tienda de alimentación,4.5,,11,8,2,0,0,1,42.6849618,-2.9498538,POINT(-2.9498538 42.6849618),,6,false,false,2026-06-16 01:33:49.780608 UTC,,true,false
ChIJ23VOpaSaTw0RACMEUcb4vi4,Mercado Anduva,92194,Miranda de Ebro,"C. del Río Ebro, 11, 09200 Miranda de Ebro, Burgos, España",9200,104,Tienda de alimentación,4.2,,18,0,0,0,0,0,42.6838941,-2.9468966,POINT(-2.9468966 42.6838941),,41,false,false,2026-06-16 01:33:30.416504 UTC,,true,false
ChIJk5CbbbyaTw0RytNLM-FyFv4,Garaje Rico,92194,Miranda de Ebro,"Entrada junto a, C. Bilbao, 30, 09200 Miranda de Ebro, Burgos, España",9200,132,Centro de jardinería,4.3,,52,33,8,8,0,3,42.6850377,-2.951135,POINT(-2.951135 42.6850377),,13,false,false,2026-06-16 01:35:37.740852 UTC,,false,false
ChIJa3UOENKbTw0RvnECc6oZSXw,CORTE HOME YANG SL,92194,Miranda de Ebro,"C. Alfonso VI, 45, 09200 Miranda de Ebro, Burgos, España",9200,241,Supermercado chino,0.0,,0,0,0,0,0,0,42.6860948,-2.942821,POINT(-2.942821 42.6860948),,1,false,false,2026-06-16 01:33:46.221717 UTC,,false,false
ChIJ571CfKSaTw0RucBPPuTA3NY,CLAREL,92194,Miranda de Ebro,"C. Condado de Treviño, 27, 09200 Miranda de Ebro, Burgos, España",9200,249,Tienda de belleza y salud,3.7,,21,10,4,2,1,4,42.6840872,-2.9449716,POINT(-2.9449716 42.6840872),,8,false,false,2026-06-16 01:32:47.270483 UTC,,false,false
ChIJYYfrzmmbTw0RKLDwJG3WnMs,LOCUTORIO TEISHAN1,92194,Miranda de Ebro,"Locutorio Teishan1, C. Ramón y Cajal, 51, 09200 bajó, Burgos, España",9200,303,Locutorio,4.4,,18,12,4,1,0,1,42.6879987,-2.9423605,POINT(-2.9423605 42.6879987),,27,false,false,2026-06-16 01:34:45.366182 UTC,,false,false
ChIJjzj7xaSaTw0RpERn38_c4ZU,ApiEbro.,92194,Miranda de Ebro,"C. Condado de Treviño, 9, 09200 Miranda de Ebro, Burgos, España",9200,308,Apicultor,4.6,,32,24,5,2,1,0,42.6829343,-2.9469058,POINT(-2.9469058 42.6829343),,6,false,false,2026-06-16 01:35:02.679062 UTC,,false,false
ChIJ6VFbmRObRQ0RKai82f97Mcs,Autoservicio Fontecha,92740,Pradoluengo,"Pl. del Mercado, 9, 09260 Pradoluengo, Burgos, España",9260,104,Tienda de alimentación,4.4,4.3204506790498272,71,0,0,0,0,0,42.323803,-3.200986,POINT(-3.200986 42.323803),,14,false,false,2026-05-31 02:47:29.359858 UTC,2026-06-15 20:13:41.582330 UTC,false,false
ChIJLbH7UhabRQ0R1IIWB_tGW6M,Antonio Zaldo Alonso,92740,Pradoluengo,"Av. Dionisio Román Zaldo, 27, 09260 Pradoluengo, Burgos, España",9260,104,Tienda de alimentación,5.0,,2,0,0,0,0,0,42.3274814,-3.2055104,POINT(-3.2055104 42.3274814),,1,false,false,2026-05-31 02:47:06.206626 UTC,2026-06-15 20:09:52.112133 UTC,true,false
ChIJ-U7MHACbRQ0RWnAsgkYc-TU,Capilla de San Antonio,92740,Pradoluengo,"09260 Pradoluengo, Burgos, España",9260,151,Capilla,4.5,,2,1,1,0,0,0,42.3166771,-3.184105,POINT(-3.184105 42.3166771),,4,false,false,2026-05-31 03:07:14.995629 UTC,2026-06-15 20:20:05.915739 UTC,true,false
ChIJxc96GcrFRQ0RIIFXn5LW58s,Restaurante De Galo,91139,Covarrubias,"C. de Monseñor Vargas, 10, 09346 Covarrubias, Burgos, España",9346,77,Restaurante de cocina castellana,4.1,7.5364843529741155,796,0,0,0,0,0,42.0594412,-3.5195507,POINT(-3.5195507 42.0594412),€20-30,1032,false,true,2026-07-02 00:36:06.076500 UTC,2026-07-01 23:18:59.944325 UTC,true,false
ChIJDXL1lqD8RQ0Rroe57NhglT4,Bodega Bar Briongos,90597,Burgos,,,8,Bar,4.6,9.41601541521959,79,0,0,0,0,0,42.3516063,-3.6631664,POINT(-3.6631664 42.3516063),€1-10,13,false,false,2026-05-01 21:58:09.894830 UTC,2026-06-15 23:25:02.761133 UTC,true,false
ChIJXcizX_H9RQ0RPaesicyET7Y,"Café-Bar ""Los Bulevares""",90597,Burgos,,,9,Bar de tapas,4.6,,47,32,12,3,0,0,42.3495842,-3.6723291,POINT(-3.6723291 42.3495842),,26,false,false,2026-05-06 11:38:48.229595 UTC,,false,false
ChIJI42v7bv8RQ0RcK6CzX3KMUY,Restaurante Polvorilla,90597,Burgos,,,9,Bar de tapas,3.3,,818,228,223,107,79,181,42.3416558,-3.6989121,POINT(-3.6989121 42.3416558),$$,395,false,false,2026-05-06 11:39:06.088410 UTC,,false,false
ChIJqT814tv8RQ0Rnjvfq1bqIug,Carnicería Antón,90597,Burgos,,,19,Carnicería,5.0,,17,0,0,0,0,0,42.3482356,-3.6976264,POINT(-3.6976264 42.3482356),,2,false,false,2026-05-01 21:59:30.728306 UTC,,false,false
ChIJF3tVMdT8RQ0Rq5nTYglKthg,Clínica Dental Sonrisalud,90597,Burgos,,,24,Clínica dental,4.5,,121,0,0,0,0,0,42.3383546,-3.6997016,POINT(-3.6997016 42.3383546),,6,false,false,2026-05-01 22:14:19.230774 UTC,,false,false
ChIJ7-J87Z78RQ0RVApV3DKObW4,FARMACIA - ORTOPEDIA - AUDIOLOGÍA CARLOS GÜEMES RUIZ,90597,Burgos,,,34,Farmacia,4.1,,42,0,0,0,0,0,42.3584,-3.66478,POINT(-3.66478 42.3584),,3,false,false,2026-05-07 20:26:46.758647 UTC,,false,false
ChIJkasdzNX8RQ0RA5GyFTDtL3o,Floristería Mª Carmen,90597,Burgos,,,36,Floristería,4.8,,69,0,0,0,0,0,42.3379264,-3.7004325,POINT(-3.7004325 42.3379264),,39,false,false,2026-05-01 22:02:19.164906 UTC,,false,false
ChIJK8lTuLj8RQ0R0ZaEBbRBTm8,Juguettos,90597,Burgos,,,53,Juguetería,4.2,,240,0,0,0,0,0,42.349685,-3.681552,POINT(-3.681552 42.349685),,9,false,false,2026-05-01 22:02:39.908278 UTC,,false,false
ChIJH8fhMtf9RQ0RVGUFs_7OtZ8,Lavandería Autoservicio Open Wash Burgos,90597,Burgos,,,55,Lavandería de autoservicio,4.2,,76,0,0,0,0,0,42.3440322,-3.6984422,POINT(-3.6984422 42.3440322),,16,false,false,2026-05-01 22:15:49.323433 UTC,,false,false
ChIJZ9gSutf8RQ0RYUqDud_f3n8,Hamburguesería - Hammmbur,90597,Burgos,,,73,Restaurante,4.1,,1331,743,311,102,48,127,42.3421111,-3.7013541,POINT(-3.7013541 42.3421111),,597,false,false,2026-05-06 11:39:21.810316 UTC,,false,false
ChIJQUZzZN39RQ0Rje9AHxnGqMQ,NOOCA Izakaya sushi ramen,90597,Burgos,,,92,Restaurante japonés auténtico,0.0,,0,0,0,0,0,0,42.3493069,-3.6821862,POINT(-3.6821862 42.3493069),,1,false,false,2026-05-06 11:38:59.306791 UTC,,false,false
ChIJV1IZQxz9RQ0Ragun5UKDfUk,Carrefour Express,90597,Burgos,,,99,Supermercado,4.3,,56,0,0,0,0,0,42.3387659,-3.6893843,POINT(-3.6893843 42.3387659),,20,false,false,2026-05-01 21:44:12.497418 UTC,,false,false
ChIJfdCgadn8RQ0RGYXhVlfbVZw,Mercadona,90597,Burgos,,,99,Supermercado,4.0,,1863,0,0,0,0,0,42.3473561,-3.6993519,POINT(-3.6993519 42.3473561),,73,false,false,2026-05-01 21:44:12.497427 UTC,,false,false
ChIJV2m_FTf9RQ0RGeIMbeY6B_A,Talleres Jogar,90597,Burgos,,,102,Taller de reparación de automóviles,3.8,,37,0,0,0,0,0,42.3422391,-3.7191855,POINT(-3.7191855 42.3422391),,4,false,false,2026-05-01 22:17:25.938452 UTC,,false,false
ChIJ8bNvwNn8RQ0RyDUoo35hOXk,Talleres Venerables,90597,Burgos,,,102,Taller de reparación de automóviles,4.7,,62,0,0,0,0,0,42.345269,-3.6992198,POINT(-3.6992198 42.345269),,3,false,false,2026-05-01 22:17:22.938661 UTC,,true,false
ChIJTyiu3dn8RQ0RIdFkZmzsYbs,Nenes,90597,Burgos,,,110,Tienda de artículos para bebés,2.8,,100,42,4,1,0,53,42.344606,-3.699316,POINT(-3.699316 42.344606),,6,false,false,2026-05-07 20:27:13.884017 UTC,,false,false
ChIJMW-E7Nf8RQ0R5bRyTeeRYpA,La Provenza,90597,Burgos,,,111,Tienda de artículos para el hogar,3.1,,21,0,0,0,0,0,42.3435248,-3.7014335,POINT(-3.7014335 42.3435248),,25,false,false,2026-05-01 22:08:18.828936 UTC,,false,false
ChIJ40yAdWD7RQ0REDhHfKtHlgc,BricoCentro,90597,Burgos,,,112,Tienda de bricolaje,3.8,,2052,0,0,0,0,0,42.35521,-3.6608348,POINT(-3.6608348 42.35521),,363,false,false,2026-05-01 21:53:57.714060 UTC,,false,false
ChIJ40FGkb_8RQ0RUM15jr9FzVk,Phone House Camino de la Plata (Burgos) - Tienda de móviles,90597,Burgos,,,116,Tienda de electrónica,3.0,,52,0,0,0,0,0,42.3491656,-3.6819102,POINT(-3.6819102 42.3491656),,5,false,false,2026-05-01 21:55:41.905736 UTC,,false,false
ChIJ4TsRo8j8RQ0R7fBYbIDmHjQ,Regalos Hiedra,90597,Burgos,,,123,Tienda de regalos,4.9,,47,0,0,0,0,0,42.3440375,-3.6866561,POINT(-3.6866561 42.3440375),,429,false,false,2026-05-01 22:10:28.137236 UTC,,false,false
ChIJNRWKVfb9RQ0Rp-nRj-8P-es,Bluebol,90597,Burgos,,,124,Tienda de ropa,4.6,,10,0,0,0,0,0,42.3427391,-3.6978065,POINT(-3.6978065 42.3427391),,29,false,false,2026-05-01 22:11:52.533547 UTC,2026-06-15 23:23:42.813985 UTC,false,false
ChIJM6X_LJX9RQ0RLhUpmeiNkz0,Parque infantil Plaza Guadalajara,90597,Burgos,"Pl. Guadalajara, 8D, 09002 Burgos, España",9002,204,Parque infantil,0.0,,0,0,0,0,0,0,42.3350162,-3.6985057,POINT(-3.6985057 42.3350162),,4,false,false,2026-06-18 20:24:01.881581 UTC,,true,true
ChIJ3_IyVHH9RQ0Rk7eFPqd0SSg,Parque infantil Plaza Mencilla,90597,Burgos,"C. Federico Vélez, 19, 09003 Burgos, España",9003,204,Parque infantil,4.8,,15,0,0,0,0,0,42.3456559,-3.7188499,POINT(-3.7188499 42.3456559),,13,false,false,2026-06-18 20:24:01.732436 UTC,,true,true
ChIJAa1059XiRQ0R2l2y9sl-AII,Skatepark San Isidro,90597,Burgos,"C. San Isidro, 09001 Burgos, España",9001,334,Skate park,4.2,,360,198,85,38,14,25,42.3294799,-3.7046615,POINT(-3.7046615 42.3294799),,235,false,false,2026-06-18 20:24:04.395907 UTC,,false,false
ChIJaYXP_7XFRQ0RJWDvnmI7TyI,Conjunto histórico de Covarrubias,91139,Covarrubias,"09346 Covarrubias, Burgos, España",9346,177,Lugar de interés histórico,4.8,9.2251753443746232,46,0,0,0,0,0,42.0590036,-3.5206847,POINT(-3.5206847 42.0590036),,497,false,false,2026-07-02 00:45:36.019041 UTC,2026-07-01 23:53:51.851019 UTC,true,true
ChIJCTp8RgCRTw0RPa0qA9pZrDg,La Fabrica,92194,Miranda de Ebro,"C. Vicente Aleixandre, 26, 09200 Miranda de Ebro, Burgos, España",9200,8,Bar,3.7,3.5099744794424623,3,2,0,0,0,1,42.685652,-2.937162,POINT(-2.937162 42.685652),,95,false,false,2026-05-28 18:42:42.070649 UTC,2026-06-15 22:24:13.892489 UTC,false,false
ChIJS1HSSLuaTw0RKJ_38ui33vY,Bar Restaurante Gran Vía,92194,Miranda de Ebro,"C. Rda. del Ferrocarril, 19, Bajo, 09200 Miranda de Ebro, Burgos, España",9200,73,Restaurante,4.4,8.4313805542187765,120,0,0,0,0,0,42.6835323,-2.9481144,POINT(-2.9481144 42.6835323),€10-20,93,false,false,2026-05-28 18:42:43.943514 UTC,2026-06-15 21:44:56.066973 UTC,false,false
ChIJb3RPkqSaTw0RJFI1MvDSf5E,MERKATEXTIL,92194,Miranda de Ebro,"C. Condado de Treviño, 17, bajo, 09200 Miranda de Ebro, Burgos, España",9200,124,Tienda de ropa,1.0,,1,0,0,0,0,1,42.6835124,-2.9458638,POINT(-2.9458638 42.6835124),,1,false,false,2026-06-16 01:35:56.662542 UTC,,false,false
ChIJneDPqLmaTw0Rh5VgQXKta1Y,Castillo Miranda de Ebro,92194,Miranda de Ebro,"Entrada por CIMA (Centro de Interpretación de Miranda Antigua, C. San Francisco, 10, 09200 Miranda de Ebro, Burgos, España",9200,152,Castillo,4.2,,486,255,115,73,20,23,42.6819877,-2.951945,POINT(-2.951945 42.6819877),,603,false,false,2026-05-28 18:42:55.640750 UTC,2026-06-15 22:03:46.111110 UTC,false,false
ChIJcRuArhabRQ0RntsHZ23tLSQ,"MMZSOCKS, Fábrica de Calcetines en Pradoluengo",92740,Pradoluengo,"C. Sagrada Familia, 2, 09260 Pradoluengo, Burgos, España",9260,108,Tienda de artesanías,5.0,,9,0,0,0,0,0,42.3249961,-3.2035497,POINT(-3.2035497 42.3249961),,31,false,false,2026-05-31 02:47:27.649230 UTC,2026-06-15 20:28:16.848919 UTC,false,false
ChIJ6ZLtkvubRQ0RjtatqEZkD4g,Sede de Los Anonimos,92740,Pradoluengo,"Pl. del Mercado, 34, 09260 Pradoluengo, Burgos, España",9260,194,Santuario,0.0,,0,0,0,0,0,0,42.3245819,-3.2008501,POINT(-3.2008501 42.3245819),,1,false,true,2026-05-31 03:01:57.914928 UTC,2026-06-15 20:35:19.556690 UTC,true,false
ChIJc_v7P1vFRQ0RBbOFaXGvk_g,Viveros Poli,91139,Covarrubias,"Calle los Barbadillos 2as, 2a, 09346 Covarrubias, Burgos, España",9346,340,Vivero mayorista,0.0,,0,0,0,0,0,0,42.0588526,-3.5227137,POINT(-3.5227137 42.0588526),,1,false,true,2026-07-02 00:39:25.333907 UTC,2026-07-02 00:13:45.412167 UTC,true,false
ChIJNSfVxcvFRQ0RXGv_X0NhLz0,Centro de Salud,91139,Covarrubias,"Av. de Victor Barbadillo, 5, 09346 Covarrubias, Burgos, España",9346,159,Centro de salud,2.8,2.319785084342584,5,0,0,0,0,0,42.0603853,-3.5187114,POINT(-3.5187114 42.0603853),,1,false,false,2026-07-02 00:57:50.532400 UTC,2026-07-02 00:06:27.134958 UTC,true,true
ChIJS5DJPTODSA0R_O6c1HYIQEM,Ayuntamiento de Castrillo de Riopisuerga,90888,Castrillo de Riopisuerga,"09108 Castrillo de Riopisuerga, Burgos, España",9108,148,Ayuntamiento,0.0,,0,0,0,0,0,0,42.5154408,-4.2522072,POINT(-4.2522072 42.5154408),,1,false,false,2026-05-20 01:17:11.718772 UTC,2026-06-15 19:30:43.600035 UTC,true,false
ChIJI-alqNv8RQ0R_S9_KwhBnSc,Bodegas Obregón,90597,Burgos,,,8,Bar,4.6,,450,0,0,0,0,0,42.3473719,-3.6955291,POINT(-3.6955291 42.3473719),€1-10,63,false,false,2026-05-01 21:58:09.894770 UTC,,false,false
ChIJmb_zJdH8RQ0ROKj4VoiwsYM,Farmacia Gran Teatro,90597,Burgos,,,34,Farmacia,3.9,,74,0,0,0,0,0,42.3414402,-3.6972022,POINT(-3.6972022 42.3414402),,54,false,false,2026-05-07 20:26:46.758466 UTC,,false,false
ChIJEc9XTjT9RQ0Rn5-NqLPlgp8,Tu Lavandería Burgos Bulevar,90597,Burgos,,,54,Lavandería,4.4,,49,0,0,0,0,0,42.3348846,-3.6960229,POINT(-3.6960229 42.3348846),,7,false,false,2026-05-01 22:15:49.323839 UTC,,false,false
ChIJJ-4f_RX9RQ0R8kME_hwmuug,LA COLADA SORBONA,90597,Burgos,,,55,Lavandería de autoservicio,3.3,,31,0,0,0,0,0,42.3428928,-3.7301142,POINT(-3.7301142 42.3428928),,37,false,false,2026-05-01 22:15:49.323892 UTC,,false,false
ChIJYykWTAD9RQ0RCYpXg8edqFo,Petricor Libros y Café,90597,Burgos,,,56,Librería,4.9,,81,0,0,0,0,0,42.3430244,-3.6928968,POINT(-3.6928968 42.3430244),€1-10,55,false,false,2026-05-01 22:03:36.213871 UTC,,false,false
ChIJfbXPas_8RQ0R8ySxwuoRSCk,Peluquería Selvaje | Expertos Balayages & Babylights | Burgos,90597,Burgos,,,67,Peluquería,4.8,,422,0,0,0,0,0,42.3412884,-3.69634,POINT(-3.69634 42.3412884),,101,false,false,2026-05-01 22:16:34.308260 UTC,,false,false
ChIJN2-rIdT8RQ0RScNeUc1r9qs,Pecaditos,90597,Burgos,,,73,Restaurante,3.4,,1831,522,459,371,165,314,42.3393672,-3.6987892,POINT(-3.6987892 42.3393672),$,554,false,false,2026-05-06 11:39:25.883021 UTC,,false,false
ChIJqf9QL_P9RQ0RMP5TOWB9Mas,Mesón de Los Infantes,90597,Burgos,,,73,Restaurante,3.5,,763,308,135,89,75,156,42.3396796,-3.7041973,POINT(-3.7041973 42.3396796),$,644,false,false,2026-05-06 11:39:25.882983 UTC,,false,false
ChIJy-2_z9v8RQ0RpIZBHAnvW3Y,Kebab Estambul Burgos,90597,Burgos,,,73,Restaurante,3.9,,594,319,101,59,25,90,42.3471579,-3.6970487,POINT(-3.6970487 42.3471579),$,135,false,false,2026-05-06 11:39:23.166450 UTC,,false,false
ChIJQVegl7TjRQ0RUmAp0F_nB_k,Lidl,90597,Burgos,,,100,Supermercado de descuentos,4.1,,2242,0,0,0,0,0,42.32366,-3.70173,POINT(-3.70173 42.32366),,160,false,false,2026-05-01 21:44:12.497344 UTC,,false,false
ChIJW7TlWMn8RQ0R6sLKPpVFNEE,Talleres Mario,90597,Burgos,,,101,Taller de automóviles,4.2,,85,0,0,0,0,0,42.3397266,-3.686699,POINT(-3.686699 42.3397266),,5,false,false,2026-05-01 22:17:24.288383 UTC,,false,false
ChIJpSPRPgr9RQ0Rr2ZftUQkOfQ,Talleres Chobrin,90597,Burgos,,,101,Taller de automóviles,4.6,,55,0,0,0,0,0,42.3716928,-3.7194683,POINT(-3.7194683 42.3716928),,1,false,false,2026-05-01 22:17:25.938543 UTC,,false,false
ChIJmc8HTyn9RQ0RrY4XZbobgxU,Alimentación Santa Águeda,90597,Burgos,,,104,Tienda de alimentación,4.4,4.57384792342782,100,0,0,0,0,0,42.3397911,-3.7074678,POINT(-3.7074678 42.3397911),,13,false,false,2026-05-01 21:50:11.958801 UTC,2026-06-15 23:08:38.232831 UTC,false,false
ChIJRdIvkNb6RQ0RECr7JIWt6oQ,Rey | Muebles y Decoración | Burgos,90597,Burgos,,,120,Tienda de muebles,3.4,,190,0,0,0,0,0,42.3426518,-3.6178378,POINT(-3.6178378 42.3426518),,54,false,false,2026-05-01 21:56:51.513314 UTC,,false,false
ChIJh2JAwin9RQ0RHhnIgjxMFCo,Regalos El Peregrino,90597,Burgos,,,123,Tienda de regalos,4.3,,103,0,0,0,0,0,42.3404251,-3.7037692,POINT(-3.7037692 42.3404251),,153,false,false,2026-05-01 22:10:28.137141 UTC,,false,false
ChIJ2Zr9GdT8RQ0RAExEqJOzKVo,Óptica Unovision Burgos,90597,Burgos,,,130,Óptica,4.9,,109,0,0,0,0,0,42.3391417,-3.698766,POINT(-3.698766 42.3391417),,61,false,false,2026-05-01 22:18:09.002152 UTC,,false,false
ChIJ7eylFeL9RQ0Rlv-3X6Fg14s,Opticalia Centro,90597,Burgos,,,130,Óptica,5.0,,87,0,0,0,0,0,42.33859,-3.701388,POINT(-3.701388 42.33859),,19,false,false,2026-05-01 22:18:09.002250 UTC,,false,false
ChIJr-Do6sMHRg0R1r9BtTy2UlQ,Parque infantil Cooperativa Avícola (Barrio Pilar),90597,Burgos,"Lugar Arroyuelos, 37, 09001 Burgos, España",9001,204,Parque infantil,4.0,,1,0,0,0,0,0,42.3431181,-3.7454052,POINT(-3.7454052 42.3431181),,13,false,false,2026-06-18 20:24:01.850766 UTC,,true,true
ChIJUbMd22j9RQ0RXYCS2aZCqos,Parque niños,90597,Burgos,"Av. de Castilla y León, 18, 09006 Burgos, España",9006,204,Parque infantil,3.0,,2,0,0,0,0,0,42.3544586,-3.6814083,POINT(-3.6814083 42.3544586),,2,false,false,2026-06-18 20:24:01.765188 UTC,,true,true
ChIJ59u2hGn9RQ0RVA9vNxaRfBA,Parque Infantil C/ Castrillo del Val,90597,Burgos,"Monasterio de las Huelgas, Jardines trasera, C. Castrillo del Val, 09001 Burgos, España",9001,204,Parque infantil,0.0,,0,0,0,0,0,0,42.3351341,-3.7195436,POINT(-3.7195436 42.3351341),,1,false,false,2026-06-18 20:24:01.887629 UTC,,true,true
ChIJ7SaqY2j9RQ0RHAipjOpYC5A,"Parque infantil ""Campa de la Blanca""",90597,Burgos,"09003 Burgos, España",9003,204,Parque infantil,4.0,,3,0,0,0,0,0,42.3431079,-3.7089985,POINT(-3.7089985 42.3431079),,28,false,false,2026-06-18 20:24:01.799220 UTC,,true,true
ChIJxWVylCrFRQ0Rz25tYBzI0XM,Casco antiguo Covarrubias,91139,Covarrubias,"09346 Covarrubias, Burgos, España",9346,146,Atracción turística,4.8,9.39373685155806,58,0,0,0,0,0,42.0592196,-3.5201321,POINT(-3.5201321 42.0592196),,455,false,false,2026-07-02 00:45:36.019069 UTC,2026-07-01 23:52:36.722853 UTC,true,true
ChIJxQ4JSgCbTw0RmIielg6uUhY,LAS VEGAS 🍹🎱‼️,92194,Miranda de Ebro,"C. Juan R. Jiménez, 5, 09200 Miranda de Ebro, Burgos, España",9200,8,Bar,4.9,,23,21,1,1,0,0,42.6879711,-2.9428279,POINT(-2.9428279 42.6879711),,38,false,false,2026-05-28 18:42:42.083208 UTC,2026-06-15 22:21:38.192440 UTC,false,false
ChIJQd-URC2bTw0ROGdhjLYAYpg,Bar El Túnel,92194,Miranda de Ebro,"C. Sta. Lucía, 12, 09200 Miranda de Ebro, Burgos, España",9200,8,Bar,4.7,,6,5,0,1,0,0,42.6851783,-2.949737,POINT(-2.949737 42.6851783),,11,false,false,2026-05-28 18:43:00.045297 UTC,2026-06-15 21:38:36.822653 UTC,false,false
ChIJ3x43bTybTw0R_T0GikkiSzU,BAZAR YE MIRANDA DE EBRO,92194,Miranda de Ebro,"Ctra. Madrid-Irún, 59, 09200 Miranda de Ebro, Burgos, España",9200,12,Bazar,5.0,,7,7,0,0,0,0,42.6892409,-2.9519109,POINT(-2.9519109 42.6892409),,3,false,false,2026-06-16 01:29:40.771277 UTC,,false,false
ChIJjZtX5qCaTw0Rysb5C-vBw20,Bar Cambio de Hora,92194,Miranda de Ebro,"Av. República Argentina, 52, 09200 Miranda de Ebro, Burgos, España",9200,17,Cafetería,4.4,,375,234,92,34,6,9,42.6860816,-2.939595,POINT(-2.939595 42.6860816),$,57,false,false,2026-06-16 01:35:00.809668 UTC,2026-06-15 21:35:43.187402 UTC,false,false
ChIJR2WOlaGaTw0RXmeLpEM3sTY,Floristería Syo,92194,Miranda de Ebro,"C. Concepción Arenal, 21, 09200 Miranda de Ebro, Burgos, España",9200,36,Floristería,4.8,,43,37,4,1,0,1,42.6872911,-2.9405897,POINT(-2.9405897 42.6872911),,79,false,false,2026-06-16 01:35:06.316750 UTC,,false,false
ChIJFXgTZgCbTw0RtRYkKZBguGM,Floristería Las flores de Madison,92194,Miranda de Ebro,"Pl. Cervantes, 1, 09200 Miranda de Ebro, Burgos, España",9200,36,Floristería,5.0,,21,21,0,0,0,0,42.6847982,-2.9483829,POINT(-2.9483829 42.6847982),,26,false,false,2026-06-16 01:34:45.367886 UTC,,false,false
ChIJgUNfNKKaTw0RtNruoCmX6JE,BOCATERÍA LA CORRALA - Pizzería - MIRANDA DE EBRO,92194,Miranda de Ebro,"C. Ramón y Cajal, 37, 09200 Miranda de Ebro, Burgos, España",9200,73,Restaurante,3.9,4.5317540729301982,1120,474,313,151,55,127,42.687101,-2.943775,POINT(-2.943775 42.687101),$,320,false,false,2026-06-16 01:29:51.598585 UTC,2026-06-15 21:32:35.047575 UTC,false,false
ChIJb3RPkqSaTw0RVrTXjc8viV4,La Casa del jamón 🥖 Distribuciones Bastida,92194,Miranda de Ebro,"C. Condado de Treviño, 17, 09200 Miranda de Ebro, Burgos, España",9200,104,Tienda de alimentación,4.5,,22,14,5,2,1,0,42.6834893,-2.9459335,POINT(-2.9459335 42.6834893),,7,false,false,2026-06-16 01:35:06.316886 UTC,,true,false
ChIJ21RFV7yaTw0R-OVlFoyFXPk,Eduardo Carvalho,92194,Miranda de Ebro,"C. Ramón y Cajal, 6, 09200 Miranda de Ebro, Burgos, España",9200,118,Tienda de informática,4.8,,22,20,1,0,0,1,42.6855,-2.94612,POINT(-2.94612 42.6855),,17,false,false,2026-06-16 01:34:47.206096 UTC,,false,false
ChIJKSTjYaOaTw0RKzb1Qop2Mwk,EPOCA 21,92194,Miranda de Ebro,"C. San Agustín, Nº 18, Bajo, 09200 Miranda de Ebro, Burgos, España",9200,126,Tienda de ropa de mujer,4.5,,8,4,4,0,0,0,42.6846286,-2.9462624,POINT(-2.9462624 42.6846286),,5,false,false,2026-06-16 01:35:00.808582 UTC,,false,false
ChIJm8mUVaKaTw0RMnz77h2XAIU,Zapateria Anaïs,92194,Miranda de Ebro,"C. La Estación, 34, 09200 Miranda de Ebro, Burgos, España",9200,129,Zapatería,4.7,,7,5,2,0,0,0,42.6872515,-2.9446567,POINT(-2.9446567 42.6872515),,12,false,false,2026-06-16 01:34:24.196466 UTC,,false,false
ChIJu7uN3byaTw0REpEk3mQCtHk,ESTANCO Nº 3,92194,Miranda de Ebro,"C. Carlos III, 8, 09200 Miranda de Ebro, Burgos, España",9200,246,Estanco,4.3,,42,26,9,4,1,2,42.6864411,-2.9486886,POINT(-2.9486886 42.6864411),,3,false,false,2026-06-16 01:34:27.773166 UTC,,true,false
ChIJr9VgpNibTw0RlcADADcVD-0,Nina Amore,92194,Miranda de Ebro,"09200 Miranda de Ebro, Burgos, España",9200,317,Tienda de cerámica,0.0,,0,0,0,0,0,0,42.6856552,-2.940291,POINT(-2.940291 42.6856552),,1,false,false,2026-06-16 01:35:19.522467 UTC,,false,false
ChIJ0yY_HtT8RQ0RFwSpKKf1H20,Bar Don Jamón,90597,Burgos,,,9,Bar de tapas,4.3,8.9697912810661364,1184,670,340,105,35,34,42.3427116,-3.6943221,POINT(-3.6943221 42.3427116),$$,426,false,false,2026-05-06 11:39:17.759628 UTC,2026-06-15 23:15:37.454371 UTC,false,false
ChIJedp15qD7RQ0Rsdq4KVMbCx4,GENESIS HOME（ZOSSU SL）,90597,Burgos,,,27,Comercio,4.0,,575,0,0,0,0,0,42.3580194,-3.6508402,POINT(-3.6508402 42.3580194),,45,false,false,2026-05-01 21:53:39.012165 UTC,,false,false
ChIJx01AiCn9RQ0RFLfDsLTmk3E,Farmacia del Arco-Lda. María Paz Grañón Pérez,90597,Burgos,,,34,Farmacia,4.1,,82,0,0,0,0,0,42.3391955,-3.7046668,POINT(-3.7046668 42.3391955),,32,false,false,2026-05-07 20:26:46.758881 UTC,,false,false
ChIJ_evRaDT9RQ0RyhktIGSPNj4,Restaurante Abadengo,90597,Burgos,,,78,Restaurante de cocina española,4.0,,1753,0,0,0,0,0,42.3369401,-3.7189679,POINT(-3.7189679 42.3369401),€10-20,794,false,false,2026-05-06 11:38:40.829581 UTC,,false,false
ChIJoV34NtP8RQ0RHnCLRUPYJIw,Mercadona,90597,Burgos,,,99,Supermercado,4.1,,1435,0,0,0,0,0,42.3344613,-3.6968745,POINT(-3.6968745 42.3344613),,100,false,false,2026-05-01 21:44:12.497391 UTC,,false,false
ChIJs25srNT8RQ0RNeA8P-FXzwA,Luis-Auto,90597,Burgos,,,102,Taller de reparación de automóviles,4.8,,38,0,0,0,0,0,42.3345903,-3.6981992,POINT(-3.6981992 42.3345903),,1,false,false,2026-05-01 22:17:25.938460 UTC,,true,false
ChIJyyA0tiT9RQ0RhrSOBsLMXtE,Talleres Auto-Gan SL,90597,Burgos,,,102,Taller de reparación de automóviles,3.8,,27,0,0,0,0,0,42.3474919,-3.7126579,POINT(-3.7126579 42.3474919),,16,false,false,2026-05-01 22:17:25.938488 UTC,,true,false
ChIJFQBxgqP8RQ0Ri7_d1DXWL-Y,Toto’s Shop - Regalo personalizado,90597,Burgos,,,123,Tienda de regalos,5.0,,870,0,0,0,0,0,42.35049,-3.6698973,POINT(-3.6698973 42.35049),,78,false,false,2026-05-01 22:10:28.137099 UTC,,false,false
ChIJWyqKsLj8RQ0Rz6bXUhx-oik,Deichmann,90597,Burgos,,,129,Zapatería,3.7,,154,0,0,0,0,0,42.349401,-3.6817149,POINT(-3.6817149 42.349401),,31,false,false,2026-05-01 22:12:35.290601 UTC,,false,false
ChIJ6S9EbdD8RQ0R64S4qs2fu5w,Óptica Bernardas,90597,Burgos,,,130,Óptica,4.9,,36,34,1,1,0,0,42.343662,-3.693951,POINT(-3.693951 42.343662),,7,false,false,2026-05-07 20:26:53.403658 UTC,,false,false
ChIJ_Yc0dsbjRQ0RQolE7lI4zzs,Parque infantil Emilio Giménez Heras,90597,Burgos,"Pl. Dr. Emilio Giménez Heras, 1, 09001 Burgos, España",9001,204,Parque infantil,3.8,,4,1,1,2,0,0,42.3342441,-3.7019426,POINT(-3.7019426 42.3342441),,2,false,false,2026-06-18 20:24:01.872008 UTC,,true,true
ChIJ3dLLl7jFRQ0RDogUXpPn3TU,Campo de fútbol,91139,Covarrubias,"C. las Eras, 380, 09346 Covarrubias, Burgos, España",9346,150,Campo de fútbol,5.0,,1,1,0,0,0,0,42.0627603,-3.5142805,POINT(-3.5142805 42.0627603),,0,false,false,2026-07-02 00:48:39.517082 UTC,2026-07-02 00:10:16.244793 UTC,true,false
ChIJ838W7KGaTw0RFbNqQyrWIeg,Bar Chimi Cafe,92194,Miranda de Ebro,"C. Concepción Arenal, 5, 09200 Miranda de Ebro, Burgos, España",9200,17,Cafetería,4.5,,37,25,7,3,1,1,42.6885312,-2.9417016,POINT(-2.9417016 42.6885312),$,35,false,false,2026-05-28 18:42:42.083186 UTC,2026-06-15 21:36:33.252182 UTC,false,false
ChIJT4rtgaGaTw0R9ugi8tzpRls,Dibéricos S.L.,92194,Miranda de Ebro,"C. Arenal, 85, 09200 Miranda de Ebro, Burgos, España",9200,19,Carnicería,5.0,,2,2,0,0,0,0,42.6871774,-2.9423942,POINT(-2.9423942 42.6871774),,2,false,false,2026-06-16 01:33:49.780674 UTC,2026-06-15 22:07:22.981387 UTC,false,false
ChIJFasnz6GaTw0Rpaxar78Dgb8,Hostal Castilla,92194,Miranda de Ebro,"C. Logroño, 14, 09200 Miranda de Ebro, Burgos, España",9200,47,Hotel,4.1,,98,57,14,15,4,8,42.688537,-2.940442,POINT(-2.940442 42.688537),,28,false,false,2026-06-16 01:35:17.689236 UTC,2026-06-15 22:17:41.954944 UTC,false,false
ChIJvYbYBQCbTw0RjUKCvGnnkGc,Vinod Bhai,92194,Miranda de Ebro,"09200 Miranda de Ebro, Burgos, España",9200,63,Panadería,0.0,,0,0,0,0,0,0,42.686895,-2.9450848,POINT(-2.9450848 42.686895),,0,false,false,2026-06-16 01:34:45.367395 UTC,,true,false
ChIJEwHBI6KaTw0Rvc-M180EP4E,La Casa del Jamón 🥖,92194,Miranda de Ebro,"C. Juan R. Jiménez, 3, 09200 Miranda de Ebro, Burgos, España",9200,104,Tienda de alimentación,4.4,,59,34,17,5,1,2,42.68805,-2.94291,POINT(-2.94291 42.68805),,4,false,false,2026-06-16 01:32:47.270527 UTC,,true,false
ChIJN7-46aCaTw0RZSE6UPkXZ5I,Los Detalles de Ángela,92194,Miranda de Ebro,"C. Concepción Arenal, 40, 09200 Miranda de Ebro, Burgos, España",9200,123,Tienda de regalos,4.7,,7,5,2,0,0,0,42.6860511,-2.9393183,POINT(-2.9393183 42.6860511),,1,false,false,2026-06-16 01:35:17.689471 UTC,,true,false
ChIJI8tjq7yaTw0RYAY2Oi1rVNA,Kiara,92194,Miranda de Ebro,"C. Arenal, 67, 09200 Miranda de Ebro, Burgos, España",9200,124,Tienda de ropa,4.8,,12,10,2,0,0,0,42.6860404,-2.9442038,POINT(-2.9442038 42.6860404),,7,false,false,2026-06-16 01:35:06.316800 UTC,,true,false
ChIJeRnp-LabTw0RwSvZWRT-mcs,Feeling,92194,Miranda de Ebro,"C. La Estación, 26, bajo, 09200 Miranda de Ebro, Burgos, España",9200,125,Tienda de ropa de hombre,5.0,,5,5,0,0,0,0,42.6867557,-2.9455328,POINT(-2.9455328 42.6867557),,52,false,false,2026-06-16 01:34:45.366453 UTC,,false,false
ChIJ712UyH-bTw0RJ9vEjCVkv8U,Arlett Moda,92194,Miranda de Ebro,"C. Arenal, 69, 09200 Miranda de Ebro, Burgos, España",9200,126,Tienda de ropa de mujer,5.0,,4,4,0,0,0,0,42.6860227,-2.9439074,POINT(-2.9439074 42.6860227),,1,false,false,2026-06-16 01:35:14.149112 UTC,,false,false
ChIJAforA6OaTw0RR6_xz39Mla4,Óptica Pilsa,92194,Miranda de Ebro,"C. La Estación, 24, 09200 Miranda de Ebro, Burgos, España",9200,130,Óptica,4.9,,17,16,1,0,0,0,42.6866675,-2.9456496,POINT(-2.9456496 42.6866675),,275,false,false,2026-06-16 01:34:45.366353 UTC,,false,false
ChIJIdaBpaWaTw0RSrNa-_t3JtE,Pabellón del Ebro,92194,Miranda de Ebro,"C. del Río Ebro, 20D, 09200 Miranda de Ebro, Burgos, España",9200,191,Polideportivo,3.6,,121,42,21,37,11,10,42.6814738,-2.9446095,POINT(-2.9446095 42.6814738),,110,false,false,2026-06-16 01:29:48.168182 UTC,,true,false
ChIJE0ac_DeQTw0R8VjgT-WzMH4,Alcampo Plataforma logística Miranda de Ebro,92194,Miranda de Ebro,"C. Suzana, 136, 09218 Miranda de Ebro, Burgos, España",9218,237,Almacén,2.7,,211,0,0,0,0,0,42.6900925,-2.9070888,POINT(-2.9070888 42.6900925),,35,false,false,2026-06-16 01:29:05.526528 UTC,,false,false
ChIJuwwrGKKaTw0R4VvvehIluu4,Neksus: Telefonía y móviles,92194,Miranda de Ebro,"Avenida de los, Av. Comuneros de Castilla, 20, 09200 Miranda de Ebro, Burgos, España",9200,243,Compañía telefónica,4.9,,723,705,7,1,1,9,42.686497,-2.9428114,POINT(-2.9428114 42.686497),,9,false,false,2026-06-16 01:32:47.270458 UTC,,false,false
ChIJB41pPaOaTw0RhMURDEXiM04,GAES Miranda De Ebro,92194,Miranda de Ebro,"C. La Estación, 14, 09200 Miranda de Ebro, Burgos, España",9200,268,Audiólogo,4.4,,87,67,8,3,0,9,42.6860848,-2.9465313,POINT(-2.9465313 42.6860848),,9,false,false,2026-06-16 01:33:03.918166 UTC,,false,false
ChIJy1XmjhObRQ0RQveVSnLWqyQ,Panadería Los Santanderinos,92740,Pradoluengo,"C. de José Antonio Primo de Rivera, 2, 09260 Pradoluengo, Burgos, España",9260,63,Panadería,4.8,9.6819882597774267,14,0,0,0,0,0,42.3242626,-3.2012108,POINT(-3.2012108 42.3242626),€1-10,2,false,false,2026-05-31 02:55:52.629077 UTC,2026-06-15 20:31:17.076625 UTC,true,false
ChIJS2-lDjKbRQ0RY-1LVRknLAs,Los Pinos - Pradoluengo,92740,Pradoluengo,"Diseminado Diseminados, 57, 09260 Pradoluengo, Burgos, España",9260,204,Parque infantil,4.8,,4,0,0,0,0,0,42.3212674,-3.2049109,POINT(-3.2049109 42.3212674),,27,false,false,2026-05-31 03:12:17.100901 UTC,2026-06-15 20:28:02.140216 UTC,true,false
ChIJiZA5bgOcRQ0R1TnHByXeC7Q,Senda de La Muñeca,92740,Pradoluengo,"09260 Pradoluengo, Burgos, España",9260,208,Zona de senderismo,4.9,,15,0,0,0,0,0,42.2755421,-3.1697461,POINT(-3.1697461 42.2755421),,52,false,false,2026-05-31 03:11:57.851501 UTC,2026-06-15 20:35:37.788813 UTC,true,false
ChIJQczjhFL0RQ0RFIR47zy6K2k,Camping Picón del Conde,91123,Coruña del Conde,"Calle Burgos, 0, Km 0263 0, 09292 Monasterio de Rodilla, Burgos, España",9292,18,Camping,3.5,,619,219,151,79,58,112,42.4595553,-3.4580419,POINT(-3.4580419 42.4595553),,378,false,false,2026-05-21 00:21:30.509233 UTC,2026-06-15 19:32:26.656727 UTC,true,false
ChIJT7pgOsL9RQ0RN4DIiDNqk8g,Bar La BienQuerida,90597,Burgos,,,9,Bar de tapas,4.3,9.04973190301098,151,103,25,4,6,13,42.3431397,-3.6874004,POINT(-3.6874004 42.3431397),$,138,false,false,2026-05-06 11:38:45.487095 UTC,2026-06-15 23:17:45.645290 UTC,false,false
ChIJ0XXS3yn9RQ0R0EyiZgcvDaI,Restaurante Gaona Jardín,90597,Burgos,,,9,Bar de tapas,4.2,,2363,1265,690,198,63,147,42.3404631,-3.7030631,POINT(-3.7030631 42.3404631),$$,1593,false,false,2026-05-06 11:39:02.669509 UTC,,false,false
ChIJQ0h8QTD9RQ0RNHQSMNmGDYU,Hnos. Rodríguez Carnicería charcutería,90597,Burgos,,,19,Carnicería,4.9,,30,0,0,0,0,0,42.3422657,-3.7145927,POINT(-3.7145927 42.3422657),,28,false,false,2026-05-01 21:59:30.728315 UTC,,false,false
ChIJkSJlkirjRQ0RwT-wD3Vz960,Farmacia Moral,90597,Burgos,,,34,Farmacia,4.7,,19,17,1,0,0,1,42.3322484,-3.7018216,POINT(-3.7018216 42.3322484),,13,false,false,2026-05-07 20:26:48.259588 UTC,,false,false
ChIJLwvkWOz8RQ0RYRy_bUIkoSo,Castilla Floristería,90597,Burgos,,,36,Floristería,4.3,,9,0,0,0,0,0,42.3606173,-3.6866786,POINT(-3.6866786 42.3606173),,18,false,false,2026-05-01 22:02:19.165017 UTC,,false,false
ChIJpdIzCkP7RQ0RX4ciGLKqDyg,CODIBUR Comercial Distribuidora Burgalesa S.L.,90597,Burgos,,,98,Servicio postal,4.5,,437,370,13,7,2,45,42.3555327,-3.6906228,POINT(-3.6906228 42.3555327),,8,false,false,2026-05-07 20:27:25.419723 UTC,,false,false
ChIJbb1xxVH7RQ0R9sZUk8PKrlc,Genesis Land,90597,Burgos,"naves Taglosa, Pol. Ind. Taglosa, 2, A, 09007 Burgos, España",9007,204,Parque infantil,3.9,,132,83,8,10,7,24,42.3570396,-3.6498498,POINT(-3.6498498 42.3570396),,63,false,false,2026-06-18 20:24:06.451864 UTC,,false,false
ChIJveMtlIn9RQ0R8PC2welvmhc,Parque infantil,90597,Burgos,"C. de Pessac, 26, 09006 Burgos, España",9006,204,Parque infantil,2.0,,2,0,0,1,0,1,42.3596528,-3.6726807,POINT(-3.6726807 42.3596528),,1,false,false,2026-06-18 20:24:04.423406 UTC,,true,true
ChIJAQDUl6SaTw0RYUuIIwwyfJA,Play Off Café,92194,Miranda de Ebro,"C. del Río Ebro, 14, 09200 Miranda de Ebro, Burgos, España",9200,8,Bar,4.5,,84,58,16,8,0,2,42.6834582,-2.9467246,POINT(-2.9467246 42.6834582),$,12,false,false,2026-05-28 18:43:08.381752 UTC,2026-06-15 22:35:11.738643 UTC,false,false
ChIJMT-IeQCbTw0Rh8NWRWh6b-w,Bar Lio,92194,Miranda de Ebro,"C. Francia, 1, 09200 Miranda de Ebro, Burgos, España",9200,8,Bar,4.7,9.4369994753506035,48,37,8,2,0,1,42.6835884,-2.9399871,POINT(-2.9399871 42.6835884),,7,false,false,2026-05-28 18:43:21.620016 UTC,2026-06-15 21:42:27.792114 UTC,true,false
ChIJMVM0wKSaTw0R_uPRnKB5wD0,Cafetería Beyma'S,92194,Miranda de Ebro,"C. del Río Ebro, 19, 09200 Miranda de Ebro, Burgos, España",9200,17,Cafetería,4.2,,45,25,9,9,1,1,42.6834109,-2.9460985,POINT(-2.9460985 42.6834109),,25,false,false,2026-06-16 01:35:56.662512 UTC,2026-06-15 21:53:13.519859 UTC,false,false
ChIJ_a8Wd7SbTw0RJywC7-OppQs,Cafetería Plan B,92194,Miranda de Ebro,"C. Abastos, 2, 09200 Miranda de Ebro, Burgos, España",9200,17,Cafetería,4.4,9.1763553303899243,244,147,69,14,5,9,42.6855452,-2.9459026,POINT(-2.9459026 42.6855452),,81,false,false,2026-06-16 01:34:05.291307 UTC,2026-06-15 21:54:36.861045 UTC,false,false
ChIJJym5M6KaTw0RRlEZoVZAkZs,My Nails,92194,Miranda de Ebro,"C. Gregorio Solabarrieta, 5, 09200 Miranda de Ebro, Burgos, España",9200,33,Esteticista,4.7,,204,182,10,2,0,10,42.6849863,-2.9490151,POINT(-2.9490151 42.6849863),,600,false,false,2026-06-16 01:35:00.809468 UTC,,false,false
ChIJRXRNlwqQTw0REztzXV4mZqg,Farmacia Lic. Begoña Ruiz Barredo,92194,Miranda de Ebro,,,34,Farmacia,3.5,,26,0,0,0,0,0,42.6881213,-2.9368639,POINT(-2.9368639 42.6881213),,9,false,false,2026-05-07 20:57:47.965953 UTC,2026-06-15 22:13:49.649338 UTC,true,false
ChIJ-fQH5b2aTw0RSGUOrTqrPXE,Ferreteria Alejo - Cadena88,92194,Miranda de Ebro,"C. Álava, 20, 09200 Miranda de Ebro, Burgos, España",9200,35,Ferretería,4.6,,271,197,54,12,3,5,42.688449,-2.9520453,POINT(-2.9520453 42.688449),,20,false,false,2026-06-16 01:34:18.359005 UTC,,false,false
ChIJfexc8guQTw0RPKHm5PXjU7c,Restaurante Asiático GH,92194,Miranda de Ebro,"Av. Europa, 40, 09200 Miranda de Ebro, Burgos, España",9200,74,Restaurante asiático,4.1,8.7396183859091252,275,133,70,43,12,17,42.6858996,-2.9332254,POINT(-2.9332254 42.6858996),$,164,false,false,2026-05-28 18:42:42.082438 UTC,2026-06-15 22:37:42.164956 UTC,false,false
ChIJ29Y6sqOaTw0RbbBggOr6gQk,Cott’o ONLY,92194,Miranda de Ebro,"C. Ramón y Cajal, 27, 09200 Miranda de Ebro, Burgos, España",9200,126,Tienda de ropa de mujer,4.5,,6,3,3,0,0,0,42.6867286,-2.944335,POINT(-2.944335 42.6867286),,84,false,false,2026-06-16 01:34:45.366409 UTC,,false,false
ChIJ3e4PNKCaTw0RmmWVYt0TJcA,Oficina de Correos,92194,Miranda de Ebro,"C. Arenal, 55, 09200 Miranda de Ebro, Burgos, España",9200,182,Oficina de correos,2.6,,113,30,11,9,6,57,42.685386,-2.9453272,POINT(-2.9453272 42.685386),,15,false,false,2026-06-16 01:35:56.662497 UTC,,false,false
ChIJzdciQKOaTw0R2NnxBBQYUwE,Bazar Oriente,92194,Miranda de Ebro,,,188,Piscina,4.1,,19,0,0,0,0,0,42.6856352,-2.9463542,POINT(-2.9463542 42.6856352),,2,false,false,2026-06-16 01:33:51.569997 UTC,2026-06-15 21:48:34.042629 UTC,true,false
ChIJRXBCWrmaTw0RE9J-hZ1q3d4,Teatro Apolo,92194,Miranda de Ebro,,,197,Teatro,4.2,,631,332,174,83,17,25,42.6837032,-2.9528986,POINT(-2.9528986 42.6837032),,353,false,false,2026-06-16 01:29:48.168058 UTC,2026-06-15 22:44:33.078672 UTC,false,false
ChIJFa7QWaObTw0Re6Pf5Obl5SQ,Punto Pack InPost,92194,Miranda de Ebro,"Av. República Argentina, 57, 09200 Miranda de Ebro, Burgos, España",9200,251,Servicio de envíos,5.0,,1,1,0,0,0,0,42.6864158,-2.9397012,POINT(-2.9397012 42.6864158),,1,false,false,2026-06-16 01:35:08.174577 UTC,,false,false
ChIJ7dsMiKGaTw0Ra5iHJlOXuUg,Joyería Tito,92194,Miranda de Ebro,"C. La Estación, 32, 09200 Miranda de Ebro, Burgos, España",9200,272,Joyería,4.5,,174,111,43,14,3,3,42.6870586,-2.9449605,POINT(-2.9449605 42.6870586),,63,false,false,2026-06-16 01:33:11.365879 UTC,,false,false
ChIJtwpjlW2bRQ0REkoUKtPEQR4,Arusa Calceteria S.L.,92740,Pradoluengo,"C. Adolfo Espinosa, 91, 09260 Pradoluengo, Burgos, España",9260,124,Tienda de ropa,4.9,,12,0,0,0,0,0,42.3212166,-3.1944432,POINT(-3.1944432 42.3212166),,23,false,false,2026-05-31 02:47:27.644974 UTC,2026-06-15 20:12:51.465997 UTC,true,false
ChIJ_0hgnhObRQ0RvBD247dQ9zk,El Gemelo,92740,Pradoluengo,"Pl. del Mercado, 3, 09260 Pradoluengo, Burgos, España",9260,229,Establecimiento de jamón serrano,4.5,,25,0,0,0,0,0,42.3236724,-3.2007014,POINT(-3.2007014 42.3236724),,26,false,false,2026-05-31 02:47:29.359742 UTC,2026-06-15 20:23:42.549857 UTC,false,false
ChIJJVU0u8j8RQ0RmCGAMxavFqY,Bar Arizona. Cafetería,90597,Burgos,,,9,Bar de tapas,3.8,7.800211783265695,113,51,25,15,9,13,42.3440134,-3.6867872,POINT(-3.6867872 42.3440134),$,42,false,false,2026-05-06 11:38:45.487173 UTC,2026-06-15 23:14:32.342605 UTC,true,false
ChIJp7PdVirjRQ0RykhX6C5W36Y,Cafetería Nashira,90597,Burgos,,,9,Bar de tapas,4.3,,642,360,171,68,19,24,42.3316223,-3.7008629,POINT(-3.7008629 42.3316223),$,78,false,false,2026-05-06 11:39:38.612041 UTC,,false,false
ChIJofBqWLz8RQ0RU8FbPlSLWNk,Carnicería Santamaría,90597,Burgos,,,19,Carnicería,4.7,,130,0,0,0,0,0,42.3517002,-3.6752014,POINT(-3.6752014 42.3517002),,4,false,false,2026-05-01 21:59:30.728217 UTC,,false,false
ChIJJ7XhYNv8RQ0R3tdJXGxBB0g,Farmacia Sarmiento 24 horas,90597,Burgos,,,34,Farmacia,3.9,,258,0,0,0,0,0,42.3490282,-3.6941727,POINT(-3.6941727 42.3490282),,16,false,false,2026-05-07 20:26:46.758372 UTC,,false,false
ChIJ7ZFcsdX8RQ0R4ngCsMrPWPY,Farmacia Torrijo Araoz,90597,Burgos,,,34,Farmacia,4.4,,16,11,3,1,0,1,42.3376148,-3.70076,POINT(-3.70076 42.3376148),,1,false,false,2026-05-07 20:26:53.403521 UTC,,true,false
ChIJg5ovQ9P8RQ0Ruwb2Yn8ukBI,Pérez Santos,90597,Burgos,,,34,Farmacia,4.2,,12,8,2,0,0,2,42.335641,-3.6975836,POINT(-3.6975836 42.335641),,2,false,false,2026-05-07 20:26:53.403503 UTC,,true,false
ChIJJz4HtNH8RQ0R04BzbFFJCGk,FARMACIA CHOMÓN,90597,Burgos,,,34,Farmacia,4.5,,29,0,0,0,0,0,42.3415362,-3.6944384,POINT(-3.6944384 42.3415362),,5,false,false,2026-05-07 20:26:46.758795 UTC,,false,false
ChIJlb035c_8RQ0R4ZWI2cqWwwk,La Botica De Laura,90597,Burgos,,,43,Herbolario,4.6,,17,13,2,2,0,0,42.3436482,-3.6925856,POINT(-3.6925856 42.3436482),,5,false,false,2026-05-07 20:27:10.879704 UTC,,false,false
ChIJC2jEcNX8RQ0RFepcXxdfHDE,Toy Planet Burgos,90597,Burgos,,,53,Juguetería,4.4,,52,0,0,0,0,0,42.3379546,-3.7024523,POINT(-3.7024523 42.3379546),,6,false,false,2026-05-01 22:02:39.908130 UTC,,false,false
ChIJ50y9_DD9RQ0R2UkHINbxogc,Panadería Quintana,90597,Burgos,,,63,Panadería,4.6,,44,0,0,0,0,0,42.3415071,-3.7160625,POINT(-3.7160625 42.3415071),$,15,false,false,2026-05-01 22:06:04.858245 UTC,,false,false
ChIJz2GWUqP8RQ0Rh61UHsCB_zw,California,90597,Burgos,,,73,Restaurante,4.2,,350,188,97,32,7,26,42.3507172,-3.6723339,POINT(-3.6723339 42.3507172),$,70,false,false,2026-05-06 11:38:45.487072 UTC,,false,false
ChIJEbkxy6b8RQ0R5SyBVbNkuT4,For You Moda y Diseño,90597,Burgos,,,126,Tienda de ropa de mujer,4.4,,164,0,0,0,0,0,42.3500518,-3.6665941,POINT(-3.6665941 42.3500518),,98,false,false,2026-05-01 22:11:52.533593 UTC,,false,false
ChIJtX8aMtT8RQ0RbXBCGpiXFVc,Museo de Burgos,90597,Burgos,"C. Miranda, 13, 09002 Burgos, España",9002,181,Museo,4.5,,1274,0,0,0,0,0,42.3384361,-3.7000503,POINT(-3.7000503 42.3384361),,3881,false,false,2026-06-18 21:12:23.432676 UTC,,false,true
ChIJlyfDnc_8RQ0RhzhLK1dovs4,Parque Infantil Regino Sainz de la Maza I,90597,Burgos,"P.º Regino Sainz de la Maza, 15, 09004 Burgos, España",9004,204,Parque infantil,4.0,,28,0,0,0,0,0,42.3438328,-3.6903498,POINT(-3.6903498 42.3438328),,13,false,false,2026-06-18 20:24:01.762698 UTC,,true,true
ChIJQeCiG8rFRQ0RHZ_v_2XJEuU,Oficina de Turismo Municipal de Covarrubias,91139,Covarrubias,"C. de Monseñor Vargas, S/N, 09346 Covarrubias, Burgos, España",9346,157,Centro de información turística,4.0,7.2853679671417924,86,47,17,6,4,12,42.0596466,-3.51946,POINT(-3.51946 42.0596466),,388,false,false,2026-07-02 00:54:12.490411 UTC,2026-07-01 23:50:29.380810 UTC,false,false
ChIJ-wJrIP_HRQ0Ryy7CxY1z3RM,Agua de Manantial,91139,Covarrubias,"09346 Covarrubias, Burgos, España",9346,211,Fuente de agua potable,0.0,,0,0,0,0,0,0,42.0599099,-3.4975506,POINT(-3.4975506 42.0599099),,0,false,true,2026-07-02 00:23:14.777351 UTC,2026-07-02 00:10:31.501075 UTC,true,false
ChIJhxoYrFmbTw0RwkP6RuClY0I,Ti Penso,92194,Miranda de Ebro,"C. Sta. Lucía, 10, 09200 Miranda de Ebro, Burgos, España",9200,8,Bar,4.9,,8,7,1,0,0,0,42.6851208,-2.9496547,POINT(-2.9496547 42.6851208),,6,false,false,2026-05-28 18:43:00.045197 UTC,2026-06-15 22:46:01.518348 UTC,false,false
ChIJI6pRyT6bTw0RiNYUx6Yufgw,Churreria Gorrion,92194,Miranda de Ebro,"C. Concepción Arenal, 42, 09200 Miranda de Ebro, Burgos, España",9200,17,Cafetería,4.5,,4,2,2,0,0,0,42.6857183,-2.9389972,POINT(-2.9389972 42.6857183),,3,false,false,2026-06-16 01:35:17.689539 UTC,2026-06-15 22:06:07.432015 UTC,false,false
ChIJjcj0KfybTw0RnZ5u6yyVYzg,MiraDron,92194,Miranda de Ebro,"C. Reyes Católicos, 09200 Miranda de Ebro, Burgos, España",9200,27,Comercio,0.0,,0,0,0,0,0,0,42.687531,-2.950601,POINT(-2.950601 42.687531),,1,false,false,2026-06-16 01:35:32.369508 UTC,,true,false
ChIJ3yCe76OaTw0Rg5svi8YvCFk,María Lourdes Herrero Carande,92194,Miranda de Ebro,"C. del Cid, 21, 09200 Miranda de Ebro, Burgos, España",9200,27,Comercio,5.0,,8,8,0,0,0,0,42.6850082,-2.9428093,POINT(-2.9428093 42.6850082),,1,false,false,2026-06-16 01:35:56.662465 UTC,,true,false
ChIJVXpRZaOaTw0RyV4_EqZkpGU,Restaurante Las 4 Estaciones,92194,Miranda de Ebro,"C. Arenal, 51, 09200 Miranda de Ebro, Burgos, España",9200,75,Restaurante chino,3.7,3.4533477624645457,274,115,54,46,20,39,42.6851199,-2.9458111,POINT(-2.9458111 42.6851199),$,112,false,false,2026-05-28 18:42:42.082413 UTC,2026-06-15 22:40:41.352852 UTC,false,false
ChIJRZN9yv2RTw0R9afCsVlKNs0,McDonald's,92194,Miranda de Ebro,"C. Logroño, 88D, 09200 Miranda de Ebro, Burgos, España",9200,81,Restaurante de comida rápida,3.4,3.9399347770765116,762,279,165,99,40,179,42.6859589,-2.9314034,POINT(-2.9314034 42.6859589),$,383,false,false,2026-05-28 18:42:42.082768 UTC,2026-06-15 22:28:19.307523 UTC,false,false
ChIJoa6N_qOaTw0RXtInlwwwHqg,Zeta Informatica Y Electronica SL,92194,Miranda de Ebro,"C. del Cid, 23, 09200 Miranda de Ebro, Burgos, España",9200,118,Tienda de informática,4.3,,87,60,10,7,4,6,42.6848975,-2.9426977,POINT(-2.9426977 42.6848975),,16,false,false,2026-06-16 01:32:47.270627 UTC,,true,false
ChIJwQHEgaGaTw0RdZNPrtE5SSA,Calzados Factoría,92194,Miranda de Ebro,"C. Arenal, 87, 09200 Miranda de Ebro, Burgos, España",9200,129,Zapatería,4.2,,83,41,30,6,0,6,42.687406,-2.9419715,POINT(-2.9419715 42.687406),,1,false,false,2026-06-16 01:34:22.210946 UTC,,false,false
ChIJi6j75Z-bTw0RoqZp4VzUnjM,URBAN SMASH TACO MIRANDA,92194,Miranda de Ebro,"C. Vitoria, 12, 09200 Miranda de Ebro, Burgos, España",9200,212,Restaurante halal,5.0,9.8246286619424588,45,0,0,0,0,0,42.6859213,-2.9487241,POINT(-2.9487241 42.6859213),€1-10,22,false,false,2026-05-28 18:42:40.103797 UTC,2026-06-15 22:46:52.337371 UTC,false,false
ChIJM8UJ8qGaTw0R5TshWXXHJwg,CLAREL,92194,Miranda de Ebro,"C. Concepción Arenal, 4, 09200 Miranda de Ebro, Burgos, España",9200,249,Tienda de belleza y salud,4.6,,8,5,3,0,0,0,42.6885315,-2.9419478,POINT(-2.9419478 42.6885315),,6,false,false,2026-06-16 01:32:47.270607 UTC,,false,false
ChIJuyJOWmWPTw0RxmnHXSWNs-4,Centro Logístico SEUR,92194,Miranda de Ebro,"AVENID. DE MEXICO, 16, 09219 Ircio, Burgos, España",9219,251,Servicio de envíos,3.3,,193,86,25,15,2,65,42.6603262,-2.917825,POINT(-2.917825 42.6603262),,66,false,false,2026-06-16 01:29:44.647175 UTC,,false,false
ChIJ7TIEbYObTw0RQOJIhUfOwOc,El Sueño de Valeria,92194,Miranda de Ebro,"Av. Comuneros de Castilla, 7, 09200 Miranda de Ebro, Burgos, España",9200,256,Tienda de cortinas,4.9,,61,57,2,1,0,1,42.687142,-2.943146,POINT(-2.943146 42.687142),,127,false,false,2026-06-16 01:33:51.570105 UTC,,false,false
ChIJoT9zIaGaTw0RHamMk-z-Sdw,Dulces Caprichos,92194,Miranda de Ebro,"Av. República Argentina, 46, 09200 Miranda de Ebro, Burgos, España",9200,276,Tienda de golosinas,3.7,,25,14,3,1,1,6,42.685719,-2.9401739,POINT(-2.9401739 42.685719),,3,false,false,2026-06-16 01:35:17.689405 UTC,,true,false
ChIJ6be9r6OaTw0RG6ZSbsAXRw8,Cristalbox,92194,Miranda de Ebro,"C. del Cid, 9, 09200 Miranda de Ebro, Burgos, España",9200,301,Taller de cristales para automóviles,4.0,,30,19,3,2,1,5,42.686402,-2.944159,POINT(-2.944159 42.686402),,4,false,false,2026-06-16 01:34:41.770394 UTC,,false,false
ChIJ7VXjwAWcRQ0RwXVjp-qaFXE,Nacedero del río Oropesa,92740,Pradoluengo,"09260 Pradoluengo, Burgos, España",9260,146,Atracción turística,4.9,,21,0,0,0,0,0,42.2797988,-3.171828,POINT(-3.171828 42.2797988),,103,false,false,2026-05-31 03:11:57.852095 UTC,2026-06-15 20:29:22.708815 UTC,true,false
ChIJEfEgJRibRQ0RjzhHdHjZeuY,Cam. Campo de Fútbol,92740,Pradoluengo,"09260 Pradoluengo, Burgos, España",9260,150,Campo de fútbol,0.0,,0,0,0,0,0,0,42.3277025,-3.2088087,POINT(-3.2088087 42.3277025),,0,false,false,2026-05-31 03:04:09.399249 UTC,2026-06-15 20:19:16.952050 UTC,false,false
ChIJ644uksnFRQ0R6JCFckK_-8Y,Hotel Rey Chindasvinto,91139,Covarrubias,"Torreón de Doña Urraca, Pl. del Rey Chindasvinto, 5, 09346 Covarrubias, Burgos, España",9346,47,Hotel,4.4,8.0293107528876355,258,0,0,0,0,0,42.0584335,-3.5191323,POINT(-3.5191323 42.0584335),,502,true,false,2026-07-02 00:35:47.674433 UTC,2026-07-01 23:33:23.613915 UTC,true,false
ChIJF7apBMrFRQ0RR_njFs6cj7E,Nuevo Arlanza Restaurante,91139,Covarrubias,"Pl. de Doña Urraca, 11, 09346 Covarrubias, Burgos, España",9346,94,Restaurante mediterráneo,3.1,5.2258710827467585,81,0,0,0,0,0,42.0593546,-3.519966,POINT(-3.519966 42.0593546),,38,false,false,2026-07-02 00:36:58.785771 UTC,2026-07-01 23:51:02.994341 UTC,true,true
ChIJa5f-OZ78RQ0RCgWE0nV8txs,"Dental Clinic, Tu Mejor Sonrisa.",90597,Burgos,,,24,Clínica dental,4.4,,32,0,0,0,0,0,42.3582388,-3.6632794,POINT(-3.6632794 42.3582388),,18,false,false,2026-05-01 22:14:19.231039 UTC,,false,false
ChIJOYRpdtz8RQ0RY_SPukmNsws,Floristería Marisol,90597,Burgos,,,36,Floristería,4.7,,95,0,0,0,0,0,42.3493023,-3.6961397,POINT(-3.6961397 42.3493023),,40,false,false,2026-05-01 22:02:19.164868 UTC,,false,false
ChIJ3zyEHcj8RQ0Rw4zY6Vw83uU,Hospital Recoletas Salud Burgos,90597,Burgos,,,45,Hospital privado,4.5,,2974,2473,170,30,41,260,42.3442774,-3.6830912,POINT(-3.6830912 42.3442774),,83,false,false,2026-05-07 20:27:02.282978 UTC,,false,false
ChIJ7x_Bw9X8RQ0RSzNBiH6sWnA,Mercado Sur de Abastos Burgos,90597,Burgos,,,58,Mercado,4.3,,1073,0,0,0,0,0,42.3380566,-3.7004213,POINT(-3.7004213 42.3380566),,336,false,false,2026-05-01 21:44:12.497373 UTC,,false,false
ChIJsdkhu9f8RQ0R3sZHyQBDfcg,Pizzería La Competencia,90597,Burgos,,,70,Pizzería,4.2,,2074,949,740,244,64,77,42.3424119,-3.701219,POINT(-3.701219 42.3424119),$,366,false,false,2026-05-06 11:39:23.166200 UTC,,false,false
ChIJi35sDAn9RQ0RyX7FzcuFNCg,Restaurante Cobo Evolución,90597,Burgos,,,73,Restaurante,4.7,,131,108,13,6,1,3,42.3415,-3.69881,POINT(-3.69881 42.3415),,313,false,false,2026-05-06 11:39:02.669573 UTC,,false,false
ChIJg7aSeibCTw0RM38PdUdMAHo,Restaurante Buffet Libre Sushi Mon,90597,Burgos,,,74,Restaurante asiático,3.7,,1524,644,355,207,94,224,42.3455699,-3.6834369,POINT(-3.6834369 42.3455699),$$,1113,false,false,2026-05-06 11:38:45.487029 UTC,,false,false
ChIJC2GueZP8RQ0RRdU8EQ-JilQ,La Trébede,90597,Burgos,,,80,Restaurante de comida para llevar,4.2,,165,85,45,23,8,4,42.3600161,-3.679582,POINT(-3.679582 42.3600161),$,46,false,false,2026-05-06 11:39:27.500346 UTC,,false,false
ChIJBZp46YUHRg0R9UYXLphywts,Carrefour Express EESS,90597,Burgos,,,99,Supermercado,3.9,,67,0,0,0,0,0,42.3701527,-3.7181735,POINT(-3.7181735 42.3701527),,4,false,false,2026-05-01 21:44:12.497281 UTC,,false,false
ChIJVeVAN9T8RQ0Re0YpnWL3QMc,Supermercados Alimerka,90597,Burgos,,,99,Supermercado,3.9,,787,0,0,0,0,0,42.3382097,-3.6998197,POINT(-3.6998197 42.3382097),,29,false,false,2026-05-01 21:44:12.497456 UTC,,false,false
ChIJ34CEeQDjRQ0R_DPZ48UoEcM,TEDi Comercio,90597,Burgos,,,111,Tienda de artículos para el hogar,4.3,,6,0,0,0,0,0,42.3242229,-3.7030839,POINT(-3.7030839 42.3242229),,7,false,false,2026-05-01 22:08:17.353779 UTC,,true,false
ChIJGcygW0D9RQ0RkcJr6PSbMSA,Parque infantil Monte Sano,90597,Burgos,"C. Monte Sano, 4, 09003 Burgos, España",9003,204,Parque infantil,3.0,,1,0,0,0,0,0,42.3431387,-3.7161771,POINT(-3.7161771 42.3431387),,3,false,false,2026-06-18 20:24:01.838201 UTC,,true,true
ChIJhdlx-snFRQ0R5PdMhwKUZ0A,Bazar Isabel,91139,Covarrubias,"Calle Garcia Fernandez, 1, 09346 Covarrubias, Burgos, España",9346,123,Tienda de regalos,5.0,,1,0,0,0,0,0,42.0585672,-3.5199705,POINT(-3.5199705 42.0585672),,4,false,true,2026-07-02 00:20:33.205267 UTC,2026-07-02 00:09:12.321024 UTC,true,false
ChIJdaiFI6OaTw0RCST0N2YZ7L0,Bar Avenida,92194,Miranda de Ebro,"Parque Antonio Machado, 1, 09200 Miranda de Ebro, Burgos, España",9200,8,Bar,4.0,,151,72,39,21,8,11,42.6864286,-2.9465266,POINT(-2.9465266 42.6864286),$,70,false,false,2026-05-28 18:43:21.619953 UTC,2026-06-15 21:34:11.651427 UTC,true,false
ChIJCR-NuCabTw0RexNR4jrq5xE,Cafe Bar La Morena,92194,Miranda de Ebro,"Av. Comuneros de Castilla, 09200 Miranda de Ebro, Burgos, España",9200,8,Bar,5.0,,1,1,0,0,0,0,42.6866184,-2.9429399,POINT(-2.9429399 42.6866184),,2,false,false,2026-05-28 18:43:08.381561 UTC,2026-06-15 21:50:31.470226 UTC,true,false
ChIJx9HC3LuaTw0Rc5IB5Ib4GxI,Cafetería La Tertulia,92194,Miranda de Ebro,"Pl. de España, 6, 09200 Miranda de Ebro, Burgos, España",9200,17,Cafetería,4.4,9.1860295629594475,304,181,79,30,4,10,42.6829247,-2.9519696,POINT(-2.9519696 42.6829247),$,143,false,false,2026-06-16 01:34:18.359032 UTC,2026-06-15 21:53:34.343519 UTC,false,false
ChIJz0AwTruaTw0R696Gw5kbe3s,Farmacia Lic Cristina Sanjurjo,92194,Miranda de Ebro,,,34,Farmacia,4.8,,17,14,2,1,0,0,42.6837717,-2.948093,POINT(-2.948093 42.6837717),,14,false,false,2026-06-16 01:35:56.662570 UTC,2026-06-15 22:13:33.802743 UTC,false,false
ChIJxabO_aCaTw0RcXyPj1LBOJM,Farmacia Lucía Yárritu,92194,Miranda de Ebro,,,34,Farmacia,4.4,,25,0,0,0,0,0,42.6868069,-2.9400303,POINT(-2.9400303 42.6868069),,14,false,false,2026-05-07 20:57:47.965993 UTC,2026-06-15 22:14:04.697765 UTC,false,false
ChIJf2pybcWaTw0R5cXGixSLWfM,Restaurante Asador Miranda,92194,Miranda de Ebro,"Ctra. Orón, 52, 09200 Miranda de Ebro, Burgos, España",9200,65,Parrilla,4.4,8.3122770099435,902,0,0,0,0,0,42.6802343,-2.9659756,POINT(-2.9659756 42.6802343),€30-50,705,false,false,2026-05-28 18:42:37.536746 UTC,2026-06-15 22:37:22.030785 UTC,false,false
ChIJ87ftZaaaTw0ROdFHjM7EnVI,Lidl,92194,Miranda de Ebro,"C. Rda. del Ferrocarril, 90, 09200 Miranda de Ebro, Burgos, España",9200,100,Supermercado de descuentos,4.2,,1565,0,0,0,0,0,42.688919,-2.934091,POINT(-2.934091 42.688919),,253,false,false,2026-06-16 01:32:39.735638 UTC,,false,false
ChIJNVyZ68KbTw0ROfwNygS-qIg,Flow Deco,92194,Miranda de Ebro,"C. Ramón y Cajal, 20, b, 09200 Miranda de Ebro, Burgos, España",9200,120,Tienda de muebles,5.0,,39,39,0,0,0,0,42.6865354,-2.9443529,POINT(-2.9443529 42.6865354),,5,false,false,2026-06-16 01:34:18.358887 UTC,,false,false
ChIJ60VBO6OaTw0RIVl2ylWfzAk,Muebles La Garlopa,92194,Miranda de Ebro,"C. Ramón y Cajal, 17, 09200 Miranda de Ebro, Burgos, España",9200,120,Tienda de muebles,5.0,,5,5,0,0,0,0,42.6863028,-2.9452436,POINT(-2.9452436 42.6863028),,10,false,false,2026-06-16 01:35:35.957128 UTC,,true,false
ChIJ2cQX7KOaTw0RJqcYyEFcqXI,pabloochoa.shoes- Outlet,92194,Miranda de Ebro,"Calle Francisco Cantera, 13, 09200 Miranda de Ebro, Burgos, España",9200,129,Zapatería,4.4,,17,12,2,2,0,1,42.6857595,-2.9449958,POINT(-2.9449958 42.6857595),,1,false,false,2026-06-16 01:34:05.291286 UTC,,false,false
ChIJYyh44qOaTw0RdnzmlmAPweE,Expendeduria Número 1,92194,Miranda de Ebro,"C. Condado de Treviño, 33, 09200 Miranda de Ebro, Burgos, España",9200,246,Estanco,4.5,,14,11,1,1,0,1,42.6852649,-2.9429302,POINT(-2.9429302 42.6852649),,1,false,false,2026-06-16 01:34:45.367907 UTC,,true,false
ChIJrY14ywCbTw0R5O-uMy51UqA,Punto Pack InPost,92194,Miranda de Ebro,"C. Logroño, 20, 09200 Miranda de Ebro, Burgos, España",9200,251,Servicio de envíos,0.0,,0,0,0,0,0,0,42.6882304,-2.93956,POINT(-2.93956 42.6882304),,1,true,false,2026-06-16 01:35:17.689283 UTC,,false,false
ChIJ53xBS5iaTw0RkyjxvkZUwww,DACIA MIRANDA | CONCESIONARIO Y TALLER AUTOVICAN,92194,Miranda de Ebro,"Ctra. Bilbao, 2, 09200 Miranda de Ebro, Burgos, España",9200,293,Taller de chapa y pintura,4.9,,195,187,6,0,0,2,42.6916701,-2.9462977,POINT(-2.9462977 42.6916701),,6,false,false,2026-06-16 01:34:20.168792 UTC,,false,false
ChIJzeGwm72bRQ0RWdYDoID5QOI,BUENOS AIRES BAZAR,92740,Pradoluengo,"C. Mayor, 4, Bajo, 09260 Pradoluengo, Burgos, España",9260,12,Bazar,0.0,,0,0,0,0,0,0,42.3268186,-3.2249038,POINT(-3.2249038 42.3268186),,1,false,false,2026-05-31 02:43:05.351297 UTC,2026-06-15 20:15:06.345635 UTC,false,false
ChIJ0f53hRObRQ0RGTWDeYkLxHc,Cafe Bar Regoluna,92740,Pradoluengo,"Calle mayor, 2, 09260 Pradoluengo, Burgos, España",9260,17,Cafetería,4.4,9.1753257497912273,359,0,0,0,0,0,42.3242933,-3.2011051,POINT(-3.2011051 42.3242933),€1-10,88,false,false,2026-05-31 02:55:12.491557 UTC,2026-06-15 20:17:22.757979 UTC,false,false
ChIJ_f82hBObRQ0RHWa97TQsQW0,Carambola Pub,92740,Pradoluengo,"09260 Pradoluengo, Burgos, España",9260,71,Pub,4.6,,70,56,6,4,1,3,42.324425,-3.2009017,POINT(-3.2009017 42.324425),€1-10,3,false,false,2026-05-31 02:56:10.196916 UTC,2026-06-15 20:20:21.139377 UTC,true,false
ChIJ9wq95mybRQ0RFaA_t_sLRn8,Artelan,92740,Pradoluengo,"C. Rodríguez de Valcárcel, 4, 09260 Pradoluengo, Burgos, España",9260,108,Tienda de artesanías,0.0,,0,0,0,0,0,0,42.3227482,-3.1965317,POINT(-3.1965317 42.3227482),,1,false,false,2026-05-31 02:47:27.644990 UTC,2026-06-15 20:12:35.837438 UTC,true,false
ChIJQeX5HKLjRQ0RNqs_UG1wisM,Calcetines Mestizaje,92740,Pradoluengo,"Calle mayor 2, C. Alcalde Pedro Pérez, s/n, 09260 Pradoluengo, Burgos, España",9260,124,Tienda de ropa,4.9,9.7707025713752955,51,0,0,0,0,0,42.3244515,-3.2012825,POINT(-3.2012825 42.3244515),,251,false,false,2026-05-31 02:47:49.198714 UTC,2026-06-15 20:19:02.457270 UTC,false,false
ChIJeUIYUBabRQ0Rj6PwvGiNEy4,Parque-merendero de San Roque,92740,Pradoluengo,"09260 Pradoluengo, Burgos, España",9260,203,Parque,4.0,,9,0,0,0,0,0,42.3276345,-3.2050329,POINT(-3.2050329 42.3276345),,5,false,false,2026-05-31 03:12:17.100876 UTC,2026-06-15 20:32:42.171752 UTC,true,false
ChIJu2N98cD8RQ0RqtaoSbPHI9o,Bar restaurante Pardo,90597,Burgos,,,10,Bar restaurante,4.1,,344,175,84,52,15,18,42.3517368,-3.6844758,POINT(-3.6844758 42.3517368),$,48,false,false,2026-05-06 11:38:43.598935 UTC,2026-06-15 23:21:48.548093 UTC,true,false
ChIJwXDMTcX8RQ0R4izaTA6YsKk,Centro Dental Virgen del Manzano,90597,Burgos,,,24,Clínica dental,4.7,,374,0,0,0,0,0,42.3444451,-3.686799,POINT(-3.686799 42.3444451),,77,false,false,2026-05-01 22:14:19.230815 UTC,,false,false
ChIJBaBh1KD8RQ0RY1g37XN5-nY,Farmacia García Lorca,90597,Burgos,,,34,Farmacia,4.8,,34,0,0,0,0,0,42.3504006,-3.664445,POINT(-3.664445 42.3504006),,8,false,false,2026-05-07 20:26:46.758731 UTC,,false,false
ChIJQ2qPVzD9RQ0RtIK2w4Y5Mlo,Farmacia Ana Gutiérrez Martí,90597,Burgos,,,34,Farmacia,3.9,,23,14,2,2,0,5,42.3416903,-3.7156029,POINT(-3.7156029 42.3416903),,4,false,false,2026-05-07 20:26:48.259679 UTC,,true,false
ChIJqWc3h9P8RQ0RgpptetaaLe8,Farmacia Jesús Aguilar Santamaría,90597,Burgos,,,34,Farmacia,3.5,,22,12,2,0,1,7,42.3371079,-3.6977686,POINT(-3.6977686 42.3371079),,5,false,false,2026-05-07 20:26:46.758953 UTC,,false,false
ChIJj8cIwtX8RQ0RsbFdUomK0vU,La Colada Burgos H3,90597,Burgos,,,55,Lavandería de autoservicio,4.4,,60,37,14,7,0,2,42.3382653,-3.7015115,POINT(-3.7015115 42.3382653),,24,false,false,2026-05-06 00:36:13.447351 UTC,,false,false
ChIJiRlpyxX9RQ0RZcSjyUMRExY,Restaurante Cobo Tradición,90597,Burgos,,,73,Restaurante,4.6,,1039,0,0,0,0,0,42.3415,-3.69881,POINT(-3.69881 42.3415),,1968,false,false,2026-05-06 11:38:59.306895 UTC,,false,false
ChIJE35aHb38RQ0RtTHGxT9JfdE,Mesón Juan XXIII,90597,Burgos,,,77,Restaurante de cocina castellana,3.9,,557,230,151,100,33,43,42.3523251,-3.6743056,POINT(-3.6743056 42.3523251),$,141,false,false,2026-05-06 11:38:42.252902 UTC,,false,false
ChIJEyvu2nj9RQ0RIrQm2W5LXnA,Mercadona,90597,Burgos,,,99,Supermercado,4.1,,534,0,0,0,0,0,42.3414908,-3.714902,POINT(-3.714902 42.3414908),,88,false,false,2026-05-01 21:44:12.497383 UTC,,false,false
ChIJ06LD9dn8RQ0RlAi4SPGnVnE,Delicias de Burgos,90597,Burgos,,,104,Tienda de alimentación,4.8,,129,0,0,0,0,0,42.3429135,-3.6967411,POINT(-3.6967411 42.3429135),,16,false,false,2026-05-01 21:51:51.647559 UTC,,false,false
ChIJZykqif3iRQ0RfKZXCrQWziY,Muscari,90597,Burgos,,,120,Tienda de muebles,4.5,,210,0,0,0,0,0,42.3015526,-3.7041786,POINT(-3.7041786 42.3015526),,120,false,false,2026-05-01 21:56:51.513346 UTC,,false,false
ChIJ638XA8_9RQ0RKOg8vh28O18,Unisa,90597,Burgos,,,129,Zapatería,4.9,,32,0,0,0,0,0,42.3412962,-3.7007219,POINT(-3.7007219 42.3412962),,45,false,false,2026-05-01 22:12:35.290509 UTC,,false,false
ChIJrZi19hb9RQ0RlLaxw3nAZ2U,Parque infantil Cristóbal Colón,90597,Burgos,"Av. Reyes Católicos, 39, 09005 Burgos, España",9005,204,Parque infantil,4.0,,2,0,0,0,0,0,42.3483286,-3.6940885,POINT(-3.6940885 42.3483286),,1,false,false,2026-06-18 20:24:01.804797 UTC,,true,true
ChIJc-S-ipH8RQ0RFHVmwDQc7XE,Parque Infantil Pirata G3,90597,Burgos,"09006 Burgos, España",9006,204,Parque infantil,4.4,,223,0,0,0,0,0,42.3631207,-3.677563,POINT(-3.677563 42.3631207),,54,false,false,2026-06-18 20:24:01.720886 UTC,,true,true
ChIJ501b-bCbTw0Rbgv5-yCMaYY,Bar Sopa de Ganso,92194,Miranda de Ebro,"Av. República Argentina, 73, 09200 Miranda de Ebro, Burgos, España",9200,8,Bar,4.5,9.303697842406109,140,88,41,7,1,3,42.6873924,-2.9379476,POINT(-2.9379476 42.6873924),,5,false,false,2026-05-28 18:42:42.083091 UTC,2026-06-15 21:45:17.113484 UTC,true,false
ChIJo25buaOaTw0RVYxh9wJa5f0,"Café Rock ""Donald"" 🎸",92194,Miranda de Ebro,"C. del Cid, 13, 09200 Miranda de Ebro, Burgos, España",9200,8,Bar,4.4,,468,280,117,44,9,18,42.6861714,-2.9440066,POINT(-2.9440066 42.6861714),$,44,false,false,2026-06-16 01:33:42.541896 UTC,2026-06-15 21:59:27.164146 UTC,true,false
ChIJVQxuc1iPTw0R7V-bLzUE0XY,Hacienda El Ternero,92194,Miranda de Ebro,"Finca El Ternero, s/n, 26212 Ternero, Burgos, España",26212,15,Bodega,4.4,,75,53,15,0,0,7,42.6031787,-2.9375164,POINT(-2.9375164 42.6031787),,134,false,false,2026-06-16 01:29:20.754961 UTC,,false,false
ChIJgeJTNLuaTw0REXjwDZ8Q2Bw,Cafetería Momentos,92194,Miranda de Ebro,"C. Alfonso VI, 1, 09200 Miranda de Ebro, Burgos, España",9200,17,Cafetería,4.0,,243,104,75,36,10,18,42.6852053,-2.9443269,POINT(-2.9443269 42.6852053),$,16,false,false,2026-06-16 01:34:05.291533 UTC,2026-06-15 21:53:50.944549 UTC,true,false
ChIJd8X3OgCbTw0Ri-77Pc-bzvQ,Pollería y precocinado Montse,92194,Miranda de Ebro,"C. del Río Ebro, 11, 09200 Miranda de Ebro, Burgos, España",9200,19,Carnicería,0.0,,0,0,0,0,0,0,42.6839905,-2.9468523,POINT(-2.9468523 42.6839905),,1,false,false,2026-06-16 01:35:02.679083 UTC,,true,false
ChIJcX5hLqKaTw0RajrrTAWCMIc,Nutrione,92194,Miranda de Ebro,"C. Ramón y Cajal, 36, 09200 Miranda de Ebro, Burgos, España",9200,27,Comercio,5.0,,4,4,0,0,0,0,42.68739,-2.9430491,POINT(-2.9430491 42.68739),,38,false,false,2026-06-16 01:34:22.211168 UTC,,false,false
ChIJ-T9lq7yaTw0RCSEqlF60i0I,Pébodi Suministros,92194,Miranda de Ebro,"C. Rda. del Ferrocarril, 18, 09200 Miranda de Ebro, Burgos, España",9200,27,Comercio,3.7,,3,2,0,0,0,1,42.684766,-2.947655,POINT(-2.947655 42.684766),,2,false,false,2026-06-16 01:34:50.973737 UTC,,false,false
ChIJd9i8WaCaTw0R3Agj39GEPA0,Centro Dietetico Condado de Treviño,92194,Miranda de Ebro,"C. Condado de Treviño, 74, 09200 Miranda de Ebro, Burgos, España",9200,43,Herbolario,4.8,,4,3,1,0,0,0,42.6872967,-2.9392708,POINT(-2.9392708 42.6872967),,7,false,false,2026-06-16 01:35:17.689365 UTC,,false,false
ChIJwUMa-ROQTw0RYc8pfe60SBw,Restaurante Alejandro de Bayas,92194,Miranda de Ebro,"Calle del Peso, Pol. Ind. Bayas, 4, 09218 Miranda de Ebro, Burgos, España",9218,73,Restaurante,4.2,4.1029193314025179,1316,0,0,0,0,0,42.6856133,-2.9226905,POINT(-2.9226905 42.6856133),€10-20,578,false,false,2026-06-16 01:32:43.636833 UTC,2026-06-15 22:37:00.219249 UTC,false,false
ChIJCafZwZOaTw0R4Oo4EOJDRZg,Mercadona,92194,Miranda de Ebro,"Polígono Las Californias, C. Riberas del Ebro, 9, 09200 Miranda de Ebro, Burgos, España",9200,99,Supermercado,4.3,,2340,0,0,0,0,0,42.695539,-2.9533078,POINT(-2.9533078 42.695539),,239,false,false,2026-06-16 01:32:39.735721 UTC,,false,false
ChIJXWJGaQCbTw0R4aBEBQmmeI0,Aire de Repos Supermarché E-Lecler,92194,Miranda de Ebro,"Diseminado Diseminados, 32, 09219 Miranda de Ebro, Burgos, España",9219,99,Supermercado,0.0,,0,0,0,0,0,0,42.7025849,-2.9669647,POINT(-2.9669647 42.7025849),,0,false,false,2026-06-16 01:33:30.416462 UTC,,true,false
ChIJhWylQ6KaTw0Rq3Dii-ZoiuU,INSIDE - Tienda de Ropa y Zapatos,92194,Miranda de Ebro,"Calle Dr. Fleming, 4, 09200 Miranda de Ebro, Burgos, España",9200,124,Tienda de ropa,4.2,,89,47,27,7,2,6,42.6880973,-2.9442476,POINT(-2.9442476 42.6880973),,7,false,false,2026-06-16 01:33:21.617805 UTC,,false,false
ChIJ6fGqe8SaTw0RLpoaF4LqS5s,Ebanistería Martín Calvo e Hijo S.L.,92194,Miranda de Ebro,"C. Rda. del Ferrocarril, 19, 09200 Miranda de Ebro, Burgos, España",9200,218,Carpintero,4.0,,3,1,1,1,0,0,42.6833484,-2.9481449,POINT(-2.9481449 42.6833484),,10,false,false,2026-05-28 18:42:58.002832 UTC,2026-06-15 22:09:37.366545 UTC,false,false
ChIJV4TUEtKbTw0RzJgjo4f1BJQ,Factory Colchón,92194,Miranda de Ebro,"C. Arenal, 90, 09200 Miranda de Ebro, Burgos, España",9200,244,Colchonería,5.0,,6,6,0,0,0,0,42.6870317,-2.9421209,POINT(-2.9421209 42.6870317),,10,false,false,2026-06-16 01:34:27.773119 UTC,,false,false
ChIJqd_2vLyaTw0R2-7mO6jS7Yg,Expendeduria Número 11,92194,Miranda de Ebro,"Plaza Prim, 1, 09200 Miranda de Ebro, Burgos, España",9200,246,Estanco,4.7,,3,2,1,0,0,0,42.6851068,-2.9490595,POINT(-2.9490595 42.6851068),,7,false,false,2026-06-16 01:34:07.070276 UTC,,false,false
ChIJYYVKfKKaTw0RBR3pKTOWW4k,Cristal Miranda,92194,Miranda de Ebro,"C. Rda. del Ferrocarril, 59, 09200 Miranda de Ebro, Burgos, España",9200,319,Cristalero,3.5,,14,8,1,0,0,5,42.6887772,-2.9454951,POINT(-2.9454951 42.6887772),,11,false,false,2026-06-16 01:35:30.540092 UTC,,false,false
ChIJWQEjjKOaTw0RDgDT1GSxSKc,Tejidos María Jesús,92194,Miranda de Ebro,"Calle Francisco Cantera, 15, 09200 Miranda de Ebro, Burgos, España",9200,328,Tienda de telas,4.0,,2,1,0,1,0,0,42.6850249,-2.9441256,POINT(-2.9441256 42.6850249),,1,false,false,2026-06-16 01:35:56.662436 UTC,,true,false
ChIJi4q9dBSbRQ0R8ai3WELIDBM,Farmacia Febrel,92740,Pradoluengo,"C. San Roque, 1, 09260 Pradoluengo, Burgos, España",9260,34,Farmacia,4.4,8.9864185354672372,7,0,0,0,0,0,42.3248357,-3.2016902,POINT(-3.2016902 42.3248357),,4,false,false,2026-05-31 02:48:51.429228 UTC,2026-06-15 20:24:35.604702 UTC,false,false
ChIJC71PG7abRQ0RxRLTi9MeRe4,Bosque Calcetín,92740,Pradoluengo,"Cam. de Celeicua, 09260 Pradoluengo, Burgos, España",9260,208,Zona de senderismo,4.6,,30,0,0,0,0,0,42.3209864,-3.2042393,POINT(-3.2042393 42.3209864),,40,false,false,2026-05-31 03:11:57.852128 UTC,2026-06-15 20:16:29.902186 UTC,true,false
ChIJ8yVM6fj9RQ0R574rF5deFCw,Donde Agustín Café Bar,90597,Burgos,,,8,Bar,4.2,,380,213,96,36,15,20,42.3451508,-3.678249,POINT(-3.678249 42.3451508),$,53,false,false,2026-05-06 11:38:45.487153 UTC,,false,false
ChIJyZYTnNf8RQ0RHqf-IaFOADI,Bodega La Riojana,90597,Burgos,,,15,Bodega,3.7,,47,0,0,0,0,0,42.3432691,-3.7006247,POINT(-3.7006247 42.3432691),,36,true,false,2026-05-01 21:58:09.894932 UTC,2026-06-15 23:25:56.740994 UTC,true,false
ChIJHzyAeB79RQ0R7OyNkIL8Xw0,Clínica Dental Azorín,90597,Burgos,,,24,Clínica dental,4.8,,23,0,0,0,0,0,42.3453761,-3.7001737,POINT(-3.7001737 42.3453761),,22,false,false,2026-05-01 22:14:19.230926 UTC,,false,false
ChIJP_IUrqP8RQ0RBkrr-3nHdXk,Clínica Dental Sonrisalud Burgos (Gamonal),90597,Burgos,,,24,Clínica dental,4.6,,156,0,0,0,0,0,42.3521247,-3.6693943,POINT(-3.6693943 42.3521247),,9,false,false,2026-05-01 22:14:19.230707 UTC,,false,false
ChIJKWEoX9z8RQ0Rfn5RZfZ6z1U,Ortopedia Burgos,90597,Burgos,,,25,Clínica ortopédica,4.8,,161,149,2,1,0,9,42.3507983,-3.6954635,POINT(-3.6954635 42.3507983),,23,false,false,2026-05-07 20:26:48.259448 UTC,,false,false
ChIJuXAukJP8RQ0RTH1YloLa6tA,Farmacia,90597,Burgos,,,34,Farmacia,4.2,,34,0,0,0,0,0,42.3602182,-3.6791432,POINT(-3.6791432 42.3602182),,10,false,false,2026-05-07 20:26:46.758582 UTC,,false,false
ChIJ_4BP6dv8RQ0R1Zm6SDd_2Rs,Farmacia Cid 45 (Gda. Isabel Izarra Gonzalo),90597,Burgos,,,34,Farmacia,4.5,,45,0,0,0,0,0,42.3486574,-3.6968293,POINT(-3.6968293 42.3486574),,6,false,false,2026-05-07 20:26:46.758625 UTC,,false,false
ChIJ_TAr8Nb8RQ0Rg253uaTpv_s,"Farmacia Blanca Manzano, en el centro de Burgos",90597,Burgos,,,34,Farmacia,4.0,,121,0,0,0,0,0,42.3411416,-3.6998012,POINT(-3.6998012 42.3411416),,17,false,false,2026-05-07 20:26:46.758424 UTC,,false,false
ChIJlzhlXjv9RQ0R5bYhQhStFjU,Brico Burgos,90597,Burgos,,,35,Ferretería,4.6,,75,0,0,0,0,0,42.3484351,-3.7137767,POINT(-3.7137767 42.3484351),,17,false,false,2026-05-01 21:53:59.057019 UTC,,false,false
ChIJy11jkdf8RQ0RuOPE8pJakgM,Cultura de Flor,90597,Burgos,,,36,Floristería,4.5,,91,0,0,0,0,0,42.3433244,-3.7025114,POINT(-3.7025114 42.3433244),,144,false,false,2026-05-01 22:02:19.164943 UTC,,false,false
ChIJhxyO5CrjRQ0R8ETESg9Q1E8,Librería Papelería Ntra. Señora de Belén,90597,Burgos,,,56,Librería,5.0,,23,0,0,0,0,0,42.3325638,-3.7007367,POINT(-3.7007367 42.3325638),,3,false,false,2026-05-01 22:03:36.213829 UTC,,true,false
ChIJqZOZHtT8RQ0RVanf_qYK3vA,Pastelería Artesana SILMA Burgos,90597,Burgos,,,66,Pastelería,4.7,,333,0,0,0,0,0,42.3390331,-3.698845,POINT(-3.698845 42.3390331),€1-10,325,false,false,2026-05-01 22:06:04.858379 UTC,,false,false
ChIJA_0WVgD9RQ0RN_6kRtE9ZuE,DYMELO Gastro & Bar,90597,Burgos,,,73,Restaurante,4.0,,269,163,36,18,9,43,42.3407729,-3.7033649,POINT(-3.7033649 42.3407729),,328,false,false,2026-05-06 11:39:06.088451 UTC,,false,false
ChIJNzj7h7z8RQ0RoU1gp-hXyxk,Infinito,90597,Burgos,,,93,Restaurante latinoamericano,4.4,,134,99,17,6,2,10,42.3506696,-3.6750401,POINT(-3.6750401 42.3506696),$,66,false,false,2026-05-06 11:38:57.570079 UTC,,false,false
ChIJRRHngSH9RQ0RaWFJEdCmvl4,Cúrcuma Green Food,90597,Burgos,,,96,Restaurante vegano,4.6,,820,635,117,24,17,27,42.3422874,-3.6979901,POINT(-3.6979901 42.3422874),$$,628,false,false,2026-05-06 11:39:04.581900 UTC,,false,false
ChIJ35Cnxf3iRQ0RRm9GNaG0Zgo,Taller Pablo Bouzón,90597,Burgos,,,101,Taller de automóviles,4.7,,86,0,0,0,0,0,42.291711,-3.7059059,POINT(-3.7059059 42.291711),,10,false,false,2026-05-01 22:17:25.938371 UTC,,false,false
ChIJIbXIS0r9RQ0RYInZZt893FY,Alimentación Parralillos,90597,Burgos,,,104,Tienda de alimentación,4.8,,76,0,0,0,0,0,42.3369814,-3.7254095,POINT(-3.7254095 42.3369814),,9,false,false,2026-05-19 20:33:56.109284 UTC,2026-06-15 23:08:17.989118 UTC,false,false
ChIJ04qE3Nb8RQ0RcJ1fOLwbRg8,Delicatessen OJEDA,90597,Burgos,,,104,Tienda de alimentación,4.0,,46,0,0,0,0,0,42.3412224,-3.6988706,POINT(-3.6988706 42.3412224),,42,false,false,2026-05-01 21:51:51.647497 UTC,,false,false
ChIJ86i3wCrjRQ0RM69y7nlYr3Y,Parque San Agustín,90597,Burgos,"C. San Agustín, 11, 09001 Burgos, España",9001,203,Parque,4.3,,673,379,191,68,15,20,42.3333506,-3.7007417,POINT(-3.7007417 42.3333506),,282,false,false,2026-06-18 20:24:01.895709 UTC,,true,true
ChIJ9-sRzdb9RQ0Rl4GwpZ9kzEk,Parque Infantil Comuneros I,90597,Burgos,"P.º Comuneros de Castilla, 9, 09006 Burgos, España",9006,204,Parque infantil,4.7,,3,0,0,0,0,0,42.348559,-3.6862567,POINT(-3.6862567 42.348559),,5,false,false,2026-06-18 20:24:01.739911 UTC,,true,true
ChIJBTRbIAD9RQ0R2uoepd7D6QQ,Parque infantil,90597,Burgos,"C. Francia, 09006 Burgos, España",9006,204,Parque infantil,0.0,,0,0,0,0,0,0,42.3576245,-3.6789521,POINT(-3.6789521 42.3576245),,1,false,false,2026-06-18 20:24:04.429535 UTC,,true,true
ChIJX6pnJZn9RQ0RIngMOUwRtfQ,Parque Román García,90597,Burgos,"09002 Burgos, España",9002,204,Parque infantil,4.2,,9,4,3,2,0,0,42.3361096,-3.7016778,POINT(-3.7016778 42.3361096),,5,false,false,2026-06-18 20:24:01.888830 UTC,,true,true
ChIJf8U6j6SaTw0RoZx1MakBO44,Milenio Café,92194,Miranda de Ebro,"C. San Agustín, 32, 09200 Miranda de Ebro, Burgos, España",9200,8,Bar,4.5,,137,88,31,14,2,2,42.6838003,-2.945426,POINT(-2.945426 42.6838003),$,19,false,false,2026-06-16 01:35:56.662556 UTC,2026-06-15 22:29:55.437981 UTC,false,false
ChIJwa5ceGWbTw0RqfAjA71Vi5c,Cafetería Alhambra,92194,Miranda de Ebro,"C. Cdad. de Vierzon, 12, 09200 Miranda de Ebro, Burgos, España",9200,8,Bar,4.3,9.058187190326862,243,150,54,19,5,15,42.6839114,-2.9412336,POINT(-2.9412336 42.6839114),$,30,false,false,2026-05-28 18:43:21.619996 UTC,2026-06-15 21:52:42.671425 UTC,false,false
ChIJrV5eYryaTw0RaNGeTLRA4sg,Carnicería Charcutería Merche,92194,Miranda de Ebro,"C. Sta. Lucía, 17, bajo, 09200 Miranda de Ebro, Burgos, España",9200,19,Carnicería,4.7,,6,4,2,0,0,0,42.6851785,-2.9501514,POINT(-2.9501514 42.6851785),,10,false,false,2026-06-16 01:34:45.367845 UTC,,false,false
ChIJoyH-3qOaTw0R4LIKCg61OC8,Esfave Miranda Comercial Veterinaria,92194,Miranda de Ebro,"C. Alfonso VI, 50, 09200 Miranda de Ebro, Burgos, España",9200,27,Comercio,4.6,,110,89,9,3,2,7,42.6859488,-2.942773,POINT(-2.942773 42.6859488),,4,false,false,2026-06-16 01:33:51.570148 UTC,,false,false
ChIJ2e38kI6bTw0RiO29OdsZmdI,In More,92194,Miranda de Ebro,"C. San Agustín, 4, 09200 Miranda de Ebro, Burgos, España",9200,69,Perfumería,4.0,,4,3,0,0,0,1,42.6855139,-2.9469807,POINT(-2.9469807 42.6855139),,17,false,false,2026-06-16 01:34:50.973702 UTC,,false,false
ChIJG5SRx8OaTw0R6BSqauG25Tw,Euromaster Miranda de Ebro vehículo industrial,92194,Miranda de Ebro,"Ctra. Madrid-Irún, Km. 317-5, 09200 Miranda de Ebro, Burgos, España",9200,102,Taller de reparación de automóviles,4.5,,41,0,0,0,0,0,42.68603,-2.96387,POINT(-2.96387 42.68603),,12,false,false,2026-06-16 01:33:42.542030 UTC,,false,false
ChIJtbCRvKGaTw0RaKwjh1kxUrw,Pazarela Moda In,92194,Miranda de Ebro,"C. Ramón y Cajal, 17, 09200 Miranda de Ebro, Burgos, España",9200,124,Tienda de ropa,4.6,,19,15,2,1,1,0,42.6863028,-2.9452436,POINT(-2.9452436 42.6863028),,6,false,false,2026-06-16 01:34:50.973598 UTC,,false,false
ChIJMzpg-qSRTw0RnOQgvELEZp4,Concesionario Oficial TOYOTA Miranda de Ebro - Autobafer,92194,Miranda de Ebro,"Pol. Ind. de Bayas, C. Guadiana, 4, Pabellón 2, 08200, 09200 Miranda de Ebro, Burgos, España",9200,238,Concesionario Toyota,4.2,,47,0,0,0,0,0,42.6901832,-2.9247352,POINT(-2.9247352 42.6901832),,30,false,false,2026-06-16 01:32:39.735781 UTC,,false,false
ChIJa0Wy9rqbTw0RIOovhLisbZU,Punto Pack InPost,92194,Miranda de Ebro,"C. La Estación, 48, 09200 Miranda de Ebro, Burgos, España",9200,251,Servicio de envíos,1.0,,1,0,0,0,0,1,42.687861,-2.943615,POINT(-2.943615 42.687861),,1,false,false,2026-06-16 01:34:39.903557 UTC,,false,false
ChIJJ_-CvAibTw0RZetcdHANrVI,Loterías y paquetería Albeniz.,92194,Miranda de Ebro,"Av. República Argentina, 57, 09200 Miranda de Ebro, Burgos, España",9200,310,Tienda de lotería,3.9,,28,18,3,0,0,7,42.6863443,-2.9396605,POINT(-2.9396605 42.6863443),,2,false,false,2026-06-16 01:35:06.316574 UTC,,false,false
ChIJafjCJgibTw0R9LkskJtGHI0,Amazon Counter,92194,Miranda de Ebro,"C. Ramón y Cajal, 51, PI BJ, 09200 Miranda de Ebro, Burgos, España",9200,318,Servicio de mensajería,0.0,,0,0,0,0,0,0,42.688073,-2.942505,POINT(-2.942505 42.688073),,3,false,false,2026-06-16 01:35:34.150358 UTC,,false,false
ChIJU1VSnBObRQ0R0i9HbXQfuwA,Mesón Manolito,92740,Pradoluengo,"Pl. del Mercado, 15, 09260 Pradoluengo, Burgos, España",9260,9,Bar de tapas,4.4,,50,0,0,0,0,0,42.3235779,-3.2003856,POINT(-3.2003856 42.3235779),€1-10,61,false,false,2026-05-31 02:55:30.682357 UTC,2026-06-15 20:28:52.381493 UTC,false,false
ChIJ2a0mcxObRQ0RxRMo3Siss1k,Bar El Chato,92740,Pradoluengo,"C. Mariano Santos, 8, 09260 Pradoluengo, Burgos, España",9260,230,Lounge,4.2,,25,0,0,0,0,0,42.3234859,-3.2000238,POINT(-3.2000238 42.3234859),$,17,false,false,2026-05-31 02:54:53.310420 UTC,2026-06-15 20:15:21.383835 UTC,true,false
ChIJEdP0dQDFRQ0RCIEUEubCZhU,Museo Carlo Simi,91139,Covarrubias,"C. de Santo Tomás, 09346 Covarrubias, Burgos, España",9346,181,Museo,0.0,,0,0,0,0,0,0,42.059297,-3.5215134,POINT(-3.5215134 42.059297),,2,true,false,2026-07-02 00:43:24.641058 UTC,2026-07-02 00:13:10.185157 UTC,true,false
ChIJlx0p_HbFRQ0Red6tdckKNIs,Camino rural,91139,Covarrubias,"09346 Covarrubias, Burgos, España",9346,208,Zona de senderismo,0.0,,0,0,0,0,0,0,42.066851,-3.5267082,POINT(-3.5267082 42.066851),,3,false,false,2026-07-02 00:59:53.212462 UTC,2026-07-02 00:14:00.571838 UTC,true,false
ChIJzxhwztf8RQ0RRXOpiSfg_NQ,Café España,90597,Burgos,,,17,Cafetería,3.6,,811,327,187,106,39,152,42.3418015,-3.7019375,POINT(-3.7019375 42.3418015),$$,345,false,false,2026-05-06 11:39:21.810602 UTC,,false,false
ChIJsfP2eJj9RQ0RK3Io1OgGk4Q,Padoca | Bakery & Café,90597,Burgos,,,17,Cafetería,4.8,,189,166,10,5,5,3,42.340557,-3.703554,POINT(-3.703554 42.340557),€1-10,176,false,false,2026-05-06 11:39:23.166179 UTC,,false,false
ChIJO6FH69P8RQ0RMv8P9TFz7pc,Centro de Estética Marisol Arnáiz,90597,Burgos,,,22,Centro de estética,4.8,,82,0,0,0,0,0,42.3374537,-3.6970298,POINT(-3.6970298 42.3374537),,2,false,false,2026-05-01 22:13:32.057175 UTC,,false,false
ChIJ9_Dv06P8RQ0R7uRXNoNPC6I,Farmacia Sánchez,90597,Burgos,,,34,Farmacia,3.4,,70,0,0,0,0,0,42.3524236,-3.6677638,POINT(-3.6677638 42.3524236),,4,false,false,2026-05-07 20:26:46.758611 UTC,,false,false
ChIJoaTWJtv8RQ0RBsba0C7AE40,Farmacia Marina Cañas Asanza,90597,Burgos,,,34,Farmacia,4.1,,124,0,0,0,0,0,42.3470902,-3.6938041,POINT(-3.6938041 42.3470902),,8,false,false,2026-05-07 20:26:46.758449 UTC,,false,false
ChIJnQ6IvRD9RQ0Rf-FVpt276CU,PrimaPrix Burgos Calle Miranda,90597,Burgos,,,44,Hipermercado,4.3,,150,0,0,0,0,0,42.3382306,-3.6995301,POINT(-3.6995301 42.3382306),,68,false,false,2026-05-01 21:42:30.088357 UTC,,false,false
ChIJV5NrgFn9RQ0RfvOXIDCTa-4,Casa del Libro,90597,Burgos,,,56,Librería,4.6,,356,0,0,0,0,0,42.3440902,-3.6991236,POINT(-3.6991236 42.3440902),,53,false,false,2026-05-01 22:03:31.730200 UTC,,false,false
ChIJMRVyt9f8RQ0R24O_xcMhvcc,Librería Viñetas,90597,Burgos,,,56,Librería,4.7,,520,0,0,0,0,0,42.3421008,-3.7011898,POINT(-3.7011898 42.3421008),,35,false,false,2026-05-01 22:03:36.213851 UTC,,false,false
ChIJu4z4X8X8RQ0Rk-jP8ICDPD0,La Fábrica Restaurante,90597,Burgos,,,73,Restaurante,4.7,,2060,0,0,0,0,0,42.343221,-3.7001516,POINT(-3.7001516 42.343221),€30-70,3296,false,false,2026-05-06 11:38:40.829538 UTC,,false,false
ChIJkQmCKqH8RQ0RZW7CZPe-5N0,GamonalPC Informática,90597,Burgos,,,116,Tienda de electrónica,4.3,,67,0,0,0,0,0,42.3503841,-3.6647401,POINT(-3.6647401 42.3503841),,8,false,false,2026-05-01 21:55:40.561448 UTC,,false,false
ChIJT8rcu7j8RQ0RiLW0CChsTMQ,Friends NShop - Boutique de Moda Mujer en Burgos,90597,Burgos,,,124,Tienda de ropa,4.9,,91,0,0,0,0,0,42.3431978,-3.700432,POINT(-3.700432 42.3431978),,534,false,false,2026-05-01 22:11:48.337044 UTC,,false,false
ChIJbTnnhuz9RQ0Rmbpg7Lg4ln8,Parque infantil Gamonal,90597,Burgos,"C. Vitoria, 259, 265, 09007 Burgos, España",9007,204,Parque infantil,0.0,,0,0,0,0,0,0,42.3552946,-3.6635327,POINT(-3.6635327 42.3552946),,2,false,false,2026-06-18 20:24:01.833158 UTC,,true,true
ChIJG82Z9oXjRQ0R4VEZjQpxzAk,Parque infantil San Agustín,90597,Burgos,"C. San Agustín, 4, 09001 Burgos, España",9001,204,Parque infantil,3.7,,3,0,0,0,0,0,42.3331813,-3.7015306,POINT(-3.7015306 42.3331813),,5,false,false,2026-06-18 20:24:01.790298 UTC,,true,true
ChIJN1ThMeD9RQ0Rpt0TsxXeGq8,Parque infantil,90597,Burgos,"C. del Carmen, 13, 09001 Burgos, España",9001,204,Parque infantil,4.0,,1,0,1,0,0,0,42.3355811,-3.7036993,POINT(-3.7036993 42.3355811),,2,false,false,2026-06-18 20:24:01.880541 UTC,,true,true
ChIJwQqjEf79RQ0Ro1DdkHNc5I8,Parque infantil Fuentecillas Río,90597,Burgos,"P.º de las Fuentecillas, 0, 09001 Burgos, España",9001,204,Parque infantil,4.0,,1,0,0,0,0,0,42.3430834,-3.7225601,POINT(-3.7225601 42.3430834),,3,false,false,2026-06-18 20:24:01.837358 UTC,,true,true
ChIJr2iXq6OaTw0Rm1f7XUjlkmY,Bar Vintage,92194,Miranda de Ebro,"C. del Cid, 3, 09200 Miranda de Ebro, Burgos, España",9200,8,Bar,4.2,8.9252875703678,780,355,284,90,27,24,42.6869358,-2.9448315,POINT(-2.9448315 42.6869358),$,59,false,false,2026-05-28 18:42:42.070561 UTC,2026-06-15 21:47:25.476163 UTC,false,false
ChIJcYkufZ-aTw0RzldC5poqzhA,Gastrobar El andén,92194,Miranda de Ebro,"C. La Estación, 88, 09200 Miranda de Ebro, Burgos, España",9200,8,Bar,4.4,,141,87,32,16,4,2,42.6897529,-2.940666,POINT(-2.940666 42.6897529),$,41,false,false,2026-05-28 18:42:42.082947 UTC,2026-06-15 22:16:24.623636 UTC,true,false
ChIJtT-9na-bTw0R2QFPEjDscXA,Juegos y juerga,92194,Miranda de Ebro,"C. Ramón y Cajal, 43, bajo izquierda, 09200 Miranda de Ebro, Burgos, España",9200,8,Bar,5.0,5.3568576392717659,8,8,0,0,0,0,42.6874969,-2.9433309,POINT(-2.9433309 42.6874969),,55,false,false,2026-05-28 18:42:42.083514 UTC,2026-06-15 22:20:14.863823 UTC,false,false
ChIJIwCON6KaTw0R12T390vmg2I,Cayo Coco,92194,Miranda de Ebro,"Av. Comuneros de Castilla, 3, 09200 Miranda de Ebro, Burgos, España",9200,8,Bar,4.7,9.492034035269171,63,46,13,4,0,0,42.6876047,-2.9436961,POINT(-2.9436961 42.6876047),$,4,false,false,2026-05-28 18:42:42.083492 UTC,2026-06-15 22:04:57.002984 UTC,true,false
ChIJq7w1tYKbTw0RU6X4ZvDc2w8,Santiveri Miranda,92194,Miranda de Ebro,"Av. Comuneros de Castilla, 3, 09200 Miranda de Ebro, Burgos, España",9200,22,Centro de estética,4.7,,13,12,0,0,0,1,42.68746,-2.9436,POINT(-2.9436 42.68746),,28,false,false,2026-06-16 01:34:24.196437 UTC,,false,false
ChIJG5hVRwCbTw0RJtHzZhpWt0g,Moda Las 4 Estaciones,92194,Miranda de Ebro,"C. Arenal, 09200 Miranda de Ebro, Burgos, España",9200,27,Comercio,0.0,,0,0,0,0,0,0,42.6866184,-2.9429399,POINT(-2.9429399 42.6866184),,1,false,false,2026-06-16 01:34:41.770472 UTC,,true,false
ChIJE-ZbGk-PTw0RSOIzwoFmo5Y,Aciturri Aeroengines Ircio,92194,Miranda de Ebro,"Polígono Industrial Ircio Actividades, Avenida de México, 40, 09219 Miranda de Ebro, Burgos, España",9219,44,Hipermercado,4.5,,84,61,14,5,1,3,42.6578951,-2.9119345,POINT(-2.9119345 42.6578951),,19,false,false,2026-06-16 01:29:44.647205 UTC,,false,false
ChIJxZvJEAqQTw0Rwn8H6e4MOxY,Abierto 25 horas,92194,Miranda de Ebro,"Calle Vicente Aleixandre & Calle Francia, 09200 Miranda de Ebro, Burgos, España",9200,104,Tienda de alimentación,2.0,,2,0,0,1,0,1,42.6854043,-2.9369099,POINT(-2.9369099 42.6854043),,13,false,false,2026-06-16 01:32:45.482288 UTC,2026-06-04 19:22:46.232230 UTC,false,false
ChIJ3fdY5QWQTw0Rs6b0Or2rAsQ,Polideportivo de Anduva,92194,Miranda de Ebro,,,191,Polideportivo,3.9,6.1671826372621581,523,194,159,113,30,27,42.679323,-2.9322525,POINT(-2.9322525 42.679323),,110,false,false,2026-05-08 17:52:11.663038 UTC,2026-06-15 22:35:47.720857 UTC,true,false
ChIJ6xjSQmGbTw0ReOCXpKIZwDA,Tienda SEUR Pickup,92194,Miranda de Ebro,"C. Ramón y Cajal, 4, 09200 Miranda de Ebro, Burgos, España",9200,251,Servicio de envíos,0.0,,0,0,0,0,0,0,42.6853648,-2.9461943,POINT(-2.9461943 42.6853648),,1,false,false,2026-06-16 01:34:47.206135 UTC,,false,false
ChIJ4XAzQf-bTw0RADgi53OCJAc,ElizaBloOm,92194,Miranda de Ebro,"Av. Comuneros de Castilla, 10, 09200 Miranda de Ebro, Burgos, España",9200,259,Salón de manicura y pedicura,4.8,,64,58,3,0,0,3,42.6870349,-2.9434871,POINT(-2.9434871 42.6870349),,48,false,false,2026-06-16 01:30:06.062931 UTC,,false,false
ChIJ_QXBO0abTw0RaVDTHRvXmLA,PHONEDOC,92194,Miranda de Ebro,"Av. Comuneros de Castilla, 11, 09200 Miranda de Ebro, Burgos, España",9200,295,Servicio de reparación de teléfonos,4.8,,161,148,9,0,0,4,42.6869178,-2.942843,POINT(-2.942843 42.6869178),,10,false,false,2026-06-16 01:34:24.196390 UTC,,false,false
ChIJYSnPr72aTw0Rl8MGXm7gSiI,It Now S A,92194,Miranda de Ebro,"C. Vitoria, 39, 09200 Miranda de Ebro, Burgos, España",9200,321,Empresa de software,0.0,,0,0,0,0,0,0,42.68732,-2.950632,POINT(-2.950632 42.68732),,1,false,false,2026-06-16 01:35:34.150234 UTC,,true,false
ChIJF2honOnFRQ0RHotH75t9kQE,Arenosa(Covarrubias),91139,Covarrubias,"2CVV+CP, 09346 Puentedura, Burgos, España",9346,208,Zona de senderismo,5.0,,1,0,0,0,0,0,42.0435355,-3.5557445,POINT(-3.5557445 42.0435355),,2,false,false,2026-07-02 00:59:53.211924 UTC,2026-07-02 00:09:44.917487 UTC,true,false
ChIJ58JNwZ78RQ0RL_o4XG6GqPI,Bodega de Luis Bar,90597,Burgos,,,8,Bar,4.3,,110,0,0,0,0,0,42.3582575,-3.6669556,POINT(-3.6669556 42.3582575),€1-10,4,false,false,2026-05-01 21:58:09.894790 UTC,,true,false
ChIJxaE_DdT8RQ0RAozwak8zm8c,Gracia Hogar,90597,Burgos,,,27,Comercio,4.6,,82,0,0,0,0,0,42.3381738,-3.698447,POINT(-3.698447 42.3381738),,3,false,false,2026-05-01 22:08:17.353848 UTC,,false,false
ChIJbwEcPcT8RQ0RDBmWrCKGziQ,Farmacia Reyes de Santiago Arteche,90597,Burgos,,,34,Farmacia,4.8,,14,0,0,0,0,0,42.3480638,-3.6884174,POINT(-3.6884174 42.3480638),,5,false,false,2026-05-07 20:26:46.758717 UTC,,false,false
ChIJx_U0eKT8RQ0RE44DOe_wF0A,Peluquería Green en Burgos,90597,Burgos,,,67,Peluquería,4.9,,99,0,0,0,0,0,42.3499796,-3.6693595,POINT(-3.6693595 42.3499796),,10,false,false,2026-05-01 22:16:34.308300 UTC,,false,false
ChIJE3YUltf8RQ0R8B5RD4ldV0c,La Mafia se sienta a la mesa,90597,Burgos,,,90,Restaurante italiano,4.0,,1980,935,578,206,90,171,42.343167,-3.700763,POINT(-3.700763 42.343167),$$,1262,false,false,2026-05-06 11:39:08.894971 UTC,,false,false
ChIJs5sEHyv9RQ0REzui9unWVOY,Lupa Supermercados,90597,Burgos,,,99,Supermercado,4.0,,480,0,0,0,0,0,42.3352641,-3.7050848,POINT(-3.7050848 42.3352641),,30,false,false,2026-05-01 21:44:12.497473 UTC,,false,false
ChIJBUFCKIX9RQ0RgDFzQQsQr8E,Taller Mecánico Auto Rachid,90597,Burgos,,,103,Taller mecánico,4.7,,60,0,0,0,0,0,42.3398,-3.68652,POINT(-3.68652 42.3398),,4,false,false,2026-05-01 22:17:24.288406 UTC,,false,false
ChIJyZ9B1in9RQ0RBIDI1z0v-s4,Casa Quintanilla,90597,Burgos,,,104,Tienda de alimentación,4.2,,1204,0,0,0,0,0,42.3411163,-3.7030466,POINT(-3.7030466 42.3411163),,141,false,false,2026-05-01 21:52:24.722671 UTC,,false,false
ChIJuVkcVMH9RQ0R0V75YV4VWC0,Cristhy en la Luna,90597,Burgos,,,123,Tienda de regalos,4.8,,31,0,0,0,0,0,42.3490347,-3.6949875,POINT(-3.6949875 42.3490347),,65,false,false,2026-05-01 22:10:28.137387 UTC,,false,false
ChIJA1MsNcP8RQ0R-tYuavLfO9U,Parque Lord Baden Powell,90597,Burgos,"C. Federico Martínez Varea, 6, 09006 Burgos, España",9006,203,Parque,4.1,,219,95,71,35,11,7,42.3506499,-3.6927413,POINT(-3.6927413 42.3506499),,35,false,false,2026-06-18 20:24:06.447457 UTC,,true,true
ChIJ_Xoaq179RQ0R43eI0KojCFU,Zona infantil,90597,Burgos,"09006 Burgos, España",9006,204,Parque infantil,2.5,,2,0,1,0,0,1,42.3549128,-3.6856264,POINT(-3.6856264 42.3549128),,1,false,false,2026-06-18 20:24:04.432275 UTC,,true,true
ChIJgehJ1H37RQ0RophmD87ZYlc,Parque Villímar-1,90597,Burgos,"09006 Burgos, España",9006,204,Parque infantil,4.3,,50,0,0,0,0,0,42.3694458,-3.6604266,POINT(-3.6604266 42.3694458),,10,false,false,2026-06-18 20:24:04.455221 UTC,,true,true
ChIJWZJ7iQqQTw0Rszw2hz2Evqo,La Bodeguilla,92194,Miranda de Ebro,"C. Logroño, 40, 09200 Miranda de Ebro, Burgos, España",9200,8,Bar,3.4,7.51160677941516,34,10,8,8,3,5,42.6872718,-2.936663,POINT(-2.936663 42.6872718),$,1,false,false,2026-05-28 18:43:04.764200 UTC,2026-06-15 22:22:47.881877 UTC,true,false
ChIJQeCe_7yaTw0RwKQ4GJ5advw,Bar Don Pollo,92194,Miranda de Ebro,"C. Vitoria, 27, Piso Bj Pta Iz, 09200 Miranda de Ebro, Burgos, España",9200,8,Bar,4.5,9.3133090907940641,233,162,39,18,8,6,42.6867101,-2.9499967,POINT(-2.9499967 42.6867101),$,64,false,false,2026-05-28 18:43:23.394308 UTC,2026-06-15 21:37:18.732894 UTC,true,false
ChIJiWIkIQCbTw0RS16kAgEyrsQ,La Karmen,92194,Miranda de Ebro,"C. Ramón y Cajal, 30, 09200 Miranda de Ebro, Burgos, España",9200,8,Bar,4.6,,19,15,3,0,0,1,42.6869556,-2.9436042,POINT(-2.9436042 42.6869556),,33,false,false,2026-05-28 18:42:42.070670 UTC,2026-06-15 22:24:28.327476 UTC,false,false
ChIJFblJwLyaTw0R-1PwqYcYuDY,"Bar ""Los Monteros""",92194,Miranda de Ebro,"C. Vitoria, 10, 09200 Miranda de Ebro, Burgos, España",9200,9,Bar de tapas,4.4,,648,0,0,0,0,0,42.6858682,-2.948759,POINT(-2.948759 42.6858682),€1-10,175,false,false,2026-05-28 18:42:43.943586 UTC,2026-06-15 21:32:49.381451 UTC,false,false
ChIJD1CyOg-bTw0RxjJklmOahzU,La Brasa,92194,Miranda de Ebro,"Ctra. Bilbao, 65, 09200 Miranda de Ebro, Burgos, España",9200,10,Bar restaurante,4.0,7.9028563807951286,396,0,0,0,0,0,42.6948989,-2.9566075,POINT(-2.9566075 42.6948989),€10-20,225,false,false,2026-05-28 18:42:40.103897 UTC,2026-06-15 22:23:14.870744 UTC,false,false
ChIJAWDUwu2bTw0Rd6e6o_tqN94,Bazar Smaili,92194,Miranda de Ebro,"C. Vitoria, 36, 09200 Miranda de Ebro, Burgos, España",9200,12,Bazar,4.0,,4,3,0,0,0,1,42.6869947,-2.9499479,POINT(-2.9499479 42.6869947),,6,false,false,2026-06-16 01:35:32.369541 UTC,,false,false
ChIJa02tTmubTw0RadW7vpNuWYE,LA COCINA DE GOLIAT,92194,Miranda de Ebro,"C. Juan R. Jiménez, 8, 09200 Miranda de Ebro, Burgos, España",9200,14,Bocatería,4.3,,30,20,6,0,0,4,42.6878077,-2.9428983,POINT(-2.9428983 42.6878077),,73,false,false,2026-05-28 18:42:42.082217 UTC,2026-06-15 22:21:09.749756 UTC,true,false
ChIJj2C9lKSaTw0RNY4Pf6UVtHk,Taller de joyería E.S.,92194,Miranda de Ebro,"de, C. del Río Ebro, 19, 09200 Miranda de Ebro, Burgos, España",9200,27,Comercio,4.3,,7,5,1,0,0,1,42.6832438,-2.9462607,POINT(-2.9462607 42.6832438),,1,false,false,2026-06-16 01:35:06.316675 UTC,,true,false
ChIJbzGn9qOaTw0RMlH-zya8RGo,Farmacia Lda. Maria Antonia Antolin,92194,Miranda de Ebro,,,34,Farmacia,4.1,,35,22,6,0,1,6,42.6848056,-2.943277,POINT(-2.943277 42.6848056),,8,false,false,2026-06-16 01:35:53.036614 UTC,2026-06-15 22:13:04.083284 UTC,false,false
ChIJqVi9ZqOaTw0R9P-IrQtQHxE,Didáctico 🧮,92194,Miranda de Ebro,"C. Arenal, 63, 09200 Miranda de Ebro, Burgos, España",9200,53,Juguetería,4.2,,32,23,2,0,3,4,42.6857493,-2.9446186,POINT(-2.9446186 42.6857493),,15,false,false,2026-06-16 01:33:51.569890 UTC,,false,false
ChIJ-dxsXaOaTw0RZVn9SyxgVOE,Pastelería Sabando,92194,Miranda de Ebro,"C. San Agustín, 13, 09200 Miranda de Ebro, Burgos, España",9200,66,Pastelería,4.6,9.3225505137816072,135,107,18,3,2,5,42.6850886,-2.946342,POINT(-2.946342 42.6850886),$$,90,false,false,2026-06-16 01:33:30.417539 UTC,2026-06-15 22:33:25.829126 UTC,false,false
ChIJcTwymKGaTw0RR_oxK3NGynQ,Perfumería Nanbell,92194,Miranda de Ebro,"C. Arenal, 93, 09219 Miranda de Ebro, Burgos, España",9219,69,Perfumería,4.5,,57,42,10,0,2,3,42.6876966,-2.9414964,POINT(-2.9414964 42.6876966),,10,false,false,2026-06-16 01:33:09.476461 UTC,,false,false
ChIJ9XeH98yRTw0Ryl0vyuOtQdE,Restaurante La Colina,92194,Miranda de Ebro,"Poblado los Ángeles M6-V3, 09200 Miranda de Ebro, Burgos, España",9200,85,Restaurante especializado en barbacoa,4.4,,14,10,2,1,0,1,42.6837145,-2.9219393,POINT(-2.9219393 42.6837145),,5,true,false,2026-05-28 18:42:42.082790 UTC,2026-06-15 22:39:29.708956 UTC,false,false
ChIJbd4PvKOaTw0RF5luBySleeY,La Casa del Jamón 🥖,92194,Miranda de Ebro,"C. del Cid, 14, 09200 Miranda de Ebro, Burgos, España",9200,104,Tienda de alimentación,4.0,,34,17,10,1,1,5,42.6857068,-2.9438505,POINT(-2.9438505 42.6857068),,5,false,false,2026-06-16 01:33:42.541920 UTC,,false,false
ChIJY4xmdO2bTw0RykmkOel93w0,Synergym Miranda de Ebro,92194,Miranda de Ebro,"Av. Comuneros de Castilla, 26, 09200 Miranda de Ebro, Burgos, España",9200,173,Gimnasio,4.7,,344,303,13,7,5,16,42.6859791,-2.9422569,POINT(-2.9422569 42.6859791),,12,false,false,2026-06-16 01:29:31.332598 UTC,,false,false
ChIJ1Zv7UrmaTw0Ro4XJkdqxTNw,La Taberna Grande,92194,Miranda de Ebro,"C. San Juan, 25, 09200 Miranda de Ebro, Burgos, España",9200,213,Taberna,4.0,,454,187,156,57,27,27,42.6842173,-2.9530642,POINT(-2.9530642 42.6842173),$,335,false,false,2026-06-16 01:29:48.168048 UTC,2026-06-15 22:26:03.165540 UTC,true,false
ChIJE-WiQBObRQ0RfuM0cixkNf0,Iglesia Santa María de la Asunción,92740,Pradoluengo,"Pl. Gervasio Zaldo Zaldo, 3, 09260 Pradoluengo, Burgos, España",9260,176,Iglesia católica,4.4,,5,0,0,0,0,0,42.3240035,-3.1998331,POINT(-3.1998331 42.3240035),,10,false,false,2026-05-31 03:01:56.091109 UTC,2026-06-15 20:27:47.635921 UTC,true,false
ChIJSzTp522bRQ0R1kwDQT97J24,Parque de los Patos,92740,Pradoluengo,"09260 Pradoluengo, Burgos, España",9260,203,Parque,4.6,,27,0,0,0,0,0,42.3211622,-3.1936047,POINT(-3.1936047 42.3211622),,5,false,false,2026-05-31 03:12:17.100794 UTC,2026-06-15 20:32:26.302170 UTC,true,false
ChIJHSyLcGLFRQ0RlWvqsmR5hJY,Oficina Rural de Correos,91139,Covarrubias,"Pl. de Doña Urraca, 1 (AYUNTAMIENTO, 09346 Covarrubias, Burgos, España",9346,182,Oficina de correos,0.0,,0,0,0,0,0,0,42.0591671,-3.5203179,POINT(-3.5203179 42.0591671),,1,false,false,2026-07-02 00:58:09.008718 UTC,2026-07-02 00:10:46.469923 UTC,false,false
ChIJ8YKPdxIJRg0RCk33QEXy4vg,Saciedad Secreta,90597,Burgos,,,10,Bar restaurante,4.5,,1037,0,0,0,0,0,42.3472884,-3.6998763,POINT(-3.6998763 42.3472884),€20-30,1389,false,false,2026-05-06 11:38:59.306916 UTC,,false,false
ChIJ4XulbNv8RQ0RNOwvywIgA7I,Bar restaurante El Tamboril de Alberto,90597,Burgos,,,10,Bar restaurante,4.4,9.1126354358566459,1553,0,0,0,0,0,42.3480491,-3.6944221,POINT(-3.6944221 42.3480491),€10-20,261,false,false,2026-05-06 11:38:40.829590 UTC,2026-06-15 23:21:26.182766 UTC,false,false
ChIJtUFh93T9RQ0RKm9rBGEOm9E,Dominio Basconcillos,90597,Burgos,,,15,Bodega,0.0,,0,0,0,0,0,0,42.3697119,-3.7255044,POINT(-3.7255044 42.3697119),,3,false,false,2026-05-01 21:58:09.894923 UTC,,false,false
ChIJsZcei9TiRQ0RAFGhdIKNDfg,CYH Clínica Dental San Felices,90597,Burgos,,,30,Dentista,4.8,,32,0,0,0,0,0,42.3318529,-3.7068218,POINT(-3.7068218 42.3318529),,16,false,false,2026-05-01 22:14:19.230730 UTC,,false,false
ChIJN51uTNL8RQ0RbtXLuwrSEHg,Farmacia Labrador,90597,Burgos,,,34,Farmacia,2.9,,16,0,0,0,0,0,42.337753,-3.695067,POINT(-3.695067 42.337753),,1,false,false,2026-05-07 20:26:46.758937 UTC,,false,false
ChIJgQXMxNf8RQ0RN8rRx8Kp8Pg,María Pilar Álvarez Atienza,90597,Burgos,,,34,Farmacia,0.0,,0,0,0,0,0,0,42.3422859,-3.7019718,POINT(-3.7019718 42.3422859),,2,false,false,2026-05-07 20:27:02.283021 UTC,,true,false
ChIJC_-r4bv8RQ0RcJO7sIujrpg,María José Sicilia Sanz,90597,Burgos,,,34,Farmacia,5.0,,4,4,0,0,0,0,42.3502854,-3.674866,POINT(-3.674866 42.3502854),,1,false,false,2026-05-07 20:26:48.259531 UTC,,true,false
ChIJ28k3KsT8RQ0RDjP3l7tkCNY,Cortebelo Estilistas Burgos,90597,Burgos,,,67,Peluquería,4.9,,142,0,0,0,0,0,42.3472341,-3.6885903,POINT(-3.6885903 42.3472341),,32,false,false,2026-05-01 22:16:32.918161 UTC,,false,false
ChIJ28llJ9b8RQ0RSjxzA73KR1s,Restaurante Mesón Burgos,90597,Burgos,,,77,Restaurante de cocina castellana,3.8,,1719,0,0,0,0,0,42.34071,-3.70287,POINT(-3.70287 42.34071),€10-20,774,false,false,2026-05-06 11:38:40.829558 UTC,,false,false
ChIJT7xLmBD7RQ0RdFVVivL5ZaE,McDonald's,90597,Burgos,,,81,Restaurante de comida rápida,3.5,,1713,548,428,299,138,300,42.319294,-3.7027,POINT(-3.7027 42.319294),$,453,false,false,2026-06-18 20:24:06.462871 UTC,,false,true
ChIJg73MH9j8RQ0RyZYQMegvqwk,Taberna Los Enchilaos,90597,Burgos,,,95,Restaurante mexicano,4.5,,647,444,123,38,15,27,42.3441843,-3.7017112,POINT(-3.7017112 42.3441843),$,256,false,false,2026-05-06 11:39:07.535922 UTC,,false,false
ChIJR3Ecbhr9RQ0R3v5uyXwS4XA,Carrefour Express,90597,Burgos,,,99,Supermercado,3.8,,186,0,0,0,0,0,42.3454749,-3.691387,POINT(-3.691387 42.3454749),,37,false,false,2026-05-01 21:44:12.497335 UTC,,false,false
ChIJFwEkaOz8RQ0RF-tT6XbzPMs,DETALIA,90597,Burgos,,,123,Tienda de regalos,4.9,,22,0,0,0,0,0,42.3607503,-3.6866721,POINT(-3.6866721 42.3607503),,19,false,false,2026-05-01 22:10:28.137293 UTC,,false,false
ChIJp4ltOSvjRQ0RmgZodUx6oQY,Óptica San Agustín,90597,Burgos,,,130,Óptica,4.1,,28,0,0,0,0,0,42.3335053,-3.6993568,POINT(-3.6993568 42.3335053),,6,false,false,2026-05-01 22:18:09.002492 UTC,,true,false
ChIJ7wUHY6T8RQ0RSXUwF9yUYAE,Parque Félix Rodríguez de la Fuente,90597,Burgos,"C. Santiago Apóstol, 09007 Burgos, España",9007,203,Parque,4.4,,700,443,171,58,13,15,42.3491305,-3.6696643,POINT(-3.6696643 42.3491305),,299,false,false,2026-06-18 20:24:04.405633 UTC,,true,true
ChIJaRdrGgD9RQ0RmnzT627RNYE,Parque infantil,90597,Burgos,"09007 Burgos, España",9007,204,Parque infantil,5.0,,1,0,0,0,0,0,42.3564202,-3.6680355,POINT(-3.6680355 42.3564202),,3,false,false,2026-06-18 20:24:01.779081 UTC,,true,true
ChIJuf-pNjH9RQ0R9R9Q-olRisU,Parque Infantil Parralillos,90597,Burgos,"Cam. Villargamar, 1T, 09001 Burgos, España",9001,204,Parque infantil,4.0,,1,0,0,0,0,0,42.3385416,-3.7277485,POINT(-3.7277485 42.3385416),,1,false,false,2026-06-18 20:24:01.839147 UTC,,true,true
ChIJMxqmzfD9RQ0Rlzy7J9CbDcQ,Parque Infantil Comuneros II,90597,Burgos,"P.º Comuneros de Castilla, 10, 09006 Burgos, España",9006,204,Parque infantil,4.5,,2,0,0,0,0,0,42.3497536,-3.6850467,POINT(-3.6850467 42.3497536),,3,false,false,2026-06-18 20:24:01.774228 UTC,,true,true
ChIJFd88QaX9RQ0Ru6irZqD3arw,Parque infantil San Francisco,90597,Burgos,"C. San Francisco, 14, 09005 Burgos, España",9005,204,Parque infantil,4.0,,1,0,1,0,0,0,42.3462684,-3.7012144,POINT(-3.7012144 42.3462684),,2,false,false,2026-06-18 20:24:01.852120 UTC,,true,true
ChIJEaC4GZj9RQ0RYAxPLMsScQ8,La plaza del parque,90597,Burgos,"09006 Burgos, España",9006,204,Parque infantil,4.0,,1,0,1,0,0,0,42.3621302,-3.6731373,POINT(-3.6731373 42.3621302),,3,false,false,2026-06-18 20:24:04.450683 UTC,,true,true
ChIJheeI9W79RQ0R7RfjzzTNqnU,Zona infantil Baden Powell,90597,Burgos,"09006 Burgos, España",9006,204,Parque infantil,3.0,,3,0,1,1,1,0,42.350996,-3.6924657,POINT(-3.6924657 42.350996),,6,false,false,2026-06-18 20:24:04.421848 UTC,,true,true
ChIJQ5SPLgD9RQ0RHhUQfHvbyN0,Parque infantil,90597,Burgos,"09006 Burgos, España",9006,204,Parque infantil,0.0,,0,0,0,0,0,0,42.3604848,-3.6711871,POINT(-3.6711871 42.3604848),,0,false,false,2026-06-18 20:24:01.856716 UTC,,true,false
ChIJVQVoWQDFRQ0R0ndPjlrT7gY,"Casa Palacio de D. Pedro Peña,",91139,Covarrubias,"Pl. del Obispo Peña, 15, 09346 Covarrubias, Burgos, España",9346,177,Lugar de interés histórico,0.0,,0,0,0,0,0,0,42.0582416,-3.5208763,POINT(-3.5208763 42.0582416),,5,false,false,2026-07-02 00:45:36.019508 UTC,2026-07-02 00:14:16.081313 UTC,true,false
ChIJC2YN0qGaTw0RD4kPzPWDmvU,Bar Trastero,92194,Miranda de Ebro,"C. Cdad. Jardín, 8, 09200 Miranda de Ebro, Burgos, España",9200,8,Bar,4.4,,94,63,18,5,3,5,42.6891368,-2.9402013,POINT(-2.9402013 42.6891368),$,26,false,false,2026-05-28 18:42:42.083609 UTC,2026-06-15 21:46:30.689088 UTC,true,false
ChIJuf9wWruaTw0RvrPb69d5ysQ,Café-lounge Suizo,92194,Miranda de Ebro,"Pl. Cervantes, 1, 09200 Miranda de Ebro, Burgos, España",9200,17,Cafetería,3.9,6.1352977812639438,427,174,135,62,21,35,42.6845745,-2.9482865,POINT(-2.9482865 42.6845745),,172,false,false,2026-06-16 01:33:42.541964 UTC,2026-06-15 22:00:59.684365 UTC,false,false
ChIJl04TUrmaTw0RZAa8czuJIas,EL ESPERPENTO,92194,Miranda de Ebro,"C. San Juan, 23, 09200 Miranda de Ebro, Burgos, España",9200,17,Cafetería,4.6,9.44502720714081,141,105,22,10,2,2,42.6840946,-2.9531339,POINT(-2.9531339 42.6840946),$,54,false,false,2026-05-28 18:42:55.640715 UTC,2026-06-15 22:08:30.662110 UTC,false,false
ChIJf44wM6CaTw0RyYmUy_PTiGc,Carnicería Hermanos Pérez,92194,Miranda de Ebro,"C. Cdad. Jardín, 13, 09200 Miranda de Ebro, Burgos, España",9200,19,Carnicería,4.9,,7,6,1,0,0,0,42.6887696,-2.9400287,POINT(-2.9400287 42.6887696),,1,false,false,2026-06-16 01:35:15.917487 UTC,,true,false
ChIJEavfY6OaTw0RLvp1_GX0cvA,La Despensa Castellana,92194,Miranda de Ebro,"C. Arenal, 54, 09200 Miranda de Ebro, Burgos, España",9200,27,Comercio,3.8,,4,2,1,0,0,1,42.6847288,-2.9459955,POINT(-2.9459955 42.6847288),,2,false,false,2026-06-16 01:34:05.291253 UTC,,true,false
ChIJC0javKSaTw0RC2WTeIfpzpo,Arte Manual,92194,Miranda de Ebro,"C. Alfonso VI, 13, 09200 Miranda de Ebro, Burgos, España",9200,27,Comercio,4.4,,8,6,1,0,0,1,42.6838717,-2.94655,POINT(-2.94655 42.6838717),,3,false,false,2026-06-16 01:35:06.316649 UTC,,true,false
ChIJ7yVfgqSaTw0RAptc2npjAp4,"Farmacia y Parafarmacia en Miranda de Ebro, Raul Losa Villanueva",92194,Miranda de Ebro,,,34,Farmacia,4.8,9.6209727101959288,22,19,2,0,1,0,42.6843874,-2.9457285,POINT(-2.9457285 42.6843874),,71,false,false,2026-06-16 01:35:41.515456 UTC,2026-06-15 22:15:25.167087 UTC,false,false
ChIJXxk9T6OaTw0RGgW4YkHCVDc,Equivalenza Miranda de Ebro,92194,Miranda de Ebro,"C. Fidel Garcia, 9, 09200 Miranda de Ebro, Burgos, España",9200,69,Perfumería,4.4,,12,6,5,1,0,0,42.6854172,-2.9468967,POINT(-2.9468967 42.6854172),,19,false,false,2026-06-16 01:33:44.347826 UTC,,false,false
ChIJUwY7stObTw0ReMrwUrSK5hc,Japan Sushi,92194,Miranda de Ebro,"C. Condado de Treviño, 75, bajo local, 09200 Miranda de Ebro, Burgos, España",9200,84,Restaurante de sushi,4.6,9.4255527287217173,151,116,19,8,0,8,42.6873146,-2.9394932,POINT(-2.9394932 42.6873146),,148,false,false,2026-05-28 18:42:42.082460 UTC,2026-06-15 22:19:38.237028 UTC,false,false
ChIJ0Vlkp5iaTw0RvtAmdJJK4E4,Droguerías Ladrero,92194,Miranda de Ebro,"C. Rda. del Ferrocarril, 75, 77, 09200 Miranda de Ebro, Burgos, España",9200,111,Tienda de artículos para el hogar,3.5,,14,5,5,0,0,4,42.689487,-2.9434,POINT(-2.9434 42.689487),,16,false,false,2026-06-16 01:34:03.505000 UTC,,true,false
ChIJ20xse6KaTw0RILBFLGVsF6U,Lúa,92194,Miranda de Ebro,"C/ Antonio Machado 5-7 Esq. Ronda del Ferrocarril, 09200 Miranda de Ebro, Burgos, España",9200,126,Tienda de ropa de mujer,4.5,,18,13,3,1,0,1,42.6869328,-2.9472376,POINT(-2.9472376 42.6869328),,290,false,false,2026-06-16 01:33:44.347848 UTC,,false,false
ChIJs4kiN6OaTw0Ri4xBQWnE9FA,Pompeya Calzados,92194,Miranda de Ebro,"C. La Estación, 10, 09200 Miranda de Ebro, Burgos, España",9200,129,Zapatería,4.3,,13,10,1,0,0,2,42.6859183,-2.9469314,POINT(-2.9469314 42.6859183),,11,false,false,2026-06-16 01:34:45.367824 UTC,,false,false
ChIJnZXeZqGaTw0RLwKhQr8hb4Q,ROBERTO ALONSO FOTÓGRAFOS,92194,Miranda de Ebro,"Av. Comuneros de Castilla, 26, 09200 Miranda de Ebro, Burgos, España",9200,274,Tienda de fotografía,4.9,,52,47,3,2,0,0,42.6859154,-2.9421202,POINT(-2.9421202 42.6859154),,16,false,false,2026-06-16 01:35:10.564417 UTC,,false,false
ChIJbfXXbKOaTw0RogccwEBKSO8,Gerardo Gómez Gracia,92194,Miranda de Ebro,"Plaza de Abastos, 1, 09200 Miranda de Ebro, Burgos, España",9200,276,Tienda de golosinas,5.0,,2,2,0,0,0,0,42.6856266,-2.9456636,POINT(-2.9456636 42.6856266),,2,false,false,2026-06-16 01:34:05.291485 UTC,,true,false
ChIJI5MqtHibTw0RtxrxkK3nC1U,TEISHAN1,92194,Miranda de Ebro,"C. Vitoria, 27, 09200 Miranda de Ebro, Burgos, España",9200,303,Locutorio,4.9,,10,0,0,0,0,0,42.6866888,-2.9499749,POINT(-2.9499749 42.6866888),,5,false,false,2026-06-16 01:35:00.809582 UTC,,true,false
ChIJkVebDxebRQ0R1X1VyXfc2mw,El Condumio,92740,Pradoluengo,"C. Sagrada Familia, 49, 09260 Pradoluengo, Burgos, España",9260,10,Bar restaurante,4.3,,70,0,0,0,0,0,42.3264363,-3.2062616,POINT(-3.2062616 42.3264363),$,31,false,true,2026-05-31 02:55:30.684123 UTC,2026-06-15 20:23:27.674694 UTC,true,false
ChIJY8Cu3a2bRQ0RSPdb9Op09qc,Fuente de La Berrungaña,92740,Pradoluengo,"09260, Burgos, España",9260,211,Fuente de agua potable,0.0,,0,0,0,0,0,0,42.2832246,-3.1838995,POINT(-3.1838995 42.2832246),,1,false,true,2026-05-31 02:45:02.083325 UTC,2026-06-15 20:25:47.400064 UTC,true,false
ChIJcUW4gRObRQ0RMXUbIhuQ-E0,Pasarela Café,92740,Pradoluengo,"Calle del General Mola, 20, 09260 Pradoluengo, Burgos, España",9260,231,Club nocturno,4.6,,5,0,0,0,0,0,42.3245983,-3.2005357,POINT(-3.2005357 42.3245983),,2,true,false,2026-05-31 02:55:12.491716 UTC,2026-06-15 20:32:58.160077 UTC,true,false
ChIJp0eL6dX8RQ0RqgyXgXRcGYY,Bar Los Cantos,90597,Burgos,,,8,Bar,4.6,9.44184065843001,272,209,39,11,2,11,42.3381324,-3.7016536,POINT(-3.7016536 42.3381324),$,134,false,false,2026-05-06 11:39:38.612154 UTC,2026-06-15 23:18:48.996315 UTC,false,false
ChIJy0r8KirjRQ0R5qg6Y4ZYLTA,"Café - Bar ""Puerta del Cid""",90597,Burgos,,,9,Bar de tapas,4.3,,175,113,28,18,9,7,42.3295262,-3.7004966,POINT(-3.7004966 42.3295262),$,83,false,false,2026-05-06 11:39:25.883166 UTC,,false,false
ChIJcbt5ttf8RQ0RSU2eWwUFYHk,Casa Pancho,90597,Burgos,,,10,Bar restaurante,4.4,9.1186780178104527,9170,0,0,0,0,0,42.3419865,-3.7016093,POINT(-3.7016093 42.3419865),€10-20,5980,false,false,2026-05-06 11:38:40.829503 UTC,2026-05-11 17:50:19.483115 UTC,false,false
ChIJ77fwJyj9RQ0RvVeCQ4GpZ3c,NORTE Gastrobar,90597,Burgos,,,10,Bar restaurante,4.4,,2368,1495,602,156,44,71,42.3422607,-3.7029287,POINT(-3.7029287 42.3422607),$$,1354,false,false,2026-05-06 11:39:00.966274 UTC,,false,false
ChIJK1_Dc7kHRg0Rku0QsKf-QNA,"Carnicería CÁRNICAS GONZALBUR, SL",90597,Burgos,,,19,Carnicería,4.9,,25,0,0,0,0,0,42.3421049,-3.7015641,POINT(-3.7015641 42.3421049),,11,false,false,2026-05-01 21:59:30.728255 UTC,,false,false
ChIJ9c8PUOL9RQ0R5Mt1YRwet20,Farmacia Fuentecillas,90597,Burgos,,,34,Farmacia,4.1,,33,25,0,1,0,7,42.344964,-3.7197686,POINT(-3.7197686 42.344964),,25,false,false,2026-05-07 20:26:53.403620 UTC,,false,false
ChIJlYF_Z9j8RQ0R9hEiIB36Xa4,Formulación Magistral Burgos: Farmacia Abascal,90597,Burgos,,,34,Farmacia,5.0,,34,0,0,0,0,0,42.346092,-3.7016412,POINT(-3.7016412 42.346092),,8,false,false,2026-05-07 20:26:46.758839 UTC,,false,false
ChIJuTHdbCfjRQ0R_SlDwq0L7Ec,Hipercor Parque Burgos,90597,Burgos,,,44,Hipermercado,3.9,,4673,0,0,0,0,0,42.318081,-3.703515,POINT(-3.703515 42.318081),,382,false,false,2026-05-01 21:42:27.145089 UTC,,false,false
ChIJWZYnzSn9RQ0R5MqguikZyXY,La Parrilla La Burgalesa | Restaurante,90597,Burgos,,,65,Parrilla,4.0,,986,528,229,77,52,100,42.3417603,-3.7033293,POINT(-3.7033293 42.3417603),$,676,false,false,2026-05-06 11:39:02.669547 UTC,,false,false
ChIJ9aEatbj9RQ0RhbMkKWASZBo,Aura Gastronómica,90597,Burgos,,,73,Restaurante,4.9,9.4152327225227577,571,0,0,0,0,0,42.3501645,-3.6879191,POINT(-3.6879191 42.3501645),€20-30,841,false,false,2026-05-06 11:38:40.829492 UTC,2026-06-15 23:13:13.690786 UTC,false,false
ChIJaXoPJtb8RQ0RHjkkcn6bLpw,Restaurante El Soportal,90597,Burgos,,,87,Restaurante especializado en tapas,4.1,,1602,834,430,167,66,105,42.3410864,-3.7027547,POINT(-3.7027547 42.3410864),$,1268,false,false,2026-05-06 11:39:00.966205 UTC,,false,false
ChIJV6tkXEX9RQ0Rz_F4guNgpXw,Alimentación Casa Olalla,90597,Burgos,,,104,Tienda de alimentación,4.0,,38,0,0,0,0,0,42.3434424,-3.7322907,POINT(-3.7322907 42.3434424),,6,false,false,2026-05-01 21:52:24.722729 UTC,2026-06-15 23:06:38.653465 UTC,false,false
ChIJjUSgvRz9RQ0R57alknJtf8c,"Parque ""El Parchís""",90597,Burgos,"Calle B, 1D, 09006 Burgos, España",9006,203,Parque,4.3,,47,23,16,6,1,1,42.3457114,-3.6857381,POINT(-3.6857381 42.3457114),,22,false,false,2026-06-18 20:24:01.802994 UTC,,true,true
ChIJKU6IWQD9RQ0RQyGI0ag7fdo,Patio de recreo,90597,Burgos,"09003 Burgos, España",9003,204,Parque infantil,0.0,,0,0,0,0,0,0,42.3430358,-3.7043633,POINT(-3.7043633 42.3430358),,1,false,false,2026-06-18 20:24:01.903023 UTC,,true,true
ChIJsQW9b4vFRQ0RUcAIDnEj40o,Cementerio de Covarrubias,91139,Covarrubias,"C. de San Roque, 69, 09346 Covarrubias, Burgos, España",9346,153,Cementerio,0.0,,0,0,0,0,0,0,42.0562096,-3.52133,POINT(-3.52133 42.0562096),,44,false,false,2026-07-02 00:48:57.204370 UTC,2026-07-02 00:12:54.231542 UTC,true,false
ChIJ4_OW-i_FRQ0RMPjRY1hljq8,Lavadero público de Covarrubias,91139,Covarrubias,"Calle de la Fuente, 13, 09346 Covarrubias, Burgos, España",9346,177,Lugar de interés histórico,4.0,,4,0,0,0,0,0,42.05928,-3.51882,POINT(-3.51882 42.05928),,5,false,false,2026-07-02 00:45:36.019517 UTC,2026-07-02 00:07:41.108932 UTC,true,false
ChIJc25teACbTw0RIz8riTy2NRA,Bar Canalla,92194,Miranda de Ebro,"C. La Estación, 09200 Miranda de Ebro, Burgos, España",9200,8,Bar,4.4,9.0277478024363518,11,6,4,0,1,0,42.6860692,-2.9466571,POINT(-2.9466571 42.6860692),,9,false,false,2026-05-28 18:43:21.620069 UTC,2026-06-15 21:36:03.941933 UTC,true,false
ChIJfUgVcbyaTw0RECmdHvqIhhQ,"Dis. Hdez. Larrañaga Carmen Cerezo ""Vinos""",92194,Miranda de Ebro,"C. Bilbao, 24, 09200 Miranda de Ebro, Burgos, España",9200,27,Comercio,4.7,,3,2,1,0,0,0,42.684768,-2.9509212,POINT(-2.9509212 42.684768),,9,false,false,2026-06-16 01:34:45.367602 UTC,,true,false
ChIJi7wzOwCbTw0R7HVFpo_r-aA,Calle Vitoria,92194,Miranda de Ebro,,,34,Farmacia,5.0,,1,1,0,0,0,0,42.6858427,-2.9489678,POINT(-2.9489678 42.6858427),,1,false,false,2026-06-16 01:34:22.211033 UTC,2026-06-15 22:01:32.199420 UTC,true,false
ChIJYWXZJlKbTw0RpZcuqavWBak,King Kebab,92194,Miranda de Ebro,"C. Alfonso VI, 78, 09200 Miranda de Ebro, Burgos, España",9200,73,Restaurante,4.6,9.4056184323853813,64,56,1,2,1,4,42.6874833,-2.9402094,POINT(-2.9402094 42.6874833),,50,false,false,2026-05-28 18:42:42.082330 UTC,2026-06-15 22:20:35.536271 UTC,false,false
ChIJpatlFQCbTw0RT3wFJmuRhek,Aire de Repos. Supermarché,92194,Miranda de Ebro,"09200 Miranda de Ebro, Burgos, España",9200,99,Supermercado,0.0,,0,0,0,0,0,0,42.6945376,-2.9533929,POINT(-2.9533929 42.6945376),,0,false,false,2026-06-16 01:34:07.070374 UTC,,true,false
ChIJ16mhbgCbTw0RturT1mDy530,Frutería marfil,92194,Miranda de Ebro,"C. del Olmo, 1, 09200 Miranda de Ebro, Burgos, España",9200,104,Tienda de alimentación,0.0,,0,0,0,0,0,0,42.6843272,-2.9493166,POINT(-2.9493166 42.6843272),,15,false,false,2026-06-16 01:34:01.707269 UTC,,false,false
ChIJg8nqiribTw0RynEQKqsQp3g,TU ZONA TYM,92194,Miranda de Ebro,"C. Cuartel del Este, 09200 Miranda de Ebro, Burgos, España",9200,214,Artista,0.0,,0,0,0,0,0,0,42.6901164,-2.9377145,POINT(-2.9377145 42.6901164),,0,false,false,2026-05-28 18:42:43.943452 UTC,2026-06-15 22:43:09.962056 UTC,false,false
ChIJl1EddcSaTw0Ryg23Z__dDg4,Tienda Orange,92194,Miranda de Ebro,"C. La Estación, 3, 09200 Miranda de Ebro, Burgos, España",9200,248,Tienda de móviles,4.7,,305,273,10,9,2,11,42.6858565,-2.9474003,POINT(-2.9474003 42.6858565),,11,false,false,2026-06-16 01:33:42.541849 UTC,,false,false
ChIJBSpiVzyPTw0RGd5OY06bKok,Transportes Van Overveld. Miranda de Ebro,92194,Miranda de Ebro,"C. República Dominicana, 32, 09219 Miranda de Ebro, Burgos, España",9219,252,Empresa de transporte por camión,4.7,,30,27,1,0,0,2,42.6574705,-2.9151831,POINT(-2.9151831 42.6574705),,156,false,false,2026-06-16 01:29:46.416516 UTC,,true,false
ChIJF7mFs6OaTw0RWdfb2PEfNQQ,Pollerias Maves,92194,Miranda de Ebro,"C. Ramón y Cajal, 24, 09200 Miranda de Ebro, Burgos, España",9200,258,Tienda de aves de corral,4.5,,36,22,11,2,0,1,42.6867119,-2.9441536,POINT(-2.9441536 42.6867119),,12,false,false,2026-06-16 01:33:49.780695 UTC,,false,false
ChIJlQVTTqOaTw0RcerhdxY4IAo,Lazos Bebé / Lazos,92194,Miranda de Ebro,"C. del Cid, 11, 09200 Miranda de Ebro, Burgos, España",9200,282,Mercería,4.5,,24,17,5,0,0,2,42.6863281,-2.9441309,POINT(-2.9441309 42.6863281),,23,false,false,2026-06-16 01:34:31.447526 UTC,,false,false
ChIJS2xz4B2bTw0R9BVOREzm_3g,El Kiosko,92194,Miranda de Ebro,"C. Ramón y Cajal, 61, Bajo, dcha, 09200 Miranda de Ebro, Burgos, España",9200,294,Quiosco,4.4,,24,19,2,0,0,3,42.6882288,-2.941958,POINT(-2.941958 42.6882288),,1,false,false,2026-06-16 01:34:22.210799 UTC,,true,false
ChIJo_sgEKOaTw0RKkN41eLjnf0,Amelia Complementos,92194,Miranda de Ebro,"Av. Comuneros de Castilla, 8, 09200 Miranda de Ebro, Burgos, España",9200,296,Tienda de bisutería,4.2,,12,6,4,1,0,1,42.6871726,-2.9436281,POINT(-2.9436281 42.6871726),,262,false,false,2026-06-16 01:34:25.981403 UTC,,false,false
ChIJy1zbjkmbRQ0Rt4LlRTF5Iv4,Cafetería El Muro,92740,Pradoluengo,"C. San Roque, 1B, 09260 Pradoluengo, Burgos, España",9260,17,Cafetería,4.4,,20,0,0,0,0,0,42.3245586,-3.201595,POINT(-3.201595 42.3245586),,3,false,false,2026-05-31 02:55:12.491646 UTC,2026-06-15 20:18:24.904511 UTC,true,false
ChIJN9jdEhObRQ0RBxXnW3mpJz4,Biblioteca Pública Muncipal,92740,Pradoluengo,"Pl. Clemente Zaldo, 12, 09260 Pradoluengo, Burgos, España",9260,149,Biblioteca,4.0,,1,0,1,0,0,0,42.3234382,-3.1997994,POINT(-3.1997994 42.3234382),,2,false,false,2026-05-31 03:03:51.388612 UTC,2026-06-15 20:16:15.197490 UTC,true,false
ChIJ-d9OO7faRQ0R92VFsSzYX9o,HOTEL RURAL BIOCLIMÁTICO - SABINARES DEL ARLANZA,91139,Covarrubias,"C. las Turriendas, 70, 09347 Puentedura, Burgos, España",9347,47,Hotel,4.6,9.04829199019128,241,0,0,0,0,0,42.0376572,-3.5896872,POINT(-3.5896872 42.0376572),,439,false,false,2026-07-02 00:34:31.106633 UTC,2026-07-01 23:37:48.694082 UTC,false,false
ChIJ3fr7BgDFRQ0RCXP6-adnZHA,Museo de Arte Sacro de Covarrubias,91139,Covarrubias,"Pl. del Rey Chindasvinto, 09346 Covarrubias, Burgos, España",9346,181,Museo,4.3,8.7919477982989829,3,0,0,0,0,0,42.0580831,-3.5187885,POINT(-3.5187885 42.0580831),,57,false,false,2026-07-02 00:43:24.641017 UTC,2026-07-02 00:08:02.638489 UTC,true,false
ChIJXbTORfj9RQ0RzfUrREhsnWU,Carnicería Corte y Sazón en Burgos,90597,Burgos,,,19,Carnicería,5.0,,30,0,0,0,0,0,42.3492208,-3.6713124,POINT(-3.6713124 42.3492208),,98,false,false,2026-05-01 21:59:30.728205 UTC,,false,false
ChIJy_vLlNX8RQ0RgwbfGPCuhYg,Bazar Regalos,90597,Burgos,,,27,Comercio,2.8,2.8817071022931486,17,0,0,0,0,0,42.3379271,-3.701865,POINT(-3.701865 42.3379271),,5,false,false,2026-05-01 22:10:28.137350 UTC,2026-06-15 23:22:31.304147 UTC,true,false
ChIJxZv1VQD9RQ0RcFadx5hmjEs,Farmacia de Inés y Javier,90597,Burgos,,,34,Farmacia,3.4,,13,7,1,0,0,5,42.3343442,-3.6993831,POINT(-3.6993831 42.3343442),,4,false,false,2026-05-07 20:26:49.738420 UTC,,true,false
ChIJ3UH8y7z8RQ0R5AvRv057FJg,Farmacia Carcedo de Román,90597,Burgos,,,34,Farmacia,3.8,,10,7,0,0,0,3,42.3515592,-3.6725597,POINT(-3.6725597 42.3515592),,3,false,false,2026-05-07 20:27:26.811441 UTC,,false,false
ChIJ3QD2j6P8RQ0R8kq1wrax0Zs,Citores Flor,90597,Burgos,,,36,Floristería,4.6,,45,0,0,0,0,0,42.3506381,-3.6691922,POINT(-3.6691922 42.3506381),,37,false,false,2026-05-01 22:02:19.164961 UTC,,false,false
ChIJq7SVKKr9RQ0R3mtofK9oh3A,EL CID Delicatessen,90597,Burgos,,,42,Heladería,4.7,,354,0,0,0,0,0,42.3383471,-3.702353,POINT(-3.702353 42.3383471),,166,false,false,2026-05-01 22:06:04.858419 UTC,,false,false
ChIJ_RvYEM_8RQ0R-bkSC4e90sg,Restaurante San Marcos,90597,Burgos,,,73,Restaurante,4.0,,818,393,212,107,41,65,42.3428868,-3.689379,POINT(-3.689379 42.3428868),$$,498,false,false,2026-05-06 11:39:08.895017 UTC,,false,false
ChIJmfVjecL9RQ0R2DM13b3pwt0,Restaurante Japonés - BOCA SUSHI,90597,Burgos,,,91,Restaurante japonés,4.4,,422,282,89,26,6,19,42.3447759,-3.693734,POINT(-3.693734 42.3447759),,354,false,false,2026-05-06 11:39:23.166241 UTC,,false,false
ChIJubwc7irjRQ0Rm4rWc4r3CL0,Alimentación Nuestra Sra. de Belén,90597,Burgos,,,104,Tienda de alimentación,2.0,,2,0,0,0,0,0,42.3326324,-3.7009578,POINT(-3.7009578 42.3326324),,1,false,false,2026-05-01 21:50:11.959067 UTC,2026-06-15 23:07:47.781383 UTC,true,false
ChIJDUUEbtf8RQ0ReJZYCD-85us,Hospital Veterinario Los Delfines,90597,Burgos,,,128,Veterinario,4.5,,1386,1164,58,17,16,131,42.343233,-3.697223,POINT(-3.697223 42.343233),,381,false,false,2026-05-07 20:27:05.113156 UTC,,false,false
ChIJk7qUPs38RQ0RIYhE98x8GFM,Parque del Crucero,90597,Burgos,"09002 Burgos, España",9002,203,Parque,3.7,,72,29,12,16,7,8,42.3357203,-3.6913107,POINT(-3.6913107 42.3357203),,10,false,false,2026-06-18 20:24:04.461061 UTC,,true,true
ChIJue_0Pj39RQ0Rg2XkQK7YQtQ,Parque Infantil Emilia Pardo Bazán,90597,Burgos,"09002 Burgos, España",9002,204,Parque infantil,4.3,,12,0,0,0,0,0,42.3380295,-3.6884301,POINT(-3.6884301 42.3380295),,10,false,false,2026-06-18 20:24:01.750966 UTC,,true,true
ChIJbVFxedf8RQ0RqLQtCXKVa4k,Palacio de Capitanía General (Museo Regional Militar),90597,Burgos,"Pl. de Alonso Martínez, s/n, 09003 Burgos, España",9003,331,Museo militar,4.5,,250,0,0,0,0,0,42.3438641,-3.7001582,POINT(-3.7001582 42.3438641),,552,false,false,2026-06-18 21:12:23.432728 UTC,,true,true
ChIJRz_ElMT8RQ0R41toZHeaKIU,Big Bolera,90597,Burgos,"C. Soria, 7, 09004 Burgos, España",9004,335,Bolera,3.9,,2188,851,691,355,119,172,42.3481475,-3.6912691,POINT(-3.6912691 42.3481475),,567,false,false,2026-06-18 20:24:06.444890 UTC,,false,true
ChIJfwacIbbFRQ0RYUmRYqwz9xQ,Puente Medieval de Covarrubias,91139,Covarrubias,"BU-901, 09346 Covarrubias, Burgos, España",9346,177,Lugar de interés histórico,4.6,7.8060785127842491,720,0,0,0,0,0,42.057587,-3.5208065,POINT(-3.5208065 42.057587),,3176,false,false,2026-07-02 00:45:36.019085 UTC,2026-07-01 23:19:38.276650 UTC,true,true
ChIJGwo-3mrFRQ0RimgcNfzhcxk,Jewels For A Princess,91139,Covarrubias,"Pl. de Doña Sancha, 09346 Covarrubias, Burgos, España",9346,312,Tienda general,0.0,,0,0,0,0,0,0,42.0588737,-3.5200193,POINT(-3.5200193 42.0588737),,1,false,true,2026-07-02 00:26:35.859181 UTC,2026-07-02 00:11:18.583714 UTC,true,false
ChIJv7MjEQDFRQ0RseqJp1YXwko,Feria de la Cereza y Mercado Medieval,91139,Covarrubias,"Pl. de Doña Urraca, 09346 Covarrubias, Burgos, España",9346,337,Feria artesanal,0.0,,0,0,0,0,0,0,42.0591599,-3.5200449,POINT(-3.5200449 42.0591599),,1,false,false,2026-07-02 00:23:55.246534 UTC,2026-07-02 00:12:23.622902 UTC,true,false
ChIJ8T3KD0ibTw0R8gUgvhx_NYs,Plenergy Miranda de Ebro I,92194,Miranda de Ebro,"Ctra. Bilbao, 40, 09200 Miranda de Ebro, Burgos, España",9200,38,Gasolinera,4.3,,504,307,118,35,13,31,42.692898,-2.9505982,POINT(-2.9505982 42.692898),,41,false,false,2026-06-16 01:29:42.752460 UTC,,false,false
ChIJBQfN9KOaTw0RkVuiCXowXkU,G&G Peluqueros,92194,Miranda de Ebro,"C. Ramón y Cajal, 27, 09200 Miranda de Ebro, Burgos, España",9200,67,Peluquería,4.7,,51,42,7,1,0,1,42.68681,-2.9441885,POINT(-2.9441885 42.68681),,45,false,false,2026-06-16 01:35:35.957146 UTC,,false,false
ChIJFYJM3qGaTw0RpJ_b1vW7S-w,Hotel Sercotel Ciudad de Miranda,92194,Miranda de Ebro,"C. La Estación, 80, 82, 09200 Miranda de Ebro, Burgos, España",9200,73,Restaurante,4.5,8.6201630166033283,1189,717,381,60,13,18,42.689517,-2.940993,POINT(-2.940993 42.689517),$80,879,false,false,2026-05-28 18:42:42.082503 UTC,2026-06-15 22:18:48.660184 UTC,false,false
ChIJCx_LL6KaTw0Rp3QaLTrDZhw,Bocca Miranda,92194,Miranda de Ebro,"C. Ramón y Cajal, 45, 09200 Miranda de Ebro, Burgos, España",9200,73,Restaurante,4.5,9.1457412672461942,2084,1347,488,151,42,56,42.6875969,-2.9431553,POINT(-2.9431553 42.6875969),€20-30,1604,false,false,2026-06-16 01:30:02.461758 UTC,2026-06-15 21:49:16.205554 UTC,false,false
ChIJVRspKwSQTw0RcaufOu1KrQw,Piscinas Municipales al aire libre,92194,Miranda de Ebro,,,189,Piscina pública,3.9,4.3413372705690563,217,94,55,33,14,21,42.6774992,-2.9324102,POINT(-2.9324102 42.6774992),,58,false,false,2026-06-16 01:29:42.753283 UTC,2026-06-15 22:34:57.374735 UTC,false,false
ChIJmRVrYbyaTw0Rd43VCRV0j94,PESCADOS Y MARISCOS NIETO 🦐,92194,Miranda de Ebro,"C. Sta. Lucía, 21, 09200 Miranda de Ebro, Burgos, España",9200,217,Pescadería,4.8,,78,65,10,2,0,1,42.685353,-2.950321,POINT(-2.950321 42.685353),,62,false,false,2026-06-16 01:34:05.291332 UTC,,false,false
ChIJC7THbYWbTw0Rq8xxGVd4hn8,Expendeduria N°6,92194,Miranda de Ebro,"16, C. Álava, 14, 09200 Miranda de Ebro, Burgos, España",9200,246,Estanco,4.1,,7,5,0,1,0,1,42.6881714,-2.9525206,POINT(-2.9525206 42.6881714),,3,false,false,2026-06-16 01:35:32.369564 UTC,,true,false
ChIJW-TFya-aTw0Rw09yQnkTKE8,Seyman. Carpintería,92194,Miranda de Ebro,"Diseminado Diseminados, 128, 09200 Miranda de Ebro, Burgos, España",9200,290,Tienda de armarios,3.5,,4,0,2,2,0,0,42.675788,-2.9459992,POINT(-2.9459992 42.675788),,50,false,false,2026-06-16 01:34:08.861395 UTC,,true,false
ChIJ96f7c6GaTw0RWuyKCGi7BmM,Estudio Fotográfico José Luis,92194,Miranda de Ebro,"C. Juan R. Jiménez, 13, 09200 Miranda de Ebro, Burgos, España",9200,300,Fotógrafo,4.1,,10,7,1,0,0,2,42.6873323,-2.9421774,POINT(-2.9421774 42.6873323),,6,false,false,2026-06-16 01:34:39.903409 UTC,,false,false
ChIJM9KW_p-aTw0R5zskZzd4RhQ,Pinturas Luyfe,92194,Miranda de Ebro,"C. Arenal, 44, 09200 Miranda de Ebro, Burgos, España",9200,306,Tienda de manualidades y bellas artes,4.2,,13,9,2,0,0,2,42.6844551,-2.9465903,POINT(-2.9465903 42.6844551),,2,false,false,2026-06-16 01:34:50.973464 UTC,,false,false
ChIJBdR2cBObRQ0RdJwKhcTzDPA,Bar Makoki,92740,Pradoluengo,"Calle Sta. María, 10, 09260 Pradoluengo, Burgos, España",9260,8,Bar,4.6,9.0160241809207946,108,0,0,0,0,0,42.3241139,-3.2000702,POINT(-3.2000702 42.3241139),€1-10,22,false,false,2026-05-31 02:55:30.683250 UTC,2026-06-15 20:15:43.326564 UTC,true,false
ChIJv0m288vFRQ0Rj_BP7KmbPzU,Hotel Doña Sancha,91139,Covarrubias,"Av. de Victor Barbadillo, 31, 09346 Covarrubias, Burgos, España",9346,47,Hotel,4.6,9.3583783293773486,305,0,0,0,0,0,42.0595588,-3.5139362,POINT(-3.5139362 42.0595588),88,409,false,false,2026-07-02 00:35:47.674373 UTC,2026-07-01 23:33:00.346214 UTC,false,false
ChIJPRdkmNf8RQ0R0KK0DSPw9EY,Cuchillo de Palo,90597,Burgos,,,10,Bar restaurante,3.8,,1020,351,347,171,60,91,42.3428939,-3.7010619,POINT(-3.7010619 42.3428939),$$,564,false,false,2026-05-06 11:39:04.581968 UTC,,false,false
ChIJr9KD-9T8RQ0R8A-qinzA5A0,Farmacia San Pablo 37,90597,Burgos,,,34,Farmacia,4.0,,2,1,0,1,0,0,42.3363211,-3.7000239,POINT(-3.7000239 42.3363211),,1,false,false,2026-05-07 20:26:48.259569 UTC,,true,false
ChIJgzLNdIn7RQ0R78hxpH-iMDU,Lavandería autoservicio Ecolaundry Burgos,90597,Burgos,,,55,Lavandería de autoservicio,4.5,,44,0,0,0,0,0,42.3629178,-3.6576412,POINT(-3.6576412 42.3629178),,12,false,false,2026-05-01 22:15:49.323528 UTC,,true,false
ChIJUdsj3X39RQ0RKZa6fDY8bzc,Do Laundry. Burgos Lavanteria Autoservico,90597,Burgos,,,55,Lavandería de autoservicio,4.7,,52,0,0,0,0,0,42.3444862,-3.6876825,POINT(-3.6876825 42.3444862),,9,false,false,2026-05-01 22:15:49.323681 UTC,,true,false
ChIJG0_KS5v9RQ0Rerbt3gIVro4,KING KEBAB PIZZERIA halal,90597,Burgos,,,70,Pizzería,4.8,,447,397,25,7,2,16,42.3505616,-3.6736138,POINT(-3.6736138 42.3505616),,197,false,false,2026-05-06 11:38:57.570262 UTC,,false,false
ChIJP9PB3k79RQ0Rdp5yYB-tR-w,Casa Azofra,90597,Burgos,,,73,Restaurante,4.5,,3332,0,0,0,0,0,42.3405269,-3.7293598,POINT(-3.7293598 42.3405269),$$,2836,false,false,2026-05-06 11:38:40.829601 UTC,,false,false
ChIJ8d2MFCXjRQ0RfxKtCjVac0Y,Boca2,90597,Burgos,,,80,Restaurante de comida para llevar,5.0,,9,9,0,0,0,0,42.3326398,-3.7015551,POINT(-3.7015551 42.3326398),,13,false,false,2026-05-06 11:39:40.048951 UTC,2026-06-15 23:23:57.891927 UTC,false,false
ChIJPYHjwbv8RQ0RWbzDOdol5_0,JUVENIL 10 | Muebles,90597,Burgos,,,120,Tienda de muebles,4.1,,24,0,0,0,0,0,42.3481705,-3.6743585,POINT(-3.6743585 42.3481705),,35,false,false,2026-05-01 21:56:51.513290 UTC,,false,false
ChIJ35TCJ9H8RQ0RtnBperYi06E,Casa Viva Burgos,90597,Burgos,,,120,Tienda de muebles,3.9,,103,0,0,0,0,0,42.3416996,-3.6971469,POINT(-3.6971469 42.3416996),,41,false,false,2026-05-01 22:08:14.364030 UTC,,false,false
ChIJu_a1dgD7RQ0RnVzU3rU5qOs,Parque infantil,90597,Burgos,"C. la Galatea, 09006 Burgos, España",9006,204,Parque infantil,0.0,,0,0,0,0,0,0,42.3663889,-3.658516,POINT(-3.658516 42.3663889),,0,false,false,2026-06-18 20:24:04.443929 UTC,,true,true
ChIJE89pNvjjRQ0Rfo3MpaY1V9Y,Parque infantil Plaza Aragón,90597,Burgos,"Pl. Aragón, 5, 09001 Burgos, España",9001,204,Parque infantil,0.0,,0,0,0,0,0,0,42.3296635,-3.7070003,POINT(-3.7070003 42.3296635),,1,false,false,2026-06-18 20:24:01.884887 UTC,,true,true
ChIJ99Anvd7jRQ0Rws0emmko1jU,Zona Sur Burgos,90597,Burgos,"Calle de Calleja y Zurita, 10, 09001 Burgos, España",9001,227,Salón para eventos,4.4,,29,24,1,0,0,4,42.331949,-3.7016095,POINT(-3.7016095 42.331949),,6,false,false,2026-06-18 20:24:01.901755 UTC,,false,true
ChIJBwKdgryaTw0RnNuNOPRpQU8,Valle Hermanos Carnicería 🥩,92194,Miranda de Ebro,"C. la Reja, 1, 09200 Miranda de Ebro, Burgos, España",9200,19,Carnicería,4.8,,11,9,2,0,0,0,42.6843976,-2.9495226,POINT(-2.9495226 42.6843976),,7,false,false,2026-06-16 01:34:08.861447 UTC,,true,false
ChIJ2fMrGpmaTw0RAfBW2qvA6nY,Suministros Industriales Ebro Miranda,92194,Miranda de Ebro,"Calle las Californias, 17, 09200 Miranda de Ebro, Burgos, España",9200,35,Ferretería,4.1,,139,75,35,13,4,12,42.6917599,-2.94384,POINT(-2.94384 42.6917599),,4,false,false,2026-06-16 01:32:45.482439 UTC,,false,false
ChIJ-QQRf6GaTw0R4VJErU8HHwg,Frutas y Verduras Zelaia,92194,Miranda de Ebro,"C. Arenal, 88, 09200 Miranda de Ebro, Burgos, España",9200,37,Frutería,4.6,,18,12,5,1,0,0,42.6869242,-2.9424015,POINT(-2.9424015 42.6869242),,4,false,false,2026-06-16 01:34:22.211125 UTC,,true,false
ChIJZbrBS6OaTw0RrBI52mVNlH0,Librería Cervantes,92194,Miranda de Ebro,"C. Saturnino Rubio, 1, 09200 Miranda de Ebro, Burgos, España",9200,56,Librería,4.7,,71,55,12,3,0,1,42.6855009,-2.9472815,POINT(-2.9472815 42.6855009),,5,false,false,2026-06-16 01:34:22.211012 UTC,,true,false
ChIJq0zL-riRTw0RY8oC6693C4c,Bar EL POLI,92194,Miranda de Ebro,"Cam. Anduva, 09200 Miranda de Ebro, Burgos, España",9200,73,Restaurante,2.3,,33,6,5,2,1,19,42.6778303,-2.9324936,POINT(-2.9324936 42.6778303),$,29,false,false,2026-05-28 18:42:42.082702 UTC,2026-06-15 21:37:33.711705 UTC,false,false
ChIJEyrf-6SaTw0RucWiXBh6KO8,Supermercado Martínez,92194,Miranda de Ebro,"C. del Río Ebro, 27, 09200 Miranda de Ebro, Burgos, España",9200,99,Supermercado,4.5,,11,0,0,0,0,0,42.6824517,-2.9451828,POINT(-2.9451828 42.6824517),,4,false,false,2026-06-16 01:32:39.735683 UTC,,true,false
ChIJya3LE6GaTw0RGerdTSFkbes,Frigonor Miranda,92194,Miranda de Ebro,"C. Condado de Treviño, 59, 09200 Miranda de Ebro, Burgos, España",9200,104,Tienda de alimentación,3.0,,1,0,0,1,0,0,42.6864608,-2.9409566,POINT(-2.9409566 42.6864608),,1,false,false,2026-06-16 01:32:48.966830 UTC,,true,false
ChIJnfCNxqOaTw0RtDcdRficHfg,Genial!!,92194,Miranda de Ebro,"C. Arenal, 78, 09200 Miranda de Ebro, Burgos, España",9200,124,Tienda de ropa,4.7,,3,2,1,0,0,0,42.6862138,-2.9435676,POINT(-2.9435676 42.6862138),,1,false,false,2026-06-16 01:35:08.174592 UTC,,false,false
ChIJt7TmEwCbTw0RNUYJg17FaKA,Angela Shop,92194,Miranda de Ebro,"Calle Dr. Fleming, 2, 09200 Miranda de Ebro, Burgos, España",9200,124,Tienda de ropa,0.0,,0,0,0,0,0,0,42.6879673,-2.944111,POINT(-2.944111 42.6879673),,1,false,false,2026-06-16 01:34:45.367447 UTC,,true,false
ChIJr53inaSaTw0RlrCQN4TnGL4,LA DILIGENCIA MODA VAQUERA,92194,Miranda de Ebro,"C. San Agustín, 20, 09200 Miranda de Ebro, Burgos, España",9200,124,Tienda de ropa,0.0,,0,0,0,0,0,0,42.6844637,-2.9460043,POINT(-2.9460043 42.6844637),,1,false,false,2026-06-16 01:35:41.515521 UTC,,true,false
ChIJyxaABqSaTw0RtfTaliWD5oA,Clínica Veterinaria Nanclares Miranda de Ebro,92194,Miranda de Ebro,"Pl. República Argentina, 1, bajo, 09200 Miranda de Ebro, Burgos, España",9200,128,Veterinario,4.5,,66,54,6,0,0,6,42.6843199,-2.943091,POINT(-2.943091 42.6843199),,34,false,false,2026-06-16 01:35:58.433817 UTC,,false,false
ChIJv_uJ4KKaTw0RibN4zSTFsoE,Parque Antonio Machado,92194,Miranda de Ebro,"C. La Estación, 24, 09200 Miranda de Ebro, Burgos, España",9200,203,Parque,4.3,,626,349,162,82,17,16,42.6870989,-2.9462601,POINT(-2.9462601 42.6870989),,669,false,false,2026-06-16 01:35:34.150299 UTC,2026-06-15 22:32:32.612510 UTC,true,false
ChIJe_30F6OaTw0RYvHTIlSFTNI,Vodafone Miranda De Ebro,92194,Miranda de Ebro,"C. La Estación, 18, 09200 Miranda de Ebro, Burgos, España",9200,248,Tienda de móviles,3.3,,86,37,12,7,3,27,42.6862974,-2.9462,POINT(-2.9462 42.6862974),,12,false,false,2026-06-16 01:32:47.270547 UTC,,false,false
ChIJMbcRqn-bTw0R7_gGHIY2WCw,Area Servicio AutoCaravanas E.Leclerc Miranda,92194,Miranda de Ebro,"Arrabal Sue I/t las California, 263, 09200 Miranda de Ebro, Burgos, España",9200,250,Estacionamiento de autocaravanas,4.1,,180,82,63,20,9,6,42.6935778,-2.9519874,POINT(-2.9519874 42.6935778),,22,false,false,2026-06-16 01:34:18.359062 UTC,,false,false
ChIJCyokqaOaTw0RIGXQJSraUFM,Bisutería Tamy Complementos,92194,Miranda de Ebro,"C. del Cid, 6, 09200 Miranda de Ebro, Burgos, España",9200,298,Tienda de accesorios de moda,4.3,,17,11,4,0,0,2,42.6865437,-2.9447108,POINT(-2.9447108 42.6865437),,97,false,false,2026-06-16 01:34:29.605377 UTC,,false,false
ChIJeUSyucWbRQ0RBFoB1GR9Wvw,Café-bar Rick's,92740,Pradoluengo,"C. San Roque, 1B, 09260 Pradoluengo, Burgos, España",9260,8,Bar,4.5,,11,0,0,0,0,0,42.3245586,-3.201595,POINT(-3.201595 42.3245586),€1-10,63,false,false,2026-05-31 02:55:12.491609 UTC,2026-06-15 20:18:39.891031 UTC,false,false
ChIJXQLr6YqbRQ0Ru7trRbd982k,Ecobatanes,92740,Pradoluengo,"Mercado Municipal, Puesto Nº 5, 09260 Pradoluengo, Burgos, España",9260,55,Lavandería de autoservicio,5.0,,5,5,0,0,0,0,42.3240668,-3.2007695,POINT(-3.2007695 42.3240668),,3,false,false,2026-05-31 02:49:23.768316 UTC,2026-06-15 20:23:12.937046 UTC,false,false
ChIJ-f-TcxObRQ0RNRBLV26iVgU,Sacyl Pradoluengo,92740,Pradoluengo,"Pl. Clemente Zaldo, 15, 09260 Pradoluengo, Burgos, España",9260,161,Centro médico,0.0,,0,0,0,0,0,0,42.3237087,-3.2001913,POINT(-3.2001913 42.3237087),,1,false,true,2026-05-31 03:10:12.338334 UTC,2026-06-15 20:35:04.162090 UTC,true,false
ChIJOWYaMij9RQ0RHJ91OuMemZI,Cervecería Morito,90597,Burgos,,,9,Bar de tapas,4.3,,8108,4884,1885,550,277,512,42.3407475,-3.703106,POINT(-3.703106 42.3407475),$,6406,false,false,2026-05-06 11:39:04.581943 UTC,,false,false
ChIJpQuYDtn8RQ0RnmOHlVO_koc,Bar Bodega El Retiro,90597,Burgos,,,10,Bar restaurante,4.1,8.778581747203134,447,222,125,52,17,31,42.3469482,-3.6993598,POINT(-3.6993598 42.3469482),$,42,false,false,2026-05-06 11:39:17.759605 UTC,2026-06-15 23:14:52.699330 UTC,false,false
ChIJOVZ6lpP8RQ0RfpMxc67lwHA,Nuevo Concepto Estética,90597,Burgos,,,22,Centro de estética,4.5,,105,0,0,0,0,0,42.3605098,-3.6790444,POINT(-3.6790444 42.3605098),,8,false,false,2026-05-01 22:13:32.057352 UTC,,false,false
ChIJiXo1f8T8RQ0R6-qW3Ktleg0,Cervecería California Darts,90597,Burgos,,,23,Cervecería,4.0,,859,379,272,116,25,67,42.3493398,-3.6896661,POINT(-3.6896661 42.3493398),$,58,false,false,2026-05-06 11:39:24.525408 UTC,,false,false
ChIJ0zfYoBj9RQ0RM9WAehs-K-w,El Pequeño Bokado,90597,Burgos,,,31,Establecimiento de comida preparada,4.0,,29,19,2,1,2,5,42.3595787,-3.6770787,POINT(-3.6770787 42.3595787),,15,false,false,2026-05-06 11:39:37.224056 UTC,,false,false
ChIJy7gpkqD8RQ0RYNf0oQPy4uw,Farmacia Sanlovan,90597,Burgos,,,34,Farmacia,5.0,,4,4,0,0,0,0,42.3519362,-3.6631251,POINT(-3.6631251 42.3519362),,1,false,false,2026-05-07 20:27:26.811321 UTC,,true,false
ChIJha_8yQT9RQ0RTCOHYX3QRl0,Goiko,90597,Burgos,,,41,Hamburguesería,4.4,9.1984508851310238,6121,4485,831,252,155,398,42.3436696,-3.7006491,POINT(-3.7006491 42.3436696),$$,1085,false,false,2026-05-06 11:39:21.810424 UTC,2026-05-11 18:08:01.124962 UTC,false,false
ChIJ4dhbD1b7RQ0RGHEmITNvc9Y,Open Blue San Cristóbal,90597,Burgos,,,55,Lavandería de autoservicio,4.9,,15,0,0,0,0,0,42.3629453,-3.6541958,POINT(-3.6541958 42.3629453),,5,false,false,2026-05-01 22:15:49.323964 UTC,,false,false
ChIJg5Of5tTiRQ0RQOq9PCHtaIQ,La Colada Burgos,90597,Burgos,,,55,Lavandería de autoservicio,3.8,,65,0,0,0,0,0,42.3325958,-3.7058373,POINT(-3.7058373 42.3325958),,9,false,false,2026-05-01 22:15:49.323460 UTC,,false,false
ChIJBXf8xw79RQ0RgpEcMOHd-AM,Bosque de letras,90597,Burgos,,,56,Librería,4.8,,55,0,0,0,0,0,42.3498088,-3.6713358,POINT(-3.6713358 42.3498088),,32,false,false,2026-05-01 22:03:31.730234 UTC,,false,false
ChIJIdGImyr9RQ0RqYl3gnL7a4U,Librería Aura,90597,Burgos,,,64,Papelería,4.1,,46,0,0,0,0,0,42.3358447,-3.7032792,POINT(-3.7032792 42.3358447),,2,false,false,2026-05-01 22:03:34.864499 UTC,,true,false
ChIJG-fopdr8RQ0R0pBJMBTPHSY,PCBox,90597,Burgos,,,118,Tienda de informática,4.0,,331,0,0,0,0,0,42.3463185,-3.6936055,POINT(-3.6936055 42.3463185),,28,false,false,2026-05-01 21:55:40.561399 UTC,,false,false
ChIJgUpTubz8RQ0RndB47oA70M0,Calzados Rasha,90597,Burgos,,,129,Zapatería,4.2,,50,0,0,0,0,0,42.3505286,-3.6737556,POINT(-3.6737556 42.3505286),,2,false,false,2026-05-01 22:12:35.290340 UTC,,false,false
ChIJBWYT5dz9RQ0R2NIW2AsGgSc,Parque Dr. Vara,90597,Burgos,"Lugar, Parque Dr. Vara, 1, 09003 Burgos, España",9003,203,Parque,4.3,,58,32,14,8,3,1,42.3443475,-3.7009023,POINT(-3.7009023 42.3443475),,40,false,false,2026-06-18 20:24:01.890559 UTC,,true,true
ChIJnyiLAAD9RQ0RaWAb72kBhUo,Patio de recreo,90597,Burgos,"09005 Burgos, España",9005,204,Parque infantil,0.0,,0,0,0,0,0,0,42.346149,-3.6980702,POINT(-3.6980702 42.346149),,1,false,false,2026-06-18 20:24:06.455416 UTC,,false,true
ChIJtzx_MAD9RQ0RJJaiOFiGgjI,Parque Infantil Buenavista,90597,Burgos,"C. Luis Alberdi, 13, 09007 Burgos, España",9007,204,Parque infantil,5.0,,1,0,0,0,0,0,42.3524547,-3.6638113,POINT(-3.6638113 42.3524547),,5,false,false,2026-06-18 20:24:01.824952 UTC,,true,true
ChIJEWLX9Nf9RQ0R50wa1HLgG9k,Parque Infantil C. Público Vadillos,90597,Burgos,"C. Petronila Casado, 2, 09005 Burgos, España",9005,204,Parque infantil,5.0,,1,1,0,0,0,0,42.3467259,-3.6966647,POINT(-3.6966647 42.3467259),,1,false,false,2026-06-18 20:24:04.426092 UTC,,true,true
ChIJd0TvbADFRQ0R6Fy-f_TJkcU,Casa Doña Sancha,91139,Covarrubias,"Pl. de Doña Sancha, 8, 09346 Covarrubias, Burgos, España",9346,177,Lugar de interés histórico,5.0,9.7426550264935941,1,0,0,0,0,0,42.0587389,-3.5194485,POINT(-3.5194485 42.0587389),,4,false,false,2026-07-02 00:45:36.019475 UTC,2026-07-02 00:08:58.024656 UTC,true,false
ChIJ27v6iryaTw0RbwCZ1Q9U3l8,Blanjamar Bar,92194,Miranda de Ebro,"C. Sorribas, 17, 09200 Miranda de Ebro, Burgos, España",9200,8,Bar,0.0,,0,0,0,0,0,0,42.685511,-2.949944,POINT(-2.949944 42.685511),,1,false,false,2026-05-28 18:43:21.619700 UTC,2026-06-15 21:48:48.313180 UTC,true,false
ChIJl5goWLmaTw0RAPYPwuYk8qA,Bar Cabecillas,92194,Miranda de Ebro,"C. San Juan, 10, 09200 Miranda de Ebro, Burgos, España",9200,8,Bar,4.5,,11,6,4,1,0,0,42.6837787,-2.9525446,POINT(-2.9525446 42.6837787),,3,false,false,2026-05-28 18:43:00.045239 UTC,2026-06-15 21:35:27.988080 UTC,true,false
ChIJ46XRUbuaTw0RbSRGuz80Q-A,TABERNA CERVANTES,92194,Miranda de Ebro,"C. Rda. del Ferrocarril, Nª 21, 09200 Miranda de Ebro, Burgos, España",9200,9,Bar de tapas,4.2,,454,0,0,0,0,0,42.6838757,-2.9480449,POINT(-2.9480449 42.6838757),€1-10,136,false,false,2026-05-28 18:42:43.943542 UTC,2026-06-15 22:42:35.930817 UTC,false,false
ChIJYzuDd8GaTw0R7npUGfYnhwQ,Vía Norte Abades Restaurante,92194,Miranda de Ebro,"Camino Fuente Basilio, 09200 Miranda de Ebro, Burgos, España",9200,10,Bar restaurante,4.1,4.4767340530524962,655,0,0,0,0,0,42.6870392,-2.9619317,POINT(-2.9619317 42.6870392),€10-20,406,false,false,2026-05-28 18:42:37.536812 UTC,2026-06-15 22:48:50.860146 UTC,true,false
ChIJURmQNqKaTw0RECfIR_KMOy8,Daily Planet Café,92194,Miranda de Ebro,"Av. Comuneros de Castilla, 5, 09200 Miranda de Ebro, Burgos, España",9200,17,Cafetería,4.3,,284,151,79,41,3,10,42.6873863,-2.943453,POINT(-2.943453 42.6873863),$,32,false,false,2026-05-28 18:42:42.082658 UTC,2026-06-15 22:06:50.153461 UTC,true,false
ChIJxz9he5-aTw0RxKglJJYXikE,Hostal Restaurante La Ferroviaria,92194,Miranda de Ebro,"C. Cdad. Jardín, 1, 09200 Miranda de Ebro, Burgos, España",9200,47,Hotel,4.1,8.8101723975269124,815,0,0,0,0,0,42.6896878,-2.9405057,POINT(-2.9405057 42.6896878),,588,false,false,2026-05-28 18:42:40.103963 UTC,2026-06-15 22:18:03.135277 UTC,true,false
ChIJ_0RxmbKbTw0RhrSaCz4WhoE,Charcutería Selecta,92194,Miranda de Ebro,"C. Carlos III, 17, 09200 Miranda de Ebro, Burgos, España",9200,104,Tienda de alimentación,4.0,,1,0,1,0,0,0,42.6871608,-2.9479207,POINT(-2.9479207 42.6871608),,14,false,false,2026-06-16 01:35:35.956139 UTC,,true,false
ChIJo8qcScGaTw0RGKqgxmhU2cQ,Termopiedra | Sistemas Técnicos de Construcción Gardo,92194,Miranda de Ebro,"Polígono Industrial, C/ República Dominicana, nº 16, 09219 Ircio, Burgos, España",9219,253,Building materials market,4.5,,11,8,2,0,0,1,42.6594691,-2.9191228,POINT(-2.9191228 42.6594691),,16,false,false,2026-06-16 01:29:48.167930 UTC,,false,false
ChIJ96DO9TeQTw0RGlimzCZqlPs,Isolana Miranda de Ebro,92194,Miranda de Ebro,"C. Suzana, 130, 09200 Miranda de Ebro, Burgos, España",9200,260,Tienda de materiales para la construcción,4.5,,40,0,0,0,0,0,42.6893966,-2.9075027,POINT(-2.9075027 42.6893966),,17,false,false,2026-06-16 01:32:41.722381 UTC,,false,false
ChIJ6Q6HZgCbRQ0RaN-XVZJzO9o,Consultorio Médico,92740,Pradoluengo,"Pl. Clemente Zaldo, 15, 09260 Pradoluengo, Burgos, España",9260,234,Médico de urgencias,0.0,,0,0,0,0,0,0,42.3237465,-3.2001726,POINT(-3.2001726 42.3237465),,1,false,false,2026-05-31 03:10:12.338292 UTC,2026-06-15 20:22:27.772440 UTC,true,false
ChIJw6JEBUT9RQ0R3w6wiSHJNIY,El Templo de Mire,90597,Burgos,,,9,Bar de tapas,4.6,,26,23,0,1,0,2,42.348308,-3.6727853,POINT(-3.6727853 42.348308),,11,false,false,2026-05-06 11:38:57.570236 UTC,,false,false
ChIJN_5r6dP8RQ0ROGtPBwj6f8Y,Cafetería Bar La Domus en Burgos,90597,Burgos,,,17,Cafetería,4.3,,235,149,46,23,6,11,42.3381928,-3.6969406,POINT(-3.6969406 42.3381928),$,62,false,false,2026-05-06 11:39:40.048993 UTC,,false,false
ChIJHc4bhwn9RQ0REDlJjpEsqwk,Centro de Estética y Nutrición Vera,90597,Burgos,,,33,Esteticista,4.6,,91,0,0,0,0,0,42.3418166,-3.6988219,POINT(-3.6988219 42.3418166),,22,false,false,2026-05-01 22:13:32.057108 UTC,,false,false
ChIJ-Z9QvHT9RQ0RPZKFvEoib0s,Farmacia Espolón 22 Catherine Marmolejos,90597,Burgos,,,34,Farmacia,4.8,,31,0,0,0,0,0,42.3406726,-3.7017506,POINT(-3.7017506 42.3406726),,11,false,false,2026-05-07 20:26:46.758809 UTC,,false,false
ChIJE5aXYNP8RQ0RE4klqXYGXmM,FARMACIA,90597,Burgos,,,34,Farmacia,1.0,,1,0,0,0,0,1,42.3356643,-3.6975949,POINT(-3.6975949 42.3356643),,1,false,false,2026-05-07 20:26:48.259512 UTC,,true,false
ChIJF-L_8aP8RQ0RHyzNqV3w2j4,Juguettos,90597,Burgos,,,53,Juguetería,4.0,,151,0,0,0,0,0,42.3507152,-3.668279,POINT(-3.668279 42.3507152),,10,false,false,2026-05-01 22:02:39.908338 UTC,,false,false
ChIJFZk-fnr7RQ0R5qKzk5NQC98,Panadería Villímar,90597,Burgos,,,63,Panadería,4.6,,249,0,0,0,0,0,42.367842,-3.6523796,POINT(-3.6523796 42.367842),$,33,false,false,2026-05-01 22:06:04.858225 UTC,,false,false
ChIJ24zkFiT9RQ0R1v52jEuK1mw,Marea Bread,90597,Burgos,,,63,Panadería,4.6,,89,0,0,0,0,0,42.3419402,-3.704133,POINT(-3.704133 42.3419402),€1-10,183,false,false,2026-05-01 22:06:04.858155 UTC,,false,false
ChIJq_Scmbv9RQ0RXd_U2Avb6NE,Pizzería Carlos,90597,Burgos,,,70,Pizzería,4.2,,743,511,83,26,26,97,42.3344345,-3.7116834,POINT(-3.7116834 42.3344345),$,115,false,false,2026-05-06 11:39:40.049057 UTC,,false,false
ChIJZctI8Kr9RQ0R2zTYWacujT8,La casa del kebab,90597,Burgos,,,73,Restaurante,4.8,,62,57,1,1,0,3,42.3519294,-3.6756268,POINT(-3.6756268 42.3519294),,64,false,false,2026-05-06 11:38:57.570122 UTC,,false,false
ChIJr_mEec_8RQ0RF_BVVhwjfZw,Restaurante Doña Margarita,90597,Burgos,,,73,Restaurante,4.2,,510,320,103,23,16,48,42.3439617,-3.689879,POINT(-3.689879 42.3439617),$,948,false,false,2026-05-06 11:39:02.669526 UTC,,false,false
ChIJc-CIycf9RQ0RVNU1l7nm1lQ,Medical Óptica Audición Burgos Centro,90597,Burgos,,,130,Óptica,4.7,,112,0,0,0,0,0,42.343319,-3.699306,POINT(-3.699306 42.343319),,3,false,false,2026-05-01 22:18:09.002677 UTC,,false,false
ChIJBb_nVM79RQ0Rry_Yty_kRlw,Parque de Santa Dorotea,90597,Burgos,"C. Sta. Dorotea, 17, 09001 Burgos, España",9001,204,Parque infantil,5.0,,3,3,0,0,0,0,42.3344388,-3.7036286,POINT(-3.7036286 42.3344388),,8,false,false,2026-06-18 20:24:01.883883 UTC,,true,true
ChIJ73if4O3jRQ0R4nTDqehJhE8,Parque infantil Parque Europa,90597,Burgos,"C. de Europa, 13-11, 09001 Burgos, España",9001,204,Parque infantil,3.8,,11,0,0,0,0,0,42.3281835,-3.6999333,POINT(-3.6999333 42.3281835),,5,false,false,2026-06-18 20:24:01.793718 UTC,,true,true
ChIJg9jyIw79RQ0Rgqt5L1zg2sg,Parque Infantil Santa Bárbara,90597,Burgos,"C. Vitoria, 137, 09007 Burgos, España",9007,204,Parque infantil,3.0,,1,0,0,1,0,0,42.3502522,-3.6757492,POINT(-3.6757492 42.3502522),,2,false,false,2026-06-18 20:24:01.815679 UTC,,true,true
ChIJ5W0BSgD9RQ0RQdlU6scG7yc,Parque infantil,90597,Burgos,"C. Lazarillo de Tormes, 09006 Burgos, España",9006,204,Parque infantil,4.0,,1,0,1,0,0,0,42.3627191,-3.6714888,POINT(-3.6714888 42.3627191),,3,false,false,2026-06-18 20:24:01.855882 UTC,,true,true
ChIJU5axAcrFRQ0Rw8D8gQEkgQU,Autoservicio Emilio,91139,Covarrubias,"C. del Conde Fernán-González, 5, 09346 Covarrubias, Burgos, España",9346,104,Tienda de alimentación,3.0,4.88017543995132,15,0,0,0,0,0,42.059076,-3.5203819,POINT(-3.5203819 42.059076),,7,false,false,2026-07-02 00:26:35.859153 UTC,2026-07-02 00:00:38.784176 UTC,true,false
ChIJf7xOFsrFRQ0RoI_RISmly6Y,Capilla de la Virgen de la Cereza.,91139,Covarrubias,"Gta. Alej. Rguez. Valcarcel, 10, 09346 Covarrubias, Burgos, España",9346,151,Capilla,4.4,8.9326881030574441,19,0,0,0,0,0,42.0597879,-3.5194134,POINT(-3.5194134 42.0597879),,136,false,false,2026-07-02 00:46:28.877009 UTC,2026-07-01 23:58:50.220816 UTC,true,true
ChIJWxFftgubTw0R3wtfpej8lOw,Bar Viejo,92194,Miranda de Ebro,"C. del Olmo, 4, 09200 Miranda de Ebro, Burgos, España",9200,8,Bar,4.6,,94,69,20,3,0,2,42.6841747,-2.9492933,POINT(-2.9492933 42.6841747),$,39,false,false,2026-05-28 18:42:45.749793 UTC,2026-06-15 21:47:01.562787 UTC,false,false
ChIJZY9NkKSaTw0RpvEib8JG8VE,Bazar Ye,92194,Miranda de Ebro,"C. Condado de Treviño, 19, 09200 Miranda de Ebro, Burgos, España",9200,12,Bazar,4.0,,40,20,6,9,2,3,42.6835888,-2.9457263,POINT(-2.9457263 42.6835888),,2,false,false,2026-06-16 01:35:06.316855 UTC,,false,false
ChIJh1PXJ6OaTw0RIPCzjiH_hjQ,Café Botanico,92194,Miranda de Ebro,"Parque Antonio Machado, 09200 Miranda de Ebro, Burgos, España",9200,17,Cafetería,4.3,,594,308,201,48,18,19,42.6868109,-2.9469248,POINT(-2.9469248 42.6868109),$,112,false,false,2026-06-16 01:34:07.070302 UTC,2026-06-15 21:57:56.201445 UTC,true,false
ChIJMwCxC6OaTw0R_yJZm4tSVe4,Cárnicas Tamames S.L,92194,Miranda de Ebro,"C. del Cid, 2, planta 5 oficina 6, 09200 Miranda de Ebro, Burgos, España",9200,19,Carnicería,0.0,,0,0,0,0,0,0,42.6867834,-2.9451071,POINT(-2.9451071 42.6867834),,0,false,false,2026-06-16 01:34:43.596607 UTC,,false,false
ChIJXb0K0aOaTw0RADvwOfSRLsk,Farmacia Concepcion Prior de Castro,92194,Miranda de Ebro,,,34,Farmacia,4.3,,22,16,1,3,0,2,42.686709,-2.943157,POINT(-2.943157 42.686709),,4,false,false,2026-06-16 01:34:45.366431 UTC,2026-06-15 22:12:32.957217 UTC,false,false
ChIJOb6faaCaTw0R16yQeHDG6tw,Fruteria Y Verdura Miranda,92194,Miranda de Ebro,"C. Logroño, 28, 09200 Miranda de Ebro, Burgos, España",9200,37,Frutería,0.0,,0,0,0,0,0,0,42.6879741,-2.9386928,POINT(-2.9386928 42.6879741),,1,false,false,2026-06-16 01:35:58.433729 UTC,,true,false
ChIJx3NzD6GaTw0RsMyuzZkxnKY,"GARAJE SÁNCHEZ, S.L. (Miranda de Ebro) - Reparador Autorizado Toyota",92194,Miranda de Ebro,"C. Condado de Treviño, 63, 09200 Miranda de Ebro, Burgos, España",9200,101,Taller de automóviles,4.0,,59,36,9,2,2,10,42.6866504,-2.9407662,POINT(-2.9407662 42.6866504),,4,true,false,2026-06-16 01:35:15.917413 UTC,,false,false
ChIJYznL9AqQTw0RQc2E01e2oRU,Muebles Bardeci,92194,Miranda de Ebro,"C. Concepción Arenal, 38, 09200 Miranda de Ebro, Burgos, España",9200,120,Tienda de muebles,3.9,,10,6,1,1,0,2,42.6866489,-2.9398184,POINT(-2.9398184 42.6866489),,3,false,false,2026-06-16 01:35:10.564374 UTC,,true,false
ChIJLVfGizCbTw0R9ENtP6Q8c9A,D-sastre,92194,Miranda de Ebro,"C. Ramón y Cajal, 38, 09200 Miranda de Ebro, Burgos, España",9200,124,Tienda de ropa,4.3,,6,5,0,0,0,1,42.6874346,-2.9427845,POINT(-2.9427845 42.6874346),,1,false,false,2026-06-16 01:34:43.596495 UTC,,true,false
ChIJiSvWgbyaTw0RyjijRzxuh-Y,Cine Novedades,92194,Miranda de Ebro,"C. Real Allende, 9, 09200 Miranda de Ebro, Burgos, España",9200,162,Cine,4.4,,628,384,163,48,13,20,42.6843565,-2.949808,POINT(-2.949808 42.6843565),,62,false,false,2026-06-16 01:34:48.998009 UTC,,false,false
ChIJNeeXjbuaTw0RPtsK_Y9TiHA,Puente de Carlos III,92194,Miranda de Ebro,"09200 Miranda de Ebro, Burgos, España",9200,177,Lugar de interés histórico,4.5,8.7179009878309444,312,200,69,38,3,2,42.683824,-2.9511514,POINT(-2.9511514 42.683824),,669,false,false,2026-05-28 18:43:00.045208 UTC,2026-06-15 22:36:10.467820 UTC,true,false
ChIJP_nkPaKaTw0RYjiZ_CKaXf8,azulmarino,92194,Miranda de Ebro,"C. La Estación, 33, 09200 Miranda de Ebro, Burgos, España",9200,225,Agencia de viajes,4.3,,36,19,12,3,1,1,42.6882142,-2.9436432,POINT(-2.9436432 42.6882142),,8,false,false,2026-06-16 01:34:39.903456 UTC,,false,false
ChIJQ22NyryaTw0R_Tjfq6EFZEM,Tienda Movistar,92194,Miranda de Ebro,"Calle San Agustín, C. La Estación, 1 Esq, 09200 Miranda de Ebro, Burgos, España",9200,248,Tienda de móviles,4.4,,208,160,11,13,5,19,42.6857982,-2.9468911,POINT(-2.9468911 42.6857982),,8,false,false,2026-06-16 01:33:46.221755 UTC,,false,false
ChIJf8d2iaOaTw0Rjb4UFggDU_A,Gumiland 🍭🍬,92194,Miranda de Ebro,"Calle Francisco Cantera, 20, 09200 Miranda de Ebro, Burgos, España",9200,276,Tienda de golosinas,4.8,,13,10,3,0,0,0,42.6847237,-2.9441848,POINT(-2.9441848 42.6847237),,2,false,false,2026-06-16 01:33:25.125400 UTC,,true,false
ChIJpSgwhRObRQ0RObeIqKffRyI,Hermandad Popular Obrera Cooperativa,92740,Pradoluengo,"Pl. del Mercado, 23, 09260 Pradoluengo, Burgos, España",9260,99,Supermercado,4.2,,11,0,0,0,0,0,42.3240931,-3.2011358,POINT(-3.2011358 42.3240931),,1,false,false,2026-05-31 02:47:06.206512 UTC,2026-06-15 20:26:17.275955 UTC,true,false
ChIJTWZKNxObRQ0Rh8n7Pduo8gY,"Teatro ""Cinema Glorieta""",92740,Pradoluengo,"Pl. Gervasio Zaldo Zaldo, 14, 09260 Pradoluengo, Burgos, España",9260,197,Teatro,4.5,,83,60,12,6,2,3,42.3232341,-3.1986193,POINT(-3.1986193 42.3232341),,20,false,false,2026-05-31 03:02:16.772378 UTC,2026-06-15 20:38:15.865764 UTC,false,false
ChIJTyKZAb38RQ0RJZtw28Aq-RE,Farmacia Lda. Raquel Arranz Gutiérrez,90597,Burgos,,,34,Farmacia,4.9,,11,10,1,0,0,0,42.3523759,-3.6747232,POINT(-3.6747232 42.3523759),,1,false,false,2026-05-07 20:26:48.259660 UTC,,false,false
ChIJJ2JjUKH8RQ0RPNXLADXXaro,Farmacia Fernando Sendino Revuelta,90597,Burgos,,,34,Farmacia,4.1,,13,9,1,0,1,2,42.3506932,-3.6668994,POINT(-3.6668994 42.3506932),,1,false,false,2026-05-07 20:27:26.811303 UTC,,true,false
ChIJWZps0qb8RQ0RlwyUfhiEOsY,"Floristería Bambú Flores , plantas , regalo , bodas , comuniones , arte funerario y mucho más",90597,Burgos,,,36,Floristería,4.7,,148,0,0,0,0,0,42.3499439,-3.6653142,POINT(-3.6653142 42.3499439),,76,false,false,2026-05-01 22:02:19.164887 UTC,,false,false
ChIJrwUDUiX9RQ0RdlawHr2G6YI,La Villa Verde,90597,Burgos,,,36,Floristería,4.7,,46,0,0,0,0,0,42.344281,-3.7128263,POINT(-3.7128263 42.344281),,16,false,false,2026-05-01 22:02:19.164811 UTC,,false,false
ChIJ56BMRhjjRQ0ReTp95-DN4IE,Hello Nails - El Corte Inglés Parque Burgos,90597,Burgos,,,44,Hipermercado,4.8,,19,0,0,0,0,0,42.3185041,-3.7036078,POINT(-3.7036078 42.3185041),,10,false,false,2026-05-01 21:42:27.145052 UTC,,false,false
ChIJ57CdezH9RQ0RyekvIKGNVL8,Parrilla Bar Vuelta y Vuelta,90597,Burgos,,,73,Restaurante,3.7,,489,171,143,78,43,54,42.3594333,-3.6777924,POINT(-3.6777924 42.3594333),$,105,false,false,2026-05-06 11:39:25.883363 UTC,,false,false
ChIJbfBhC9T8RQ0R1i_KpvyQQc4,Bar Unsión - Burgos,90597,Burgos,,,73,Restaurante,4.2,,458,269,99,44,22,24,42.3381559,-3.6981408,POINT(-3.6981408 42.3381559),$,103,false,false,2026-05-06 11:39:25.883143 UTC,2026-06-15 23:20:17.849509 UTC,true,false
ChIJiTa2GBb9RQ0Rh08uQRSyjYQ,TALLERES A.R. AUTOMOCIÓN,90597,Burgos,,,103,Taller mecánico,4.7,,34,0,0,0,0,0,42.3507309,-3.6970733,POINT(-3.6970733 42.3507309),,1,false,false,2026-05-01 22:17:22.938681 UTC,,true,false
ChIJU0Or7E39RQ0RSW8StkF2pTE,ALIMENTACION Y LOCUTORIO PLAZA MAYOR,90597,Burgos,,,104,Tienda de alimentación,3.3,,16,0,0,0,0,0,42.3410733,-3.7023993,POINT(-3.7023993 42.3410733),,16,false,false,2026-05-01 21:50:11.958911 UTC,2026-06-17 20:32:25.240528 UTC,false,false
ChIJ0T6oyNv8RQ0RsBxqo9686Pc,Calzados Evolución,90597,Burgos,,,129,Zapatería,5.0,,16,0,0,0,0,0,42.3472957,-3.6968539,POINT(-3.6968539 42.3472957),,13,false,false,2026-05-01 22:12:35.290491 UTC,,false,false
ChIJJTgF2WP9RQ0RYhIGUoWK-Cw,ZAPSHOP Burgos,90597,Burgos,,,129,Zapatería,2.7,,22,0,0,0,0,0,42.341284,-3.700624,POINT(-3.700624 42.341284),,9,false,false,2026-05-01 22:12:35.290378 UTC,,false,false
ChIJCZdul4f9RQ0R8Ar-JwIEa8o,Parque Infantil Diego Leiva,90597,Burgos,"C. Mateo Cerezo, 6, 09002 Burgos, España",9002,204,Parque infantil,4.2,,6,0,0,0,0,0,42.339292,-3.6922522,POINT(-3.6922522 42.339292),,2,false,false,2026-06-18 20:24:01.781597 UTC,,true,true
ChIJRakmfDzjRQ0RLb8mJlAv2oc,Parque Infantil Público Municipal de Cortes.,90597,Burgos,"Calle Iglesia, 10, 09193 Cortes, Burgos, España",9193,204,Parque infantil,4.7,,3,2,1,0,0,0,42.3281297,-3.6649265,POINT(-3.6649265 42.3281297),,2,false,false,2026-06-18 20:24:04.408525 UTC,,true,true
ChIJR7a11wP9RQ0RhpSKOM5gHxo,Parque infantil S8-Fuentecillas,90597,Burgos,"Carr. Quintanadueñas, 1, 09003 Burgos, España",9003,204,Parque infantil,3.1,,10,1,3,4,0,2,42.3515114,-3.7128569,POINT(-3.7128569 42.3515114),,3,false,false,2026-06-18 20:24:01.801222 UTC,,true,true
ChIJYftxyKKaTw0RVPp2v9O_pAs,Bar Los Alpes,92194,Miranda de Ebro,"C. Cdad. de Toledo, 61, 09200 Miranda de Ebro, Burgos, España",9200,8,Bar,4.4,,55,38,8,4,1,4,42.6880715,-2.9469777,POINT(-2.9469777 42.6880715),$,3,false,false,2026-05-28 18:43:21.619975 UTC,2026-06-15 21:42:44.051385 UTC,false,false
ChIJFQfoibyaTw0R7B9QeTVjn8k,Bar Lusitano,92194,Miranda de Ebro,"C. Sta. Lucía, 18, 09200 Miranda de Ebro, Burgos, España",9200,8,Bar,4.3,,166,96,38,22,4,6,42.6852806,-2.9500313,POINT(-2.9500313 42.6852806),$,45,false,false,2026-05-28 18:42:47.863099 UTC,2026-06-15 21:43:48.078064 UTC,false,false
ChIJi9tIRKOaTw0RGrXq87Dgae0,Café Viena,92194,Miranda de Ebro,"C. San Agustín, 4, 09200 Miranda de Ebro, Burgos, España",9200,8,Bar,4.3,,206,107,69,25,4,1,42.6854787,-2.9469165,POINT(-2.9469165 42.6854787),$,72,false,false,2026-05-28 18:43:19.331804 UTC,2026-06-15 21:59:57.404454 UTC,false,false
ChIJj8X3TKOaTw0RgV-MR8FU_vU,Floristería Espacios Verdes,92194,Miranda de Ebro,"C. Saturnino Rubio, 3, 09200 Miranda de Ebro, Burgos, España",9200,36,Floristería,4.3,,69,37,20,9,1,2,42.6853663,-2.9470986,POINT(-2.9470986 42.6853663),,57,false,false,2026-06-16 01:34:22.211080 UTC,,false,false
ChIJ709LfbuaTw0RsDm6lK08EHE,Restaurante La Vasca en Miranda de Ebro.(Desde 1926).,92194,Miranda de Ebro,"C. del Olmo, 3, 09200 Miranda de Ebro, Burgos, España",9200,73,Restaurante,4.6,9.3072341180522926,1580,1186,282,64,19,29,42.6842607,-2.9492937,POINT(-2.9492937 42.6842607),€20-60,1244,false,false,2026-06-16 01:29:31.332690 UTC,2026-06-15 22:39:51.120010 UTC,false,false
ChIJbTBsdq6GTw0RWHijhE2QXaM,Restaurante Bodegón del Gurugú,92194,Miranda de Ebro,"Calle Dr. Fleming, 6, 09200 Miranda de Ebro, Burgos, España",9200,73,Restaurante,4.3,9.0498489511664957,521,0,0,0,0,0,42.6883263,-2.9445114,POINT(-2.9445114 42.6883263),€10-20,171,false,false,2026-05-28 18:42:40.103874 UTC,2026-06-15 22:38:05.625155 UTC,false,false
ChIJbfXXbKOaTw0Rvlp71Xe3Egg,Aceitunas y Conservas 🫒 Emi ( MARTINEZ/JARAS),92194,Miranda de Ebro,"Plaza de Abastos, ptos. 22 y 23, 09200 Miranda de Ebro, Burgos, España",9200,222,Tienda de artículos de hostelería,4.0,,4,3,0,0,0,1,42.6858198,-2.9454289,POINT(-2.9454289 42.6858198),,25,false,false,2026-06-16 01:34:22.211058 UTC,2026-06-04 19:23:00.799133 UTC,true,false
ChIJISjAJ6KaTw0RdOoA0eLIkjU,Expendeduria N9 Miranda de Ebro,92194,Miranda de Ebro,"C. Juan R. Jiménez, 7, 09200 Miranda de Ebro, Burgos, España",9200,246,Estanco,4.5,,12,9,2,0,0,1,42.6878513,-2.9426853,POINT(-2.9426853 42.6878513),,2,false,false,2026-06-16 01:33:02.002715 UTC,,true,false
ChIJLy9BMaCaTw0R1tdXU973-O0,POLLERIA CHARCUTERIA MARIA LUISA,92194,Miranda de Ebro,"C. Arenal, 111, 09200 Miranda de Ebro, Burgos, España",9200,258,Tienda de aves de corral,5.0,,1,1,0,0,0,0,42.6887339,-2.9396829,POINT(-2.9396829 42.6887339),,1,false,false,2026-06-16 01:35:15.917526 UTC,,true,false
ChIJ4y976aOaTw0R3_FI_gS3-kU,Electricidad Nieva SL,92194,Miranda de Ebro,"C. Alfonso VI, 44, 09200 Miranda de Ebro, Burgos, España",9200,279,Compañía eléctrica,4.7,,11,8,3,0,0,0,42.6855305,-2.9432252,POINT(-2.9432252 42.6855305),,32,false,false,2026-06-16 01:33:30.416350 UTC,,false,false
ChIJxa0AmaOaTw0RIuDXAL32Qrc,Ecomputer Miranda de Ebro,92194,Miranda de Ebro,"por Acceso a, Calle Arenal, Pl. Alfonso VI, 72, 74 Entrada, 09200 Miranda de Ebro, Burgos, España",9200,285,Soporte y servicios informáticos,4.7,,24,20,3,0,0,1,42.6857095,-2.9442827,POINT(-2.9442827 42.6857095),,1,false,false,2026-06-16 01:33:51.569743 UTC,,false,false
ChIJX5w1HcrFRQ0Rnmbd6WbuGNw,Casa Galín,91139,Covarrubias,"Pl. de Doña Urraca, 4, 09346 Covarrubias, Burgos, España",9346,73,Restaurante,4.3,8.1643070934744273,1527,0,0,0,0,0,42.0590412,-3.5201179,POINT(-3.5201179 42.0590412),$,1818,false,false,2026-07-02 00:38:47.021507 UTC,2026-07-01 23:03:25.162942 UTC,false,true
ChIJA5kumFfFRQ0RR0ugxTX86w8,ESTANCO Y ADMINISTRACIÓN DE LOTERÍAS,91139,Covarrubias,"C. de Monseñor Vargas, 2, 09346 Covarrubias, Burgos, España",9346,246,Estanco,4.3,7.2518358358118515,23,16,4,0,0,3,42.0592762,-3.5197806,POINT(-3.5197806 42.0592762),,23,false,false,2026-07-02 00:55:36.266378 UTC,2026-07-01 23:57:28.987000 UTC,false,false
ChIJ6RvK97j8RQ0RRWp_mYq9hR4,Carnicería Juez,90597,Burgos,,,19,Carnicería,4.8,,67,0,0,0,0,0,42.3475211,-3.6808326,POINT(-3.6808326 42.3475211),,1,false,false,2026-05-01 21:59:30.728227 UTC,,true,false
ChIJLXosC8P8RQ0RFrmxgq8nz_U,Carnicería Charcutería González,90597,Burgos,,,19,Carnicería,5.0,,12,0,0,0,0,0,42.3506445,-3.6903557,POINT(-3.6903557 42.3506445),,1,false,false,2026-05-01 21:59:30.728280 UTC,,true,false
ChIJQbGjl6T8RQ0RhYV5QyfeoF0,MIMATHE centro de medicina estética Burgos,90597,Burgos,,,22,Centro de estética,4.7,,443,0,0,0,0,0,42.3507389,-3.6703341,POINT(-3.6703341 42.3507389),,1391,false,false,2026-05-01 22:13:30.565759 UTC,,false,false
ChIJTYG_MHz9RQ0RSXwWPsDokS8,Farmacia óptica Vega Lda. M Pilar Tomás García,90597,Burgos,,,34,Farmacia,4.9,,46,0,0,0,0,0,42.3386596,-3.7024318,POINT(-3.7024318 42.3386596),,21,false,false,2026-05-07 20:26:46.758895 UTC,,false,false
ChIJYRvsdaT8RQ0R7yWKcWR10kw,A Luna Lunera,90597,Burgos,,,53,Juguetería,4.7,,304,0,0,0,0,0,42.3496812,-3.6674943,POINT(-3.6674943 42.3496812),,504,false,false,2026-05-01 22:02:39.908200 UTC,2026-06-17 20:31:27.782230 UTC,false,false
ChIJ05qWZEX9RQ0RSmlXMZUNURs,801 baked,90597,Burgos,,,66,Pastelería,4.9,9.798085833822066,16,0,0,0,0,0,42.3365792,-3.6992635,POINT(-3.6992635 42.3365792),,62,false,false,2026-05-01 22:06:04.858529 UTC,2026-06-17 20:31:01.711319 UTC,false,false
ChIJUbSX2Q79RQ0RY0WjCxyxYo0,Mohair Estilistas,90597,Burgos,,,67,Peluquería,5.0,,34,0,0,0,0,0,42.3436961,-3.7316488,POINT(-3.7316488 42.3436961),,1,false,false,2026-05-01 22:16:34.308403 UTC,,true,false
ChIJCZlQdNL8RQ0RtUkZdQpdv7Y,Peluquería y Estética Gloria,90597,Burgos,,,67,Peluquería,4.8,,120,0,0,0,0,0,42.3379817,-3.6939112,POINT(-3.6939112 42.3379817),,33,false,false,2026-05-01 22:16:34.308309 UTC,,false,false
ChIJoSeCYNTiRQ0RpDTmKz_BK1U,Pascual Brazuca,90597,Burgos,,,73,Restaurante,4.5,,2116,0,0,0,0,0,42.3314714,-3.7068628,POINT(-3.7068628 42.3314714),€10-20,743,false,false,2026-05-06 11:39:06.088384 UTC,,false,false
ChIJ07oi8db9RQ0Rw4fKzvjeRWM,Dellid0g,90597,Burgos,,,81,Restaurante de comida rápida,4.5,,83,69,3,3,1,7,42.3428406,-3.7018101,POINT(-3.7018101 42.3428406),,92,false,false,2026-05-06 11:39:23.166342 UTC,,false,false
ChIJS2BM2yn9RQ0RtstAjQ0gFlc,Tienda de Alimentación Sandro,90597,Burgos,,,104,Tienda de alimentación,3.8,,197,0,0,0,0,0,42.3406843,-3.703415,POINT(-3.703415 42.3406843),,132,false,false,2026-05-01 21:50:11.958831 UTC,,true,false
ChIJ1VkhJ9r8RQ0Reg13mddxAFM,Regalos Gallo,90597,Burgos,,,123,Tienda de regalos,4.4,,50,0,0,0,0,0,42.3507573,-3.6697852,POINT(-3.6697852 42.3507573),,59,false,false,2026-05-01 22:10:28.137216 UTC,,false,false
ChIJlXmRzwD9RQ0RlEXwcKlVbkg,Calzados URREA,90597,Burgos,,,129,Zapatería,4.5,,15,0,0,0,0,0,42.3412122,-3.7010965,POINT(-3.7010965 42.3412122),,20,false,false,2026-05-01 22:12:35.290565 UTC,,false,false
ChIJd4vEyKb9RQ0Ru5KbFtTi954,Parque infantil Pessac I - Ribera del Vena,90597,Burgos,"C. de Pessac, 52, 09006 Burgos, España",9006,204,Parque infantil,4.5,,2,0,0,0,0,0,42.3587827,-3.6745848,POINT(-3.6745848 42.3587827),,7,false,false,2026-06-18 20:24:01.766824 UTC,,true,true
ChIJgVLcBrbFRQ0RjFPHS4Tw6eQ,Pastelería Raquel,91139,Covarrubias,"Pl. del Obispo Peña, 4, 09346 Covarrubias, Burgos, España",9346,63,Panadería,4.4,8.0284194173679371,93,63,16,7,1,6,42.0586219,-3.5211353,POINT(-3.5211353 42.0586219),€1-10,25,false,false,2026-07-02 00:38:26.394501 UTC,2026-07-01 23:50:01.012345 UTC,true,false
ChIJO6w9laSaTw0RjrAtqKfmayY,Bar Ozono,92194,Miranda de Ebro,"C. Condado de Treviño, 13, 09200 Miranda de Ebro, Burgos, España",9200,8,Bar,3.9,,89,42,21,11,3,12,42.6833041,-2.9462541,POINT(-2.9462541 42.6833041),$,13,false,false,2026-05-28 18:43:23.394168 UTC,2026-06-15 21:44:19.397945 UTC,true,false
ChIJszi9TqCaTw0RfyCBCR-W2zc,Bar Tolo's,92194,Miranda de Ebro,"C. Alfonso VI, 75, 09200 Miranda de Ebro, Burgos, España",9200,8,Bar,4.2,,20,13,2,2,1,2,42.6879412,-2.9397614,POINT(-2.9397614 42.6879412),,1,false,false,2026-05-28 18:43:08.381475 UTC,2026-06-15 21:46:15.194351 UTC,true,false
ChIJUfRsj6KaTw0R086lxpFb_bE,BAR CONVI,92194,Miranda de Ebro,"C. Rda. del Ferrocarril, 57, 09200 Miranda de Ebro, Burgos, España",9200,9,Bar de tapas,4.3,,62,40,7,9,4,2,42.6890414,-2.9449072,POINT(-2.9449072 42.6890414),$,45,false,false,2026-05-28 18:42:42.082747 UTC,2026-06-15 21:30:42.197915 UTC,true,false
ChIJJ5JdscqbTw0ReVHQPX32wDg,Cafetería pastelería Tres Tartas miranda de ebro,92194,Miranda de Ebro,"Pl. Alfonso VI, 7, bajo, 09200 Miranda de Ebro, Burgos, España",9200,17,Cafetería,4.5,9.0234192926436663,2,1,1,0,0,0,42.6856157,-2.9441916,POINT(-2.9441916 42.6856157),,37,false,false,2026-06-16 01:33:51.570084 UTC,2026-06-15 21:57:02.530730 UTC,false,false
ChIJnWaFLE6bTw0Rz5xAc5aG8is,Moda Traviesa,92194,Miranda de Ebro,"C. Ramón y Cajal, 1, 09200 Miranda de Ebro, Burgos, España",9200,27,Comercio,5.0,,1,1,0,0,0,0,42.6854575,-2.9465139,POINT(-2.9465139 42.6854575),,9,false,false,2026-06-16 01:34:48.998061 UTC,,false,false
ChIJ5USRLgCbTw0Rq5sjw1MVOVA,Carnicería Mariló,92194,Miranda de Ebro,"C. Ramón y Cajal, 21, 09200 Miranda de Ebro, Burgos, España",9200,27,Comercio,5.0,,1,1,0,0,0,0,42.6864524,-2.9449724,POINT(-2.9449724 42.6864524),,3,false,false,2026-06-16 01:34:22.210968 UTC,,true,false
ChIJaxjONaOaTw0RU2YIua24__U,"Farmacia ""Begoña Gutiérrez Ordaz""",92194,Miranda de Ebro,,,34,Farmacia,4.2,,17,12,2,0,0,3,42.6859272,-2.9473663,POINT(-2.9473663 42.6859272),,5,false,false,2026-06-16 01:34:47.206122 UTC,2026-06-15 22:12:15.837919 UTC,false,false
ChIJb4NtJuObTw0RTC8V_M2JY8c,Restaurante Nuevo Ebro,92194,Miranda de Ebro,"C. San Juan, 3, 09200 Miranda de Ebro, Burgos, España",9200,73,Restaurante,4.1,,26,0,0,0,0,0,42.6835676,-2.952608,POINT(-2.952608 42.6835676),€1-10,23,false,false,2026-05-28 18:42:43.943607 UTC,2026-06-15 22:41:24.207247 UTC,false,false
ChIJPwiHXwCbTw0ReT7SQps53Bw,Domino's Pizza,92194,Miranda de Ebro,"C. Rda. del Ferrocarril, 26, 09200 Miranda de Ebro, Burgos, España",9200,73,Restaurante,3.4,7.9434305162867531,226,111,23,14,6,72,42.6883273,-2.9458135,POINT(-2.9458135 42.6883273),$,84,false,false,2026-05-28 18:42:42.083535 UTC,2026-06-15 22:07:44.791808 UTC,false,false
ChIJJ1eHdaSaTw0Rp5n40SEd7Zc,ORTOPEDIA MIRANDA 🦽,92194,Miranda de Ebro,,,109,Tienda de artículos ortopédicos,4.9,,40,0,0,0,0,0,42.6843566,-2.9445376,POINT(-2.9445376 42.6843566),,30,false,false,2026-05-07 20:57:49.446761 UTC,2026-06-15 22:30:44.538241 UTC,false,false
ChIJmeOxqKGaTw0RVfjM9rbZBDQ,Iturralde & Barron S.L,92194,Miranda de Ebro,"C. Concepción Arenal, 22, 09200 Miranda de Ebro, Burgos, España",9200,111,Tienda de artículos para el hogar,5.0,,1,1,0,0,0,0,42.6875041,-2.9409252,POINT(-2.9409252 42.6875041),,1,false,false,2026-06-16 01:34:45.367524 UTC,,true,false
ChIJ6SRPQbyaTw0Rcl4ZsKnmvWQ,Centermant SL,92194,Miranda de Ebro,,,198,Tienda de artículos de fontanería,3.7,8.17281696293503,13,8,0,1,1,3,42.684666,-2.9508016,POINT(-2.9508016 42.684666),,16,false,false,2026-06-16 01:34:10.705352 UTC,2026-06-15 22:05:21.230144 UTC,true,false
ChIJsUyW93KRTw0R66wNHJqCiAE,Seur Almacén TIR Aduana. Miranda de Ebro,92194,Miranda de Ebro,"09219 Miranda de Ebro, Burgos, España",9219,237,Almacén,2.8,,60,21,6,2,2,29,42.6614233,-2.9180107,POINT(-2.9180107 42.6614233),,22,false,false,2026-06-16 01:29:42.753239 UTC,,true,false
ChIJkb8WQ7yaTw0RC2SUNijEK8o,Rucai 24h Sl 🪠,92194,Miranda de Ebro,"C. Sta. Lucía, 32, 09200 Miranda de Ebro, Burgos, España",9200,257,Fontanero,4.1,,45,32,3,0,1,9,42.6857847,-2.9505658,POINT(-2.9505658 42.6857847),,6,false,false,2026-06-16 01:34:45.367928 UTC,,false,false
ChIJoalHmLSbTw0R_gsIzX2QeTU,EBRO SPORT,92194,Miranda de Ebro,"C. La Estación, 45, 09200 Miranda de Ebro, Burgos, España",9200,320,Tienda de equipamiento y ropa para actividades al aire libre,3.7,,3,2,0,0,0,1,42.6894224,-2.94169,POINT(-2.94169 42.6894224),,8,false,false,2026-06-16 01:35:32.369437 UTC,,true,false
ChIJU9U7jRObRQ0RGx08PhsNNu4,BAR RESTAURANTE PRADO,92740,Pradoluengo,"C. Crotido de Simón, 09260 Pradoluengo, Burgos, España",9260,10,Bar restaurante,0.0,,0,0,0,0,0,0,42.3241643,-3.2017708,POINT(-3.2017708 42.3241643),,1,false,false,2026-05-31 02:54:53.310459 UTC,2026-06-15 20:14:10.257693 UTC,true,false
ChIJG5jjfyubRQ0RjC8WpCmq7QI,Fuente Lobos,92740,Pradoluengo,"09260, Burgos, España",9260,211,Fuente de agua potable,0.0,,0,0,0,0,0,0,42.3055377,-3.2077013,POINT(-3.2077013 42.3055377),,0,false,true,2026-05-31 02:45:02.082503 UTC,2026-06-15 20:25:33.214764 UTC,true,false
ChIJ4wf_qGabRQ0RQsFJ_7vXWjk,Ermita de San Bartolomé de Ordunte,92740,Pradoluengo,"Diseminado Diseminados, 51, 09260 Pradoluengo, Burgos, España",9260,233,Destino religioso,4.8,,4,0,0,0,0,0,42.3358013,-3.2028499,POINT(-3.2028499 42.3358013),,3,false,false,2026-05-31 03:01:57.912932 UTC,2026-06-15 20:23:56.790845 UTC,true,false
ChIJbdjeiqL8RQ0R6tv6eY5dPsQ,Restaurante Picasso,90597,Burgos,,,10,Bar restaurante,3.5,,1674,0,0,0,0,0,42.3492203,-3.6816593,POINT(-3.6816593 42.3492203),€10-20,581,false,false,2026-05-06 11:38:42.252859 UTC,,false,false
ChIJ7T0HHdD8RQ0RBWHYGpnMKmU,Lavamac Burgos,90597,Burgos,,,55,Lavandería de autoservicio,4.1,,67,0,0,0,0,0,42.343686,-3.692413,POINT(-3.692413 42.343686),,36,false,false,2026-05-01 22:15:49.323904 UTC,,false,false
ChIJq6p6ttT8RQ0RbXVEaKgBNus,Peluquería Patricia Crespo estilista,90597,Burgos,,,67,Peluquería,4.5,,91,0,0,0,0,0,42.3342012,-3.6990558,POINT(-3.6990558 42.3342012),,29,false,false,2026-05-01 22:16:34.308341 UTC,,false,false
ChIJc8UBuCr9RQ0RYhFnewar2GE,Restaurante El Mítico,90597,Burgos,,,73,Restaurante,4.1,,530,326,71,37,26,70,42.3408748,-3.7013958,POINT(-3.7013958 42.3408748),$$,239,false,false,2026-05-06 11:39:06.088402 UTC,,false,false
ChIJ-7NwyuX8RQ0RqB-lDxVB1aE,McDonald's,90597,Burgos,,,81,Restaurante de comida rápida,3.4,,1912,597,435,348,153,379,42.359759,-3.69452,POINT(-3.69452 42.359759),$,457,false,false,2026-05-06 11:39:38.611971 UTC,,false,false
ChIJ40FGkb_8RQ0RHtirdmwN0oA,Alcampo,90597,Burgos,,,99,Supermercado,3.9,7.8005611654794356,1540,616,471,242,53,158,42.3496649,-3.6816452,POINT(-3.6816452 42.3496649),,314,false,false,2026-05-07 20:27:03.708193 UTC,2026-06-15 23:03:11.473155 UTC,false,false
ChIJVdlpK8P8RQ0Rt0lKL409Tjw,Alimentación Panadería Jesús,90597,Burgos,,,104,Tienda de alimentación,4.7,,15,0,0,0,0,0,42.3514775,-3.6926604,POINT(-3.6926604 42.3514775),,16,false,false,2026-05-01 21:50:13.507416 UTC,2026-06-15 23:08:02.360458 UTC,false,false
ChIJew_0NaP8RQ0RbqrpxXkWBT8,Mi Casa Burgos,90597,Burgos,,,111,Tienda de artículos para el hogar,4.9,,69,0,0,0,0,0,42.3513566,-3.6722847,POINT(-3.6722847 42.3513566),,39,false,false,2026-05-01 22:08:14.364055 UTC,,false,false
ChIJnXA3v9f8RQ0RKF-yWIxJ7Qo,TADEVAL Regalos Burgos,90597,Burgos,,,123,Tienda de regalos,4.6,,21,0,0,0,0,0,42.3425523,-3.7015112,POINT(-3.7015112 42.3425523),,41,false,false,2026-05-01 22:10:28.137405 UTC,,false,false
ChIJPUGxnaT8RQ0RyRC1MdjBfts,Pk2 Regalos,90597,Burgos,,,123,Tienda de regalos,4.4,,149,0,0,0,0,0,42.3497483,-3.6707218,POINT(-3.6707218 42.3497483),,27,false,false,2026-05-01 22:10:28.137331 UTC,,false,false
ChIJ-8TjhRf9RQ0R5-TBnU3fT-8,LaSuitte Burgos,90597,Burgos,,,126,Tienda de ropa de mujer,4.7,,78,0,0,0,0,0,42.3501241,-3.6659323,POINT(-3.6659323 42.3501241),,26,false,false,2026-05-01 22:11:49.760968 UTC,,false,false
ChIJZ0thh5T8RQ0RWh5shbyxAe8,Opticalia Burgos (G3-Villímar),90597,Burgos,,,130,Óptica,4.7,,44,0,0,0,0,0,42.3592525,-3.680083,POINT(-3.680083 42.3592525),,32,false,false,2026-05-01 22:18:09.002370 UTC,,false,false
ChIJQ4PWRLPFRQ0RCxCRo4P8wyE,Plaza de Doña Sancha - Torreón,91139,Covarrubias,"Pl. de Doña Sancha, 09346 Covarrubias, Burgos, España",9346,177,Lugar de interés histórico,4.8,9.1392755134341623,8,0,0,0,0,0,42.0587539,-3.5199011,POINT(-3.5199011 42.0587539),,27,false,false,2026-07-02 00:45:36.019491 UTC,2026-07-02 00:03:18.817271 UTC,true,false
ChIJXdaF-MnFRQ0RQP-d1sEZmik,Plaza de doña Urraca,91139,Covarrubias,"Pl. de Doña Urraca, 09346 Covarrubias, Burgos, España",9346,177,Lugar de interés histórico,4.7,9.50650871839025,37,0,0,0,0,0,42.0591363,-3.5200888,POINT(-3.5200888 42.0591363),,347,false,false,2026-07-02 00:45:36.019448 UTC,2026-07-01 23:54:57.364780 UTC,true,true
ChIJFdVn96GaTw0R3X_vK6gTaG8,Bar Zen,92194,Miranda de Ebro,"C. La Estación, 70, 09200 Miranda de Ebro, Burgos, España",9200,8,Bar,4.3,,873,452,283,95,13,30,42.6886713,-2.9422274,POINT(-2.9422274 42.6886713),$,201,false,false,2026-05-28 18:42:42.083119 UTC,2026-06-15 21:47:40.703712 UTC,false,false
ChIJk6craACbTw0Rl1azSsl2Tjg,La Peregrina,92194,Miranda de Ebro,"C. La Estación, 84, 09200 Miranda de Ebro, Burgos, España",9200,17,Cafetería,4.1,4.3115824019769207,14,11,0,0,0,3,42.6894899,-2.9410201,POINT(-2.9410201 42.6894899),,17,false,false,2026-06-16 01:35:21.332809 UTC,2026-06-15 22:25:27.792241 UTC,false,false
ChIJ6Q5b_qOaTw0RUONkFZc4S-U,María Ángeles Conde Fernández,92194,Miranda de Ebro,"C. del Cid, 20, 09200 Miranda de Ebro, Burgos, España",9200,22,Centro de estética,4.5,,17,14,1,0,1,1,42.6847935,-2.9430523,POINT(-2.9430523 42.6847935),,1,false,false,2026-06-16 01:35:56.662482 UTC,,true,false
ChIJqScwnLyaTw0RbpnBsV05Erk,Ferretería URBIZTONDO,92194,Miranda de Ebro,,,35,Ferretería,3.8,,64,33,12,7,0,12,42.6846176,-2.9490975,POINT(-2.9490975 42.6846176),,16,false,false,2026-06-16 01:34:22.210991 UTC,2026-06-15 22:15:47.562521 UTC,true,false
ChIJsfZMq2ObTw0R5PQB0vk29-4,LA HELADERÍA Carte D'or,92194,Miranda de Ebro,"C. La Estación, 32, 09200 Miranda de Ebro, Burgos, España",9200,42,Heladería,5.0,,1,1,0,0,0,0,42.6871247,-2.9448303,POINT(-2.9448303 42.6871247),,35,false,false,2026-06-16 01:35:35.957138 UTC,2026-06-15 22:21:23.771713 UTC,false,false
ChIJeTxVYp-aTw0Ri-tTz2C6VGM,Iraipe Achuri Hotel,92194,Miranda de Ebro,"C. La Estación, 86, 09200 Miranda de Ebro, Burgos, España",9200,47,Hotel,3.3,5.2851943057030439,335,82,90,67,23,73,42.6895323,-2.9408175,POINT(-2.9408175 42.6895323),,103,false,false,2026-05-28 18:42:42.083250 UTC,2026-06-15 22:19:09.041562 UTC,false,false
ChIJPVz1_PGbTw0R7ULsKDXmJnQ,Restaurante Kresta Street Food,92194,Miranda de Ebro,"C. la Charca, 10, 09200 Miranda de Ebro, Burgos, España",9200,73,Restaurante,4.5,4.7031034543761052,240,171,43,6,6,14,42.6892136,-2.9396424,POINT(-2.9396424 42.6892136),$$,221,false,false,2026-05-28 18:42:42.070448 UTC,2026-06-15 22:39:15.577130 UTC,false,false
ChIJp6APIQCbTw0RWOIUYasHlc8,Zaruma Restaurant,92194,Miranda de Ebro,"C. la Charca, 4, 09200 Miranda de Ebro, Burgos, España",9200,73,Restaurante,4.6,9.1852415264584124,139,0,0,0,0,0,42.6901334,-2.9399368,POINT(-2.9399368 42.6901334),€10-20,130,false,false,2026-05-28 18:42:37.536795 UTC,2026-06-15 22:49:13.285462 UTC,false,false
ChIJ2S6G5PCbTw0RIKMOzOiL0es,Acero,92194,Miranda de Ebro,"C. Cdad. de Haro, 2, 09200 Miranda de Ebro, Burgos, España",9200,73,Restaurante,4.3,8.734175887696134,468,299,86,43,14,26,42.6892965,-2.9421519,POINT(-2.9421519 42.6892965),$,255,false,false,2026-05-28 18:42:42.070517 UTC,2026-06-15 21:26:54.374574 UTC,false,false
ChIJAQCMx6OaTw0R02NEjuMT3KU,TEDi Comercio S.L.U.,92194,Miranda de Ebro,"C. Arenal, 71, 09200 Miranda de Ebro, Burgos, España",9200,111,Tienda de artículos para el hogar,3.9,,354,153,95,64,16,26,42.6863431,-2.9437458,POINT(-2.9437458 42.6863431),,14,false,false,2026-06-16 01:34:20.168911 UTC,,false,false
ChIJ9585yU6bTw0R2OcD_k3mF0Y,Mafer boutique,92194,Miranda de Ebro,"C. San Agustín, 29, 09200 Miranda de Ebro, Burgos, España",9200,124,Tienda de ropa,5.0,,1,1,0,0,0,0,42.6841106,-2.9454053,POINT(-2.9454053 42.6841106),,10,false,false,2026-06-16 01:35:53.036549 UTC,,false,false
ChIJ0Y66LQmbTw0RYsT4eAt2OIE,Global Mujer,92194,Miranda de Ebro,"Av. Comuneros de Castilla, 4, bajo, 09200 Miranda de Ebro, Burgos, España",9200,126,Tienda de ropa de mujer,4.9,,15,14,1,0,0,0,42.6875005,-2.943936,POINT(-2.943936 42.6875005),,15,false,false,2026-06-16 01:34:22.211213 UTC,,false,false
ChIJMe4bz2ybTw0R90oDMojfWKs,Stradivarius,92194,Miranda de Ebro,"C. La Estación, 37, 09200 Miranda de Ebro, Burgos, España",9200,126,Tienda de ropa de mujer,4.3,,264,143,78,29,6,8,42.688299,-2.94325,POINT(-2.94325 42.688299),,16,false,false,2026-06-16 01:32:43.637036 UTC,,false,false
ChIJ7TgzGrqaTw0Rb0Q0xKyZ_iQ,Vintage Spain,92194,Miranda de Ebro,"C. Almacenes, 5, 4D, 09200 Miranda de Ebro, Burgos, España",9200,225,Agencia de viajes,5.0,,7,7,0,0,0,0,42.6857863,-2.948092,POINT(-2.948092 42.6857863),,6,false,false,2026-05-28 18:43:21.619647 UTC,2026-06-15 22:48:09.153531 UTC,false,false
ChIJ6YoQsh2bTw0RbenWPmHOkXU,Estanco antes parte vieja,92194,Miranda de Ebro,"C. Arenal, 82, 09200 Miranda de Ebro, Burgos, España",9200,246,Estanco,3.9,,10,7,0,0,1,2,42.6864835,-2.9431446,POINT(-2.9431446 42.6864835),,1,false,false,2026-06-16 01:33:42.541985 UTC,,true,false
ChIJN6-HSVWbTw0RI7ODnOjKt1c,Iberdrola Clientes,92194,Miranda de Ebro,"C. Ramón y Cajal, 67, 09200 Miranda de Ebro, Burgos, España",9200,279,Compañía eléctrica,4.7,,86,74,6,0,1,5,42.68856,-2.94139,POINT(-2.94139 42.68856),,17,false,false,2026-06-16 01:35:06.316828 UTC,,false,false
ChIJBWnldKSaTw0RA_Ci1SNKyig,MRW 📦,92194,Miranda de Ebro,"C. Logroño, 55, 09200 Miranda de Ebro, Burgos, España",9200,318,Servicio de mensajería,3.9,,109,64,13,8,0,24,42.6874052,-2.9364679,POINT(-2.9364679 42.6874052),,7,false,false,2026-06-16 01:35:21.332757 UTC,,false,false
ChIJO9fWeRSbRQ0Rwv8sTMOebJg,Hotel Rural Casa Barría,92740,Pradoluengo,"C. Gonzalo Arenal, 1, 09260 Pradoluengo, Burgos, España",9260,47,Hotel,4.6,,140,0,0,0,0,0,42.3249201,-3.2010939,POINT(-3.2010939 42.3249201),,148,true,false,2026-05-31 02:53:31.859396 UTC,2026-06-15 20:27:32.109959 UTC,false,false
ChIJkUL4Ser9RQ0RFkEG8dmYIpw,The Garrison Bar,90597,Burgos,,,8,Bar,4.5,,42,30,4,6,1,1,42.3425777,-3.7031326,POINT(-3.7031326 42.3425777),,29,false,false,2026-05-06 11:39:23.166410 UTC,,false,false
ChIJm9F_vNf8RQ0RRd2sQJHTNDA,El Pez de San Lorenzo,90597,Burgos,,,9,Bar de tapas,4.4,,1765,1101,456,132,26,50,42.342603,-3.7011978,POINT(-3.7011978 42.342603),$,731,false,false,2026-05-06 11:39:00.966251 UTC,,false,false
ChIJ-YKZEjH9RQ0RUpNrK6nlK3Y,"Bar ""Al Éxito""",90597,Burgos,,,10,Bar restaurante,4.6,7.7837067125365138,115,93,13,1,2,6,42.355306,-3.6777984,POINT(-3.6777984 42.355306),,48,false,false,2026-05-06 11:39:25.883337 UTC,2026-06-15 23:14:11.528235 UTC,false,false
ChIJnaGLEqr9RQ0RFVi-eK7iAOc,Aldaba Café Bar,90597,Burgos,,,17,Cafetería,4.0,8.4896961686899886,287,137,78,32,11,29,42.3437287,-3.687861,POINT(-3.687861 42.3437287),,80,false,false,2026-05-06 11:39:21.810365 UTC,2026-06-15 23:05:44.442819 UTC,false,false
ChIJsWarK9b8RQ0RI6Vl2CddF7s,100 Montaditos,90597,Burgos,,,23,Cervecería,3.4,5.5304748507915065,1730,550,405,313,132,330,42.3413162,-3.7027812,POINT(-3.7027812 42.3413162),$,459,false,false,2026-05-06 11:39:21.810465 UTC,2026-06-17 20:30:31.485688 UTC,false,false
ChIJzeqps8j8RQ0Rpg0rnObw4C0,Alimentación José María,90597,Burgos,,,27,Comercio,4.5,,31,0,0,0,0,0,42.3438344,-3.6876208,POINT(-3.6876208 42.3438344),,11,false,false,2026-05-01 21:50:11.958755 UTC,2026-06-15 23:07:32.313095 UTC,false,false
ChIJARrxZtz8RQ0RT4rfhgnbFy8,Clínica Dental Doctoras Franco Varas,90597,Burgos,,,30,Dentista,4.4,,120,0,0,0,0,0,42.3491463,-3.6962191,POINT(-3.6962191 42.3491463),,23,false,false,2026-05-01 22:14:19.230909 UTC,,false,false
ChIJO-wv9rj8RQ0RHjQqxGvxW2Q,Farmacia Farmaferoles,90597,Burgos,,,34,Farmacia,2.3,,16468,0,0,0,0,0,42.347247,-3.6808864,POINT(-3.6808864 42.347247),,705,false,false,2026-05-07 20:26:46.758510 UTC,2026-06-18 19:39:00.899685 UTC,false,false
ChIJg7XB_NT8RQ0R1V-tmoYaN_c,Farmacia Alonso Gómez,90597,Burgos,,,34,Farmacia,2.9,,29,13,1,0,0,15,42.3362332,-3.7000259,POINT(-3.7000259 42.3362332),,3,false,false,2026-05-07 20:26:48.259734 UTC,,true,false
ChIJs1yTCgn9RQ0RMq9qx4IrK3A,Coín Factory Wash,90597,Burgos,,,55,Lavandería de autoservicio,4.7,,17,0,0,0,0,0,42.34442,-3.72465,POINT(-3.72465 42.34442),,19,false,false,2026-05-01 22:15:49.324025 UTC,,false,false
ChIJKagD0ub9RQ0RkUs3ao634TA,"TAKE 2.0 Restaurante Burgos | Menú del Día, Cenas de Empresa y Eventos",90597,Burgos,,,73,Restaurante,4.5,,506,0,0,0,0,0,42.3504826,-3.694157,POINT(-3.694157 42.3504826),€10-20,223,false,false,2026-05-06 11:38:40.829623 UTC,,false,false
ChIJmVSi5LX9RQ0RD0F-AvNmTmU,Danerian's,90597,Burgos,,,79,Restaurante de cocina sudamericana,3.7,,76,43,10,0,6,17,42.3371759,-3.7016728,POINT(-3.7016728 42.3371759),,31,false,false,2026-05-06 11:39:40.048885 UTC,,false,false
ChIJe0u69NP8RQ0RF71f3TjJKls,Ratatouille,90597,Burgos,,,80,Restaurante de comida para llevar,4.4,,62,0,0,0,0,0,42.3381254,-3.6975449,POINT(-3.6975449 42.3381254),€10-20,71,false,false,2026-05-01 21:51:57.110554 UTC,,false,false
ChIJi8Y8rgL9RQ0RE8JOzI4QMjk,Restaurante El Palco - Burgos,90597,Burgos,,,88,Restaurante familiar,4.0,,74,0,0,0,0,0,42.3457662,-3.6834029,POINT(-3.6834029 42.3457662),€10-20,42,false,false,2026-05-06 11:38:42.252680 UTC,,false,false
ChIJxXrjytD8RQ0RCM54L0oxYp0,Mamataco,90597,Burgos,,,95,Restaurante mexicano,4.1,,1767,907,459,238,75,88,42.3428807,-3.6977229,POINT(-3.6977229 42.3428807),$,557,false,false,2026-05-06 11:39:21.810444 UTC,,false,false
ChIJd-_Csrj8RQ0RDkROClgJLi8,Centro Comercial Camino de la Plata,90597,Burgos,,,99,Supermercado,4.1,,7064,2965,2419,1173,243,264,42.3492362,-3.6819008,POINT(-3.6819008 42.3492362),,1400,false,false,2026-05-07 20:27:10.879727 UTC,,false,false
ChIJCSNCXtz8RQ0Rt7gqJ0dHQV4,Técnico de Salud - Ortopedia CEMASA,90597,Burgos,,,119,Tienda de material sanitario,3.9,,18,13,0,0,1,4,42.350542,-3.6954871,POINT(-3.6954871 42.350542),,11,false,false,2026-05-07 20:27:06.495416 UTC,,false,false
ChIJK3YgYtr8RQ0RAszjC7oc03g,Óptica de Burgos,90597,Burgos,,,130,Óptica,4.8,,75,0,0,0,0,0,42.3451696,-3.6952869,POINT(-3.6952869 42.3451696),,29,false,false,2026-05-01 22:18:09.002092 UTC,,false,false
ChIJs-VqFwD7RQ0RsZuQKNXIHC4,Parque infantil,90597,Burgos,"C. Amadís De Gaula, 09006 Burgos, España",9006,204,Parque infantil,0.0,,0,0,0,0,0,0,42.3669111,-3.6566294,POINT(-3.6566294 42.3669111),,1,false,false,2026-06-18 20:24:04.439336 UTC,,true,true
ChIJmcwhYyD9RQ0Rdqq2d7cMvQ4,Plaza Ingeniero Luis María Arce,90597,Burgos,"C. Sta. Dorotea, 9, 09001 Burgos, España",9001,204,Parque infantil,4.0,,1,0,1,0,0,0,42.3343891,-3.7031225,POINT(-3.7031225 42.3343891),,9,false,false,2026-06-18 20:24:01.900745 UTC,,true,true
ChIJrag08BvjRQ0RuChVLdOHr2E,Parque de cuerdas Hangar,90597,Burgos,"C. San Pedro y San Felices, 52, 1-A, 09001 Burgos, España",9001,204,Parque infantil,3.0,,1,0,0,1,0,0,42.3316766,-3.7096922,POINT(-3.7096922 42.3316766),,6,false,false,2026-06-18 20:24:01.889649 UTC,,true,true
ChIJsZ8CnAqQTw0RQd5nkjrcqKM,Bar cafetería IRIS,92194,Miranda de Ebro,"C. de las Conchas, 2, 09200 Miranda de Ebro, Burgos, España",9200,8,Bar,4.3,,226,127,61,25,2,11,42.6878895,-2.9373236,POINT(-2.9373236 42.6878895),$,42,false,false,2026-05-28 18:42:42.083291 UTC,2026-06-15 21:47:56.604749 UTC,false,false
ChIJo8HombyaTw0RFu2aVPqevOo,Café Bar Milán,92194,Miranda de Ebro,"C. Gregorio Solabarrieta, 3, 09200 Miranda de Ebro, Burgos, España",9200,17,Cafetería,4.5,,454,289,119,31,6,9,42.685,-2.9491667,POINT(-2.9491667 42.685),$,49,false,false,2026-06-16 01:33:44.347805 UTC,2026-06-15 21:57:32.158469 UTC,false,false
ChIJdZPE0qOaTw0RaHc3UQeFP-U,Cafetería Mozart,92194,Miranda de Ebro,"Av. Comuneros de Castilla, 9, 09200 Miranda de Ebro, Burgos, España",9200,17,Cafetería,4.8,9.6939112143591046,279,229,40,7,1,2,42.6870544,-2.9430052,POINT(-2.9430052 42.6870544),$,33,false,false,2026-06-16 01:34:24.196490 UTC,2026-06-15 21:54:16.586041 UTC,true,false
ChIJ16XxvaGaTw0Rtl2LLiL3Rpg,Guero's,92194,Miranda de Ebro,"C. Concepción Arenal, 14, 09200 Miranda de Ebro, Burgos, España",9200,27,Comercio,4.8,,15,12,3,0,0,0,42.6879376,-2.9412903,POINT(-2.9412903 42.6879376),,1,false,false,2026-06-16 01:33:30.416395 UTC,,true,false
ChIJcdd8v6KaTw0R53krIU2O8x8,Farmacia Sandra Torrecilla San Millán,92194,Miranda de Ebro,,,34,Farmacia,4.2,,17,0,0,0,0,0,42.6882905,-2.9463483,POINT(-2.9463483 42.6882905),,6,false,false,2026-05-07 20:57:47.966196 UTC,2026-06-15 22:14:49.717131 UTC,false,false
ChIJh19l2EmbTw0Rk5BpiVghDec,Frutería Pilar Cortés 🍉🥦,92194,Miranda de Ebro,"C. Concepción Arenal, 09200 Miranda de Ebro, Burgos, España",9200,37,Frutería,0.0,,0,0,0,0,0,0,42.685719,-2.9454064,POINT(-2.9454064 42.685719),,4,false,false,2026-06-16 01:34:50.973637 UTC,,false,false
ChIJLxAeDkqbTw0R8EP0Up1zXmk,Panadería La casa del jamón,92194,Miranda de Ebro,"C. Condado de Treviño, 73a, 09200 Miranda de Ebro, Burgos, España",9200,63,Panadería,4.2,,54,28,15,7,1,3,42.6870321,-2.9400112,POINT(-2.9400112 42.6870321),,4,false,false,2026-06-16 01:35:06.316773 UTC,,true,false
ChIJhyfSQrqbTw0RBt6Kj2CDfVc,Bar Disco pub caney,92194,Miranda de Ebro,"C. Juan R. Jiménez, 6, 09200 Miranda de Ebro, Burgos, España",9200,71,Pub,4.3,,71,46,13,3,3,6,42.6878279,-2.9430772,POINT(-2.9430772 42.6878279),,7,false,false,2026-05-28 18:42:42.083271 UTC,2026-06-15 21:36:48.268443 UTC,false,false
ChIJfxCIY6OaTw0RofzvGYg0An0,MIRANDAGREMIOS,92194,Miranda de Ebro,"C. Arenal, 35, Bjo, 09200 Miranda de Ebro, Burgos, España",9200,72,Reformas,3.1,,31,15,1,0,1,14,42.68446,-2.94701,POINT(-2.94701 42.68446),,1,false,false,2026-05-28 18:43:08.381775 UTC,2026-06-15 22:27:40.643376 UTC,false,false
ChIJ08bLQ4abTw0RUAG-sK0BaOM,Ömma espacio gastro,92194,Miranda de Ebro,"C. Abastos, 1, 09200 Miranda de Ebro, Burgos, España",9200,73,Restaurante,0.0,,0,0,0,0,0,0,42.6856609,-2.9456098,POINT(-2.9456098 42.6856609),,4,true,false,2026-05-28 18:42:42.082871 UTC,2026-06-15 22:49:27.329211 UTC,false,false
ChIJKZdQxJObTw0RqHC_dKxM8wQ,Restaurante La tarara,92194,Miranda de Ebro,"C. Rda. del Ferrocarril, 27, 09200 Miranda de Ebro, Burgos, España",9200,73,Restaurante,4.0,3.8550810211745556,455,0,0,0,0,0,42.6850583,-2.9480712,POINT(-2.9480712 42.6850583),€10-20,479,false,false,2026-05-28 18:42:40.103984 UTC,2026-06-15 22:40:12.190004 UTC,false,false
ChIJz5hPAL2aTw0RDC66xGwHVf4,Alcampo,92194,Miranda de Ebro,"C. Vitoria, 26, 09200 Miranda de Ebro, Burgos, España",9200,99,Supermercado,4.0,,185,0,0,0,0,0,42.6868258,-2.9497741,POINT(-2.9497741 42.6868258),,69,false,false,2026-06-16 01:32:39.735800 UTC,,false,false
ChIJXWtUSLWbTw0RLkuZC-_-j6Y,EROSKI city,92194,Miranda de Ebro,"C. Logroño, 32, 09200 Miranda de Ebro, Burgos, España",9200,99,Supermercado,4.3,,172,0,0,0,0,0,42.6877877,-2.9381168,POINT(-2.9381168 42.6877877),,38,false,false,2026-06-16 01:32:41.722453 UTC,,false,false
ChIJ44HSq6OaTw0R4ABxKjMM3oE,El Biombo,92194,Miranda de Ebro,"C. Ramón y Cajal, 20, 09200 Miranda de Ebro, Burgos, España",9200,123,Tienda de regalos,3.6,,17,11,0,0,0,6,42.6865354,-2.9443529,POINT(-2.9443529 42.6865354),,26,false,false,2026-06-16 01:33:51.569870 UTC,,false,false
ChIJxwcv3E6bTw0Rac8TOfkJeiQ,Boutique Diana,92194,Miranda de Ebro,"C. Condado de Treviño, 11, 09200 Miranda de Ebro, Burgos, España",9200,124,Tienda de ropa,5.0,,5,5,0,0,0,0,42.6832107,-2.9465121,POINT(-2.9465121 42.6832107),,1,false,false,2026-06-16 01:35:06.316622 UTC,,true,false
ChIJf6uCOaOaTw0RCrRLelD87j4,General Optica - Visión y Audición,92194,Miranda de Ebro,"C. La Estación, 10, 09200 Miranda de Ebro, Burgos, España",9200,130,Óptica,4.6,,33,24,6,2,0,1,42.6859906,-2.9467808,POINT(-2.9467808 42.6859906),,23,false,false,2026-06-16 01:34:45.367748 UTC,,false,false
ChIJ4Vu6_KOaTw0Rky4LqZrr4aQ,Colchoneria Your BED,92194,Miranda de Ebro,"C. Condado de Treviño, 40, 09200 Miranda de Ebro, Burgos, España",9200,244,Colchonería,4.3,,7,4,2,0,1,0,42.685156,-2.942832,POINT(-2.942832 42.685156),,27,false,false,2026-06-16 01:35:53.036600 UTC,,false,false
ChIJRUSer6GaTw0RMeolu_2cSTc,Hila la Libélula Patchwork,92194,Miranda de Ebro,"C. Concepción Arenal, 19, 09200 Miranda de Ebro, Burgos, España",9200,277,Tienda de costura,4.9,,169,159,7,1,0,2,42.6875534,-2.9406312,POINT(-2.9406312 42.6875534),,16,false,false,2026-06-16 01:33:26.900199 UTC,,false,false
ChIJQ5TH06OaTw0RwKRudLTR7Hs,Mercería Mara 🧵🪡,92194,Miranda de Ebro,"C. Arenal, 76, Bjo. 09200, 09200 Miranda de Ebro, Burgos, España",9200,282,Mercería,3.9,,15,10,1,0,0,4,42.6860853,-2.9438015,POINT(-2.9438015 42.6860853),,6,false,false,2026-06-16 01:33:46.221679 UTC,,true,false
ChIJyzdJB7bFRQ0RKUO4es0KEGg,Casa Rural Los Castros,91139,Covarrubias,"C. de los Castros, 10, 09346 Covarrubias, Burgos, España",9346,20,Casa rural,4.9,9.79744500363233,94,0,0,0,0,0,42.0589,-3.52102,POINT(-3.52102 42.0589),,70,false,false,2026-07-02 00:34:31.104941 UTC,2026-07-01 23:49:29.479430 UTC,false,false
ChIJpfXB3tjFRQ0RGNawGs6bhIY,La Muela,91139,Covarrubias,"09346 Covarrubias, Burgos, España",9346,208,Zona de senderismo,4.3,6.9338503071921878,7,0,0,0,0,0,42.0909786,-3.5053368,POINT(-3.5053368 42.0909786),,35,false,false,2026-07-02 00:59:53.210826 UTC,2026-07-02 00:03:37.991894 UTC,true,false
ChIJ8QLRWrb8RQ0RWqCTKPP6lj8,Las Veguillas,90597,Burgos,,,10,Bar restaurante,4.1,,2169,0,0,0,0,0,42.3415537,-3.6806438,POINT(-3.6806438 42.3415537),€10-20,507,false,false,2026-05-06 11:38:42.252820 UTC,,false,false
ChIJnUaecJ_8RQ0RDg-XLbicQxU,Farmacia,90597,Burgos,,,34,Farmacia,4.6,,10,8,1,0,1,0,42.3555988,-3.6652111,POINT(-3.6652111 42.3555988),,19,false,false,2026-05-07 20:27:26.811224 UTC,,false,false
ChIJFTu8itn8RQ0ROnIrwI-Ltqk,Farmacia Isabel García Echeveste,90597,Burgos,,,34,Farmacia,3.3,,22,12,1,0,0,9,42.3454172,-3.6979328,POINT(-3.6979328 42.3454172),,1,false,false,2026-05-07 20:26:46.758967 UTC,,false,false
ChIJs9JYY9r8RQ0RVJ107DIKLbw,Farmacia Rica Ayuso,90597,Burgos,,,34,Farmacia,4.0,,4,1,2,1,0,0,42.344916,-3.695529,POINT(-3.695529 42.344916),,2,false,false,2026-05-07 20:26:46.758983 UTC,,false,false
ChIJ2xOhb9n9RQ0Ro4sEBKJ4mng,El Horno,90597,Burgos,,,63,Panadería,3.3,,75,0,0,0,0,0,42.3425482,-3.731506,POINT(-3.731506 42.3425482),€1-10,30,false,false,2026-05-01 22:06:04.858493 UTC,,false,false
ChIJGd1w6hr9RQ0RBuWYx2WnCFg,Brownie Burgos,90597,Burgos,,,66,Pastelería,4.9,,567,0,0,0,0,0,42.3508717,-3.6757427,POINT(-3.6757427 42.3508717),,443,false,false,2026-05-01 22:06:04.858400 UTC,,false,false
ChIJMUSgYtTiRQ0RXSM3jRtlS_o,Mesón La Piedra,90597,Burgos,,,73,Restaurante,4.2,,1200,0,0,0,0,0,42.3315641,-3.7074067,POINT(-3.7074067 42.3315641),€10-20,510,false,false,2026-05-06 11:38:40.829532 UTC,,true,false
ChIJfeS9CPrjRQ0R5VgfSfiIyCk,Pollos Opuestos - Asador de Pollos en Burgos,90597,Burgos,,,73,Restaurante,4.6,,305,250,24,8,8,15,42.3322373,-3.7054504,POINT(-3.7054504 42.3322373),,175,false,false,2026-05-06 11:39:38.612002 UTC,,false,false
ChIJWWUtbQD7RQ0RLEFPlLat8pA,Parque infantil,90597,Burgos,"C. Aveiro, 2, 09199 Castañares, Burgos, España",9199,204,Parque infantil,3.0,,1,0,0,0,0,0,42.3427199,-3.6268944,POINT(-3.6268944 42.3427199),,3,false,false,2026-06-18 20:24:01.742626 UTC,,true,true
ChIJUdzaUAD9RQ0RJYPjuOxmBno,Patio de recreo,90597,Burgos,"Pl. Nueva de Gamonal, 09007 Burgos, España",9007,204,Parque infantil,0.0,,0,0,0,0,0,0,42.3546841,-3.6690447,POINT(-3.6690447 42.3546841),,1,false,false,2026-06-18 20:24:04.410973 UTC,,true,true
ChIJMb3P_DH9RQ0RiZX7Rx-Vims,Parque de La Isla,90597,Burgos,"P.º de la Isla, S/N, 09003 Burgos, España",9003,205,Parque local,4.6,,3562,0,0,0,0,0,42.3391835,-3.7129159,POINT(-3.7129159 42.3391835),,3423,false,false,2026-06-18 20:24:01.744977 UTC,,true,true
ChIJf4l73U3FRQ0R52NbCrNLGVM,El Desván Rachel,91139,Covarrubias,"Pl. del Rey Chindasvinto, 12, 09346 Covarrubias, Burgos, España",9346,27,Comercio,4.8,9.6379514292639215,5,0,0,0,0,0,42.0586947,-3.519226,POINT(-3.519226 42.0586947),,12,false,false,2026-07-02 00:25:45.546637 UTC,2026-07-02 00:07:11.581756 UTC,false,true
ChIJg36xuv_FRQ0RytPv1LfuAsY,Galería Artesanía Covarrubias,91139,Covarrubias,"Pl. de Doña Sancha, 5, 09346 Covarrubias, Burgos, España",9346,338,Artesanía,0.0,,0,0,0,0,0,0,42.05867,-3.5201,POINT(-3.5201 42.05867),,1,false,true,2026-07-02 00:25:47.634128 UTC,2026-07-02 00:13:26.855082 UTC,true,false
ChIJCY2KU6KaTw0Rcvqe4zS9QeA,Bar El Amor Nunca Muere,92194,Miranda de Ebro,"C. La Estación, 32, 09200 Miranda de Ebro, Burgos, España",9200,8,Bar,4.3,9.0721969134174287,951,516,268,104,23,40,42.6871734,-2.9447034,POINT(-2.9447034 42.6871734),$$,326,false,false,2026-05-28 18:42:43.943631 UTC,2026-06-15 21:37:55.214591 UTC,false,false
ChIJzXZriQmQTw0RFzD4P50QJrQ,Café Deluxe ☕️,92194,Miranda de Ebro,"Av. Europa, 22, 09200 Miranda de Ebro, Burgos, España",9200,17,Cafetería,4.3,,490,274,133,44,15,24,42.684346,-2.9360908,POINT(-2.9360908 42.684346),$,47,false,false,2026-05-28 18:43:23.394094 UTC,2026-06-15 21:58:11.833503 UTC,true,false
ChIJP6lnlaOaTw0RgZEk4jtVFuQ,Azabache,92194,Miranda de Ebro,"C. del Cid, 14, 09200 Miranda de Ebro, Burgos, España",9200,27,Comercio,4.9,,15,13,2,0,0,0,42.6857541,-2.9439051,POINT(-2.9439051 42.6857541),,4,false,false,2026-06-16 01:34:50.973565 UTC,,false,false
ChIJxfh5fKKaTw0RoLk1F81mQ6Q,Telepizza Miranda de Ebro - Comida a Domicilio,92194,Miranda de Ebro,"C. Rda. del Ferrocarril, 51, 09200 Miranda de Ebro, Burgos, España",9200,70,Pizzería,3.6,7.6782349022978451,501,188,131,76,24,82,42.6886286,-2.9458712,POINT(-2.9458712 42.6886286),$,136,false,false,2026-06-16 01:35:21.332827 UTC,2026-06-15 22:45:46.840738 UTC,false,false
ChIJfdz22mGRTw0RIvYJCzLneqs,Alex Cool Club,92194,Miranda de Ebro,"C. Juan R. Jiménez, 46, 09200 Miranda de Ebro, Burgos, España",9200,73,Restaurante,4.3,8.3521045975697543,136,94,12,13,7,10,42.6834319,-2.9381092,POINT(-2.9381092 42.6834319),,348,false,false,2026-05-28 18:42:42.070627 UTC,2026-06-15 21:28:30.346435 UTC,false,false
ChIJCfqImaGaTw0RCwTxbstIt6c,Hiper Asia,92194,Miranda de Ebro,"C. Arenal, 91, 09200 Miranda de Ebro, Burgos, España",9200,111,Tienda de artículos para el hogar,4.1,,9,5,2,1,0,1,42.687567,-2.9416218,POINT(-2.9416218 42.687567),,1,false,false,2026-06-16 01:33:42.541822 UTC,,true,false
ChIJheINksqPTw0Re12QaGrV-EA,Aparcamiento de Ircio,92194,Miranda de Ebro,"BU-735, 09219 Miranda de Ebro, Burgos, España",9219,144,Aparcamiento gratuito,4.4,,32,20,6,5,1,0,42.6524531,-2.8994612,POINT(-2.8994612 42.6524531),,29,false,false,2026-06-16 01:29:20.755059 UTC,,true,false
ChIJX3rgxaOaTw0RSn444i1lkFc,Pescados y Mariscos Ángel García,92194,Miranda de Ebro,"C. Arenal, 31, 09200 Miranda de Ebro, Burgos, España",9200,217,Pescadería,4.5,9.2384273337665945,81,63,8,4,2,4,42.684364,-2.9473889,POINT(-2.9473889 42.684364),,35,false,false,2026-06-16 01:34:05.291411 UTC,2026-06-15 22:34:03.082566 UTC,false,false
ChIJ5UtmrqOaTw0R9esFg69Jvo4,Joyería - Relojería Albéniz,92194,Miranda de Ebro,"C. Ramón y Cajal, 17, 09200 Miranda de Ebro, Burgos, España",9200,289,Relojería,4.1,,67,41,12,5,1,8,42.6863203,-2.9452343,POINT(-2.9452343 42.6863203),,10,false,false,2026-06-16 01:34:07.070228 UTC,,true,false
ChIJe9YMK7bFRQ0RtwwfzCYxlsw,Hotel Rural Palacio Yasmin Covarrubias,91139,Covarrubias,"C. de San Roque, 30, 09346 Covarrubias, Burgos, España",9346,47,Hotel,4.8,9.6735771706153173,76,0,0,0,0,0,42.05665,-3.52095,POINT(-3.52095 42.05665),,74,false,false,2026-07-02 00:35:47.674398 UTC,2026-07-01 23:51:27.348518 UTC,true,false
ChIJw3pgAcrFRQ0R3VWoRaPMTrU,Ayuntamiento de Covarrubias,91139,Covarrubias,"Pl. de Doña Urraca, 1, 09346 Covarrubias, Burgos, España",9346,148,Ayuntamiento,4.6,9.0618973067030311,30,19,10,1,0,0,42.0592679,-3.5203614,POINT(-3.5203614 42.0592679),,391,false,false,2026-07-02 00:58:27.232258 UTC,2026-07-01 23:57:07.186692 UTC,true,false
ChIJQdXC7Nf8RQ0RaQzVe0Qmq5A,La Favorita Burgos,90597,Burgos,,,9,Bar de tapas,4.2,,5956,0,0,0,0,0,42.343307,-3.701671,POINT(-3.701671 42.343307),€10-50,4068,false,false,2026-05-06 11:38:40.829510 UTC,,false,false
ChIJkb9oAo1cXEARDqkASKt_8fs,Cervecería Rincón de Santa Clara,90597,Burgos,,,10,Bar restaurante,4.5,,398,258,103,19,5,13,42.3370081,-3.6936555,POINT(-3.6936555 42.3370081),$,168,false,false,2026-05-06 11:39:25.883105 UTC,,false,false
ChIJtfgb2rwHRg0Rm5EUVN6Moho,Alma Vinos Únicos,90597,Burgos,,,15,Bodega,4.9,,14,0,0,0,0,0,42.3733904,-3.7233265,POINT(-3.7233265 42.3733904),,0,false,false,2026-05-01 21:58:09.894843 UTC,2026-06-15 23:08:53.263854 UTC,false,false
ChIJBVehWtb8RQ0RJywyZMmrelU,Acuarium,90597,Burgos,,,17,Cafetería,4.5,9.2020673537626863,1092,713,266,78,13,22,42.3410393,-3.7009497,POINT(-3.7009497 42.3410393),$,174,false,false,2026-05-06 11:39:08.895041 UTC,2026-06-15 23:02:07.946339 UTC,false,false
ChIJ58xeziv9RQ0Reug3OUZ2mfU,Farmacia Beatriz Cáceres Sañudo,90597,Burgos,,,34,Farmacia,4.5,,32,0,0,0,0,0,42.3403172,-3.7138943,POINT(-3.7138943 42.3403172),,20,false,false,2026-05-07 20:26:46.758682 UTC,,false,false
ChIJ48U5UaL8RQ0R6nfvovQ3TSw,M Luisa García Chinchetru,90597,Burgos,,,34,Farmacia,4.3,,23,17,2,1,0,3,42.3529167,-3.6695002,POINT(-3.6695002 42.3529167),,1,false,false,2026-05-07 20:27:26.811340 UTC,,true,false
ChIJTZevOE79RQ0RQp6_CeGk-A0,Juguetería Chapero,90597,Burgos,,,53,Juguetería,3.8,,28,0,0,0,0,0,42.3409812,-3.7011848,POINT(-3.7011848 42.3409812),,13,false,false,2026-05-01 22:02:39.908317 UTC,,true,false
ChIJJc6iD8T8RQ0RwpsrgI_z0E0,Lavandería Autoservicio Burgos,90597,Burgos,,,55,Lavandería de autoservicio,4.3,,78,0,0,0,0,0,42.3490487,-3.6883362,POINT(-3.6883362 42.3490487),,12,false,false,2026-05-01 22:15:49.323705 UTC,,false,false
ChIJm1_LWuT9RQ0RHL5-b_6xGNA,Meraki peluquería,90597,Burgos,,,67,Peluquería,4.9,,135,0,0,0,0,0,42.3603855,-3.6805354,POINT(-3.6805354 42.3603855),,42,false,false,2026-05-01 22:16:34.308328 UTC,,false,false
ChIJ_TAr8Nb8RQ0RDGk_aNcsSCI,La Jamada,90597,Burgos,,,73,Restaurante,4.1,,1671,893,407,179,84,108,42.3412433,-3.6997254,POINT(-3.6997254 42.3412433),$$,1707,false,false,2026-05-06 11:39:02.669447 UTC,,false,false
ChIJS2jd4Sn9RQ0RTwMLCLaAzl8,En Tiempos de Maricastaña,90597,Burgos,,,73,Restaurante,4.1,,3798,0,0,0,0,0,42.3401382,-3.7029826,POINT(-3.7029826 42.3401382),€20-30,2843,false,false,2026-05-06 11:39:24.525532 UTC,,false,false
ChIJC2ijAp39RQ0RrdC_lr56ip0,La Casa del Electrodoméstico,90597,Burgos,,,116,Tienda de electrónica,3.7,,799,0,0,0,0,0,42.3692006,-3.7100362,POINT(-3.7100362 42.3692006),,63,false,false,2026-05-01 21:55:41.905717 UTC,,false,false
ChIJubwk9ND8RQ0RFWimxC84NU8,Zapatruky,90597,Burgos,,,129,Zapatería,4.9,,51,0,0,0,0,0,42.3428371,-3.698217,POINT(-3.698217 42.3428371),,13,false,false,2026-05-01 22:12:35.290359 UTC,,false,false
ChIJ33q4oNH9RQ0RgIky2QWPpS8,Cloeb4 Burgos,90597,Burgos,,,129,Zapatería,5.0,,27,0,0,0,0,0,42.3417939,-3.7003236,POINT(-3.7003236 42.3417939),,169,false,false,2026-05-01 22:12:35.290583 UTC,,false,false
ChIJMwjbnxT9RQ0Rg2K5Xj8vr6k,Calzados Marlene Cruz,90597,Burgos,,,129,Zapatería,4.8,,155,0,0,0,0,0,42.3414288,-3.6995971,POINT(-3.6995971 42.3414288),,382,false,false,2026-05-01 22:12:35.290472 UTC,,false,false
ChIJi-0jrl79RQ0RoQ2bHtJ9BUo,gafas.es Villapilar,90597,Burgos,,,130,Óptica,4.8,,207,0,0,0,0,0,42.343184,-3.6911923,POINT(-3.6911923 42.343184),,31,false,false,2026-05-01 22:18:09.002338 UTC,,false,false
ChIJea0JRsf7RQ0RSHOg4J8pwpw,Parque de Fuentes Blancas,90597,Burgos,"BU-800, 09193 Burgos, España",9193,205,Parque local,4.6,,1306,0,0,0,0,0,42.3388197,-3.6446491,POINT(-3.6446491 42.3388197),,3573,false,false,2026-06-18 20:24:01.747094 UTC,,true,true
ChIJERugbALFRQ0RaAqNzri0PsY,Parking covarrubias,91139,Covarrubias,"Av. de Victor Barbadillo, 33, 09346 Covarrubias, Burgos, España",9346,144,Aparcamiento gratuito,4.5,6.3055197219364345,17,12,2,2,1,0,42.0602678,-3.5191095,POINT(-3.5191095 42.0602678),,7,false,false,2026-07-02 00:47:21.576195 UTC,2026-07-01 23:59:30.204477 UTC,true,false
ChIJIYzUdbbFRQ0RUTT_jo5yeIY,Iberdrola Estación de carga,91139,Covarrubias,"C. Barbadillos, 9, 09346 Covarrubias, Burgos, España",9346,339,Estación de carga de vehículos eléctricos,4.5,,4,3,0,1,0,0,42.058767,-3.522128,POINT(-3.522128 42.058767),,1,false,false,2026-07-02 00:28:42.221258 UTC,2026-07-02 00:07:26.064168 UTC,true,false
ChIJq7ZGbX6bTw0ROYjT2blYw5g,Unbar Castrobar,92194,Miranda de Ebro,"C. Los Hornos, 36, 09200 Miranda de Ebro, Burgos, España",9200,8,Bar,4.5,,42,28,11,0,1,2,42.6845254,-2.9529244,POINT(-2.9529244 42.6845254),,19,false,false,2026-05-28 18:43:00.045288 UTC,2026-06-15 22:47:07.021114 UTC,false,false
ChIJMz9POB-bTw0R5Zi5pxlEFYs,Bar Bendita Locura,92194,Miranda de Ebro,"C. La Estación, 09200 Miranda de Ebro, Burgos, España",9200,8,Bar,4.0,4.5491042453795671,223,115,56,20,6,26,42.6874033,-2.9448342,POINT(-2.9448342 42.6874033),,101,false,false,2026-05-28 18:42:42.083070 UTC,2026-06-15 21:34:56.156291 UTC,false,false
ChIJA3LikqGaTw0R9JKEJX_Lw6k,Bar Ambigú,92194,Miranda de Ebro,"C. Ramón y Cajal, 52, 09200 Miranda de Ebro, Burgos, España",9200,8,Bar,4.3,,28,18,4,4,1,1,42.6881035,-2.9418655,POINT(-2.9418655 42.6881035),$,61,false,false,2026-05-28 18:43:08.381515 UTC,2026-06-15 21:33:44.471583 UTC,true,false
ChIJdxM1-byaTw0RTTlvMgnaO6E,Farmacia Mª José Losa,92194,Miranda de Ebro,,,34,Farmacia,4.8,,20,17,2,1,0,0,42.6865099,-2.9499078,POINT(-2.9499078 42.6865099),,7,false,false,2026-06-16 01:35:32.369623 UTC,2026-06-15 22:14:20.135472 UTC,false,false
ChIJeVXWyRybTw0RyC-m3nEtYoo,Frutería Imanol 2 mercadillo,92194,Miranda de Ebro,"C. San Agustín, 46, 09200 Miranda de Ebro, Burgos, España",9200,37,Frutería,4.0,,1,0,1,0,0,0,42.6822754,-2.9436265,POINT(-2.9436265 42.6822754),,3,false,false,2026-06-16 01:35:21.332779 UTC,,true,false
ChIJ7cJ1AgCRTw0R-BwOPxO7EwY,Panadería-Pastelería Calibella,92194,Miranda de Ebro,"C. Vicente Aleixandre, 22, 09200 Miranda de Ebro, Burgos, España",9200,63,Panadería,4.8,,4,3,1,0,0,0,42.686014,-2.9375085,POINT(-2.9375085 42.686014),,2,false,false,2026-06-16 01:35:17.689506 UTC,,true,false
ChIJb83mRqOaTw0ROpTnjR4NCAk,CASA RICA,92194,Miranda de Ebro,"C. San Agustín, 7, 09200 Miranda de Ebro, Burgos, España",9200,69,Perfumería,3.7,,11,6,2,0,0,3,42.685563,-2.9466252,POINT(-2.9466252 42.685563),,42,false,false,2026-06-16 01:34:45.367864 UTC,,false,false
ChIJy89sJKKaTw0RHAh4fN-lnvo,DISCO PUB OLE 6.0,92194,Miranda de Ebro,"C. Juan R. Jiménez, 6, 09200 Miranda de Ebro, Burgos, España",9200,71,Pub,4.2,8.9029851233353838,109,62,22,15,3,7,42.6878395,-2.9430091,POINT(-2.9430091 42.6878395),$,39,false,false,2026-05-28 18:42:42.083410 UTC,2026-06-15 22:06:35.605157 UTC,true,false
ChIJVSeSz7yaTw0RFZPP2rQuXHc,Muebles Peña,92194,Miranda de Ebro,"Calle De los Almacenes, 9, 0, 09200 Miranda de Ebro, Burgos, España",9200,120,Tienda de muebles,4.4,,60,41,12,2,2,3,42.6862719,-2.9480884,POINT(-2.9480884 42.6862719),,13,false,false,2026-06-16 01:33:51.569791 UTC,,false,false
ChIJ_0-m3ruaTw0RFA2O_AJC1eA,Miranda Empresas,92194,Miranda de Ebro,,,145,Asociación u organización,4.1,,14,10,1,0,1,2,42.6828044,-2.9521791,POINT(-2.9521791 42.6828044),,2,false,false,2026-06-16 01:29:51.598660 UTC,2026-06-15 22:30:14.796358 UTC,false,false
ChIJDcbARKCaTw0RZm_vqgyL3Mk,Pajarería Trinos,92194,Miranda de Ebro,"C. Vicente Aleixandre, 7, 09200 Miranda de Ebro, Burgos, España",9200,269,Tienda de animales,4.4,,148,95,32,11,6,4,42.6877778,-2.9391667,POINT(-2.9391667 42.6877778),,94,false,false,2026-06-16 01:33:05.691749 UTC,,false,false
ChIJ6QG88aOaTw0R_L8Ob8k7AzI,Pies Negros Comunicación,92194,Miranda de Ebro,"C. del Río Ebro, 1, 09200 Miranda de Ebro, Burgos, España",9200,325,Agencia de marketing,5.0,,7,7,0,0,0,0,42.684458,-2.9475057,POINT(-2.9475057 42.684458),,7,false,false,2026-06-16 01:35:41.515352 UTC,,false,false
ChIJl-uY8xabRQ0R-IKmEGYqkTU,Albergue Pradoluengo,92740,Pradoluengo,"Av. Dionisio Román Zaldo, 15, 09260 Pradoluengo, Burgos, España",9260,1,Albergue,4.3,,96,0,0,0,0,0,42.3266874,-3.2045139,POINT(-3.2045139 42.3266874),,37,false,false,2026-05-31 03:11:20.516402 UTC,2026-06-15 20:08:32.771422 UTC,true,false
ChIJgwTBchObRQ0RDf_Pfh541xE,Oficina de Correos,92740,Pradoluengo,"C. Mariano Santos, 1, 09260 Pradoluengo, Burgos, España",9260,182,Oficina de correos,3.0,,2,1,0,0,0,1,42.3235791,-3.2000204,POINT(-3.2000204 42.3235791),,3,false,false,2026-05-31 03:10:29.685755 UTC,2026-06-15 20:29:45.907895 UTC,false,false
ChIJ2X9fZ7j8RQ0RKRwiHdTBLGI,En Ascuas,90597,Burgos,,,8,Bar,3.5,,1099,320,308,215,82,174,42.3467941,-3.68118,POINT(-3.68118 42.3467941),$,257,false,false,2026-05-06 11:38:45.487127 UTC,,false,false
ChIJiQXOR9f8RQ0RSmR84gtfVmY,Clínica Dental FGA,90597,Burgos,,,30,Dentista,4.9,,109,0,0,0,0,0,42.343099,-3.699049,POINT(-3.699049 42.343099),,41,false,false,2026-05-01 22:14:19.230963 UTC,,false,false
ChIJm35G5b38RQ0R8YYVsLYkUpE,Farmacia Lda.María del Rosario de Castro del Pozo,90597,Burgos,,,34,Farmacia,3.5,,17,9,2,0,0,6,42.3540551,-3.6769628,POINT(-3.6769628 42.3540551),,3,false,false,2026-05-07 20:26:48.259490 UTC,,false,false
ChIJXY58bND8RQ0RQYT1qEMDBYA,Musaflor,90597,Burgos,,,36,Floristería,4.5,,100,0,0,0,0,0,42.343214,-3.689708,POINT(-3.689708 42.343214),,94,false,false,2026-05-01 22:02:19.164715 UTC,,false,false
ChIJ4drUy1_9RQ0R9oEg_ftk8Oc,La Fauna Gastro - Burgos,90597,Burgos,,,73,Restaurante,3.5,,1065,0,0,0,0,0,42.3428738,-3.7010562,POINT(-3.7010562 42.3428738),€10-20,556,false,false,2026-05-06 11:38:59.306953 UTC,,false,false
ChIJ242-ANX8RQ0RWacZnWocRuQ,Hotel Corona de Castilla Burgos,90597,Burgos,,,73,Restaurante,4.0,,2887,1186,1002,422,147,130,42.3366699,-3.7004663,POINT(-3.7004663 42.3366699),$60,1539,false,false,2026-05-06 11:39:40.048972 UTC,,false,false
ChIJScSd97j9RQ0RAdRSYMHNjCA,Burger King,90597,Burgos,,,81,Restaurante de comida rápida,3.4,,2879,1225,369,339,204,742,42.3435992,-3.6995975,POINT(-3.6995975 42.3435992),$,559,false,false,2026-05-06 11:39:24.525381 UTC,,false,false
ChIJL8dmO7v8RQ0RjqM0TxB_SpQ,Hostelería El Pesquero,90597,Burgos,,,94,Restaurante mediterráneo,3.8,,573,255,133,83,25,77,42.3483211,-3.6733962,POINT(-3.6733962 42.3483211),$,241,false,false,2026-05-06 11:38:43.598785 UTC,,false,false
ChIJL1bi_9r8RQ0R6TSHFgys_Qw,Alimentación Anita,90597,Burgos,,,104,Tienda de alimentación,3.2,,5,0,0,0,0,0,42.3467971,-3.6951642,POINT(-3.6951642 42.3467971),,3,false,false,2026-05-01 21:50:11.958930 UTC,2026-06-15 23:05:59.199836 UTC,true,false
ChIJH7a3Edn8RQ0Rnf7nzVu9wVQ,Antiguedades Rey Don Pedro,90597,Burgos,,,107,Tienda de antigüedades,3.7,,14,0,0,0,0,0,42.3473195,-3.6995338,POINT(-3.6995338 42.3473195),,11,false,false,2026-05-01 22:06:28.827626 UTC,2026-06-15 23:09:27.988816 UTC,false,false
ChIJ147z6F_7RQ0RJCDUi2Fqcl0,SCAVOLINI by Luca Interiores,90597,Burgos,,,120,Tienda de muebles,4.6,,26,0,0,0,0,0,42.3395129,-3.6997503,POINT(-3.6997503 42.3395129),,31,false,false,2026-05-01 21:56:52.942928 UTC,,false,false
ChIJd7sNxb_8RQ0Rci8taRSQr-0,Clínica Veterinaria Prada,90597,Burgos,,,128,Veterinario,4.6,,288,228,30,11,2,17,42.3538939,-3.6808231,POINT(-3.6808231 42.3538939),,22,false,false,2026-05-07 20:27:24.030307 UTC,,false,false
ChIJT9WlhNf8RQ0R0auryhfXn44,Museo Histórico-Militar de Burgos,90597,Burgos,"Pl. de Alonso Martínez, 3, 09003 Burgos, España",9003,181,Museo,4.6,,413,0,0,0,0,0,42.3437156,-3.7000798,POINT(-3.7000798 42.3437156),,1506,false,false,2026-06-18 21:12:23.432718 UTC,,false,true
ChIJ55FiqmL9RQ0Rm66cfCvxBhs,Parque infantil Cisterna Cocacola,90597,Burgos,"C. Argentina, 30, 09001 Burgos, España",9001,204,Parque infantil,3.0,,1,0,0,0,0,0,42.3491926,-3.7344715,POINT(-3.7344715 42.3491926),,3,false,false,2026-06-18 20:24:01.848013 UTC,,true,true
ChIJ33eNphD9RQ0RhH7n9bH0-Zc,Parque infantil Hermanas Mirabal,90597,Burgos,"C. Hermanas Mirabal, 3002, 09007 Burgos, España",9007,204,Parque infantil,4.6,,7,4,3,0,0,0,42.3632572,-3.664491,POINT(-3.664491 42.3632572),,2,false,false,2026-06-18 20:24:01.867878 UTC,,true,true
ChIJP7Xh5aCaTw0RdNQ-tdm4qb8,Cafetería Seridan,92194,Miranda de Ebro,"Av. República Argentina, 57, 09200 Miranda de Ebro, Burgos, España",9200,17,Cafetería,4.2,,607,321,167,74,17,28,42.6863937,-2.9395856,POINT(-2.9395856 42.6863937),$,35,false,false,2026-06-16 01:34:03.505041 UTC,2026-06-15 21:55:21.548116 UTC,true,false
ChIJ89nfcKOaTw0R9JM3qJiaxkA,Carnicería Madale 🥩,92194,Miranda de Ebro,"Plaza de Abastos, 10, 09200 Miranda de Ebro, Burgos, España",9200,19,Carnicería,4.8,,26,23,2,1,0,0,42.6856374,-2.9456345,POINT(-2.9456345 42.6856374),,4,false,false,2026-06-16 01:34:05.291355 UTC,,true,false
ChIJcbGWkQybTw0Rk5BJ_KCtGME,CARNICERIA LA CALIDAD ANOUAR,92194,Miranda de Ebro,"C. Rda. del Ferrocarril, 57, 09200 Miranda de Ebro, Burgos, España",9200,19,Carnicería,5.0,,1,1,0,0,0,0,42.6890102,-2.9450383,POINT(-2.9450383 42.6890102),,0,false,false,2026-06-16 01:35:32.369485 UTC,,false,false
ChIJC6BafwCbTw0R7XanRWD2d0M,Librería Estudio,92194,Miranda de Ebro,"C Plaza de Abastos, 8, 09200 Miranda de Ebro, Burgos, España",9200,64,Papelería,5.0,,3,3,0,0,0,0,42.6852471,-2.9455986,POINT(-2.9455986 42.6852471),,2,false,false,2026-06-16 01:35:41.515491 UTC,,true,false
ChIJ5UtmrqOaTw0RTEqhMkBBwvM,RUBEN SALAZAR BARBERSHOP 💈,92194,Miranda de Ebro,"Calle de, C. Ramón y Cajal, 38, 09200 Miranda de Ebro, Burgos, España",9200,67,Peluquería,4.8,9.681087982840836,418,373,28,8,3,6,42.6874346,-2.9427845,POINT(-2.9427845 42.6874346),,34,false,false,2026-06-16 01:30:02.461712 UTC,2026-06-15 22:36:39.636663 UTC,false,false
ChIJvxoggNGbTw0R1lJwX88M43Q,muebles acevedo miranda de ebro,92194,Miranda de Ebro,"C. Alfonso VI, 32, bajo, 09200 Miranda de Ebro, Burgos, España",9200,120,Tienda de muebles,5.0,,1,1,0,0,0,0,42.684434,-2.9451437,POINT(-2.9451437 42.684434),,23,false,false,2026-06-16 01:35:41.515415 UTC,,false,false
ChIJNf6noH6bTw0RceclYMKrIXY,Diana Miranda Moda,92194,Miranda de Ebro,"C. Arenal, 47, 09200 Miranda de Ebro, Burgos, España",9200,126,Tienda de ropa de mujer,0.0,,0,0,0,0,0,0,42.6849496,-2.9460817,POINT(-2.9460817 42.6849496),,17,false,false,2026-06-16 01:34:48.998042 UTC,,false,false
ChIJEZXUKxCbTw0RviY902likO0,Estación Victoriana de Miranda de Ebro. 1862,92194,Miranda de Ebro,"Plaza de Los Olivos, S/N, 09200 Miranda de Ebro, Burgos, España",9200,177,Lugar de interés histórico,3.8,3.5843795784749091,244,88,63,54,22,17,42.690645,-2.9410754,POINT(-2.9410754 42.690645),,154,false,false,2026-05-28 18:42:42.083470 UTC,2026-06-15 22:11:04.342449 UTC,false,false
ChIJ01gKIQCbTw0RO6ApGD2kRUM,Rastro Remar.,92194,Miranda de Ebro,"C. Arenal, 108, 09200 Miranda de Ebro, Burgos, España",9200,312,Tienda general,4.7,,3,2,1,0,0,0,42.6879869,-2.9405277,POINT(-2.9405277 42.6879869),,11,false,false,2026-06-16 01:35:10.564307 UTC,,true,false
ChIJ3861y6KaTw0RjsipKW8-Ra4,Astropark,92194,Miranda de Ebro,"C. Cdad. de Toledo, 46, 09200 Miranda de Ebro, Burgos, España",9200,322,Parque infantil cubierto,4.1,,82,42,20,12,6,2,42.6879676,-2.9471917,POINT(-2.9471917 42.6879676),,12,false,false,2026-06-16 01:35:35.956055 UTC,,false,false
ChIJ65ulzuObTw0R6AWwGDbIuDY,Moda Re-,92194,Miranda de Ebro,"C. del Cid, 14, 09200 Miranda de Ebro, Burgos, España",9200,327,Tienda de ropa de segunda mano,5.0,,2,2,0,0,0,0,42.6854487,-2.943564,POINT(-2.943564 42.6854487),,2,false,false,2026-06-16 01:35:54.840666 UTC,,false,false
ChIJ40bc86SbRQ0RVgkDHPBYZ5o,Alimentación Charcutería La Carama,92740,Pradoluengo,"Pl. del Mercado, 28, 09260 Pradoluengo, Burgos, España",9260,104,Tienda de alimentación,5.0,,7,0,0,0,0,0,42.3243387,-3.2007454,POINT(-3.2007454 42.3243387),,15,false,false,2026-05-31 02:48:10.220928 UTC,2026-06-15 20:09:04.238069 UTC,false,false
ChIJk8a-6AnDRQ0RIoN5RxFOMvo,Camino Dolmen de Cubillejo,91139,Covarrubias,"Cam. de Covarrubias, 09346, Burgos, España",9346,208,Zona de senderismo,4.4,,7,0,0,0,0,0,42.114274,-3.5268718,POINT(-3.5268718 42.114274),,6,false,false,2026-07-02 00:59:53.212845 UTC,2026-07-02 00:03:53.904989 UTC,true,false
ChIJzxAnw9f8RQ0R7DTQSjqvhVw,Cervecería Flandes,90597,Burgos,,,23,Cervecería,4.6,,716,495,159,47,4,11,42.3426347,-3.7019997,POINT(-3.7019997 42.3426347),$,164,false,false,2026-05-06 11:39:23.166430 UTC,,false,false
ChIJrW4ArKb8RQ0RMYI05iz6jNE,Farmacia El Silo,90597,Burgos,,,34,Farmacia,4.5,,49,0,0,0,0,0,42.3474339,-3.6667996,POINT(-3.6667996 42.3474339),,6,false,false,2026-05-07 20:26:46.758702 UTC,,false,false
ChIJpXTYfNX8RQ0RkiBywCJ68r0,Ferretería Sánchez Gozalo,90597,Burgos,,,35,Ferretería,3.7,,134,0,0,0,0,0,42.3362345,-3.7027185,POINT(-3.7027185 42.3362345),,13,false,false,2026-05-01 21:54:03.144492 UTC,,false,false
ChIJJeqTtEv9RQ0RaqXPUnAcmso,Peluquería Yael Condes de Castilfalé,90597,Burgos,,,67,Peluquería,4.9,,44,0,0,0,0,0,42.3369188,-3.7258722,POINT(-3.7258722 42.3369188),,2,false,false,2026-05-01 22:16:34.308411 UTC,,false,false
ChIJsXdZDWH9RQ0RP8mROyHMA9I,Restaurante Onírica,90597,Burgos,,,73,Restaurante,4.6,,654,0,0,0,0,0,42.342766,-3.7012111,POINT(-3.7012111 42.342766),,904,false,false,2026-05-06 11:38:59.306835 UTC,,false,false
ChIJRZGpWOD9RQ0RPAA61Jx-2wg,Restaurante KFC,90597,Burgos,,,86,Restaurante especializado en pollo,3.9,,2210,1207,315,207,116,365,42.3596246,-3.6945645,POINT(-3.6945645 42.3596246),$,301,false,false,2026-05-06 11:39:38.611940 UTC,,false,false
ChIJFTvcVRb9RQ0RISVJaiINhmM,Restaurante Mero Sushi,90597,Burgos,,,91,Restaurante japonés,4.7,,705,611,49,22,8,15,42.3417074,-3.7021867,POINT(-3.7021867 42.3417074),,687,false,false,2026-05-06 11:39:23.166320 UTC,,false,false
ChIJnaRbiUL9RQ0REqZdu_pk-bM,MOBILIARIO VEGA,90597,Burgos,,,120,Tienda de muebles,4.5,,30,0,0,0,0,0,42.3481005,-3.673626,POINT(-3.673626 42.3481005),,83,false,false,2026-05-01 22:08:17.353868 UTC,,false,false
ChIJ8XIj3779RQ0RDhs17uqeSqQ,Rarolarium Curiosity Shop,90597,Burgos,,,123,Tienda de regalos,4.8,,140,0,0,0,0,0,42.3420282,-3.7040743,POINT(-3.7040743 42.3420282),,176,false,false,2026-05-01 22:10:28.137423 UTC,,false,false
ChIJ__B1zGP9RQ0RHlMKMr9DPwA,Clinanimal Veterinarios Burgos,90597,Burgos,,,128,Veterinario,4.7,,155,135,11,2,0,7,42.33807,-3.70223,POINT(-3.70223 42.33807),,18,false,false,2026-05-07 20:27:07.860985 UTC,,false,false
ChIJHQfXNOr9RQ0REuTa8ZJzlyM,Plaza de La Cecina,90597,Burgos,"09003 Burgos, España",9003,203,Parque,4.2,,40,23,5,9,1,2,42.342758,-3.7152048,POINT(-3.7152048 42.342758),,22,false,false,2026-06-18 20:24:01.905118 UTC,,true,true
ChIJTZIQ1tH7RQ0Rncdjfkq6jew,Toboganes Fuentes Blancas,90597,Burgos,"Diseminado Villayuda, 10, 09193, Burgos, España",9193,204,Parque infantil,4.1,,14,9,2,1,0,2,42.3386313,-3.644589,POINT(-3.644589 42.3386313),,14,false,false,2026-06-18 20:24:01.754370 UTC,,true,true
ChIJuz32NgD9RQ0Rm96cLrjI2Yo,Parque Infantil,90597,Burgos,"C. Conde Lucanor, 09006 Burgos, España",9006,204,Parque infantil,3.0,,1,0,0,1,0,0,42.3629884,-3.6740547,POINT(-3.6740547 42.3629884),,3,false,false,2026-06-18 20:24:01.870950 UTC,,true,true
ChIJbynA8QTjRQ0R_OjObuORppY,"Parque infantil ""Pisuerga""",90597,Burgos,"C. del Pisuerga, 2D, 09002 Burgos, España",9002,204,Parque infantil,3.5,,2,0,1,1,0,0,42.3346365,-3.6889909,POINT(-3.6889909 42.3346365),,3,false,false,2026-06-18 20:24:01.876455 UTC,,true,true
ChIJ____P8rFRQ0RIivM9eNZ5Lk,Farmacia José Mª Canales Cuesta,91139,Covarrubias,"Glorieta de, C. de Alejandro Rodríguez de Valcárcel, 10, 09346 Covarrubias, Burgos, España",9346,34,Farmacia,4.8,8.5584617344429716,19,18,0,0,0,1,42.0597092,-3.5195077,POINT(-3.5195077 42.0597092),,5,false,false,2026-07-02 00:28:21.947496 UTC,2026-07-01 23:58:30.688217 UTC,false,true
ChIJzfN82AqQTw0RBHlx_xPILQ8,Bar El Barrio,92194,Miranda de Ebro,"C. Altamira, 14, 09200 Miranda de Ebro, Burgos, España",9200,8,Bar,4.1,8.7993848084006459,53,30,11,5,1,6,42.6896811,-2.9369964,POINT(-2.9369964 42.6896811),,10,false,false,2026-05-28 18:42:42.083313 UTC,2026-06-15 21:38:15.598049 UTC,true,false
ChIJXe0yfhybTw0RB9nDO6GAsjw,"La Casa del Jamón. BALBAS Y ESPINOSA, S.L.",92194,Miranda de Ebro,"C. Carlos III, 1, 09200 Miranda de Ebro, Burgos, España",9200,63,Panadería,4.6,,28,21,5,1,1,0,42.6864091,-2.9491988,POINT(-2.9491988 42.6864091),,27,false,false,2026-06-16 01:33:42.541873 UTC,,true,false
ChIJeZefGQqQTw0RNY5ZqECFOmg,Panadería ANA 🥖,92194,Miranda de Ebro,"C. Vicente Aleixandre, 30, 09200 Miranda de Ebro, Burgos, España",9200,63,Panadería,4.5,,24,19,1,2,0,2,42.685168,-2.9366319,POINT(-2.9366319 42.685168),,1,false,false,2026-05-28 18:43:06.581004 UTC,2026-06-15 22:31:22.973354 UTC,true,false
ChIJTz2Sd6GaTw0RuUT6Q_Mb888,Charcutería Vinoteca Alejo,92194,Miranda de Ebro,"C. Juan R. Jiménez, 26, 09200 Miranda de Ebro, Burgos, España",9200,104,Tienda de alimentación,4.8,,50,42,7,1,0,0,42.6868556,-2.9418253,POINT(-2.9418253 42.6868556),,6,false,false,2026-06-16 01:33:51.569951 UTC,,true,false
ChIJsfPuCM2bTw0RbsM8aVNngeM,Frutería Ebro Fresco,92194,Miranda de Ebro,"Av. República Argentina, 65, 09200 Miranda de Ebro, Burgos, España",9200,104,Tienda de alimentación,5.0,,2,2,0,0,0,0,42.6869756,-2.9386047,POINT(-2.9386047 42.6869756),,5,false,false,2026-06-16 01:34:05.291229 UTC,,false,false
ChIJi3cxN_WbTw0R597X2VftPz8,Bar Swing,92194,Miranda de Ebro,"C. San Juan, 18, 09200 Miranda de Ebro, Burgos, España",9200,215,Bar musical,4.0,,4,2,1,0,1,0,42.6839206,-2.9527889,POINT(-2.9527889 42.6839206),,24,false,false,2026-05-28 18:43:00.045306 UTC,2026-06-15 21:45:31.363797 UTC,false,false
ChIJmz_4Q16bTw0R-2yOf8BrnGM,| Zafiro Tours Miranda de Ebro,92194,Miranda de Ebro,"C. Ramón y Cajal, 47, 09200 Miranda de Ebro, Burgos, España",9200,225,Agencia de viajes,4.7,,12,11,0,0,0,1,42.6876978,-2.9429406,POINT(-2.9429406 42.6876978),,22,false,false,2026-06-16 01:30:02.461781 UTC,,false,false
ChIJz4rA76KaTw0R1OtZOvAu8PE,Kutxabank,92194,Miranda de Ebro,"Parque Antonio Machado, 3, 09200 Miranda de Ebro, Burgos, España",9200,226,Banco,4.9,,157,145,9,0,1,2,42.6867143,-2.9468268,POINT(-2.9468268 42.6867143),,7,false,false,2026-05-28 18:43:23.392096 UTC,2026-06-15 22:20:51.882528 UTC,false,false
ChIJq6qqugqcTw0RCtAS-PBTWSE,Suministros Industriales MD,92194,Miranda de Ebro,"Calle Valverde, Pol. Ind. Bayas, 28, 09218 Miranda de Ebro, Burgos, España",9218,270,Empresa de suministros industriales,4.5,,26,20,4,0,0,2,42.6955594,-2.9153309,POINT(-2.9153309 42.6955594),,14,false,false,2026-06-16 01:33:07.724021 UTC,,false,false
ChIJSSjXVJ-aTw0RDSDQXAdyy_E,LA BICICLETERIA 2010,92194,Miranda de Ebro,"C. Vitoria, 3, 09200 Miranda de Ebro, Burgos, España",9200,273,Tienda de bicicletas,4.7,,96,82,8,1,1,4,42.6854422,-2.9486597,POINT(-2.9486597 42.6854422),,18,false,false,2026-06-16 01:33:51.569845 UTC,,false,false
ChIJG9yPF6GaTw0RIyTpHHANfI0,CICLOS MALDONADO,92194,Miranda de Ebro,"C. Juan R. Jiménez, 27, 09200 Miranda de Ebro, Burgos, España",9200,273,Tienda de bicicletas,4.7,,72,55,13,3,0,1,42.6865957,-2.9412622,POINT(-2.9412622 42.6865957),,46,false,false,2026-06-16 01:33:19.772421 UTC,,false,false
ChIJgSbX_NGbRQ0RsC7P5qqIvA8,Centro de peluqueria y estetica aralia,92740,Pradoluengo,"C. San Roque, 09260 Pradoluengo, Burgos, España",9260,67,Peluquería,4.0,8.67486261704471,4,0,0,0,0,0,42.3256116,-3.2032818,POINT(-3.2032818 42.3256116),,28,false,false,2026-05-31 02:49:42.534353 UTC,2026-06-15 20:21:27.476300 UTC,false,false
ChIJs-UECxebRQ0REDUaJINHn_E,Colegio Público San Roque,92740,Pradoluengo,"C. Sagrada Familia, 67, 09260 Pradoluengo, Burgos, España",9260,163,Colegio público,0.0,,0,0,0,0,0,0,42.3278725,-3.2066705,POINT(-3.2066705 42.3278725),,1,false,false,2026-05-31 03:06:56.572385 UTC,2026-06-15 20:21:57.285250 UTC,true,false
ChIJIwRCaaHFRQ0RE1iVA21mBYc,Taberna Doña Sancha - productos locales y experiencias turísticas,91139,Covarrubias,"Pl. de Doña Sancha, 10, 09346 Covarrubias, Burgos, España",9346,104,Tienda de alimentación,4.3,8.037646506180673,103,0,0,0,0,0,42.05875,-3.51956,POINT(-3.51956 42.05875),,82,true,false,2026-07-02 00:37:34.464549 UTC,2026-07-01 23:49:02.569177 UTC,false,false
ChIJby_iEivjRQ0RwFbcLzuAmYc,Cafe Bar El Dilema,90597,Burgos,,,9,Bar de tapas,4.8,,66,55,9,2,0,0,42.33262,-3.69915,POINT(-3.69915 42.33262),,48,false,false,2026-05-06 11:39:25.883209 UTC,,false,false
ChIJ6wS_xrP9RQ0RZW1VUlYq85c,Golden Garden -Urban Beer & Food,90597,Burgos,,,10,Bar restaurante,4.4,,800,527,169,50,21,33,42.3439856,-3.7014335,POINT(-3.7014335 42.3439856),$$,332,false,false,2026-05-06 11:39:20.455933 UTC,,false,false
ChIJtyJCYrj8RQ0RZOHJ8Bw5u8Q,Bodega Atabal,90597,Burgos,,,10,Bar restaurante,4.4,9.138646345352754,960,0,0,0,0,0,42.3471087,-3.6817584,POINT(-3.6817584 42.3471087),€10-20,238,false,false,2026-05-06 11:38:42.252722 UTC,2026-06-15 23:24:41.566516 UTC,true,false
ChIJQYaa5s_8RQ0RlxVToACQi34,Estética avanzada Sonia Herrero - Burgos,90597,Burgos,,,22,Centro de estética,4.7,,60,0,0,0,0,0,42.3439674,-3.6936664,POINT(-3.6936664 42.3439674),,103,false,false,2026-05-01 22:13:32.057333 UTC,,false,false
ChIJufsNl1j7RQ0RyMLmJCmZ_zc,Farmacia Romero,90597,Burgos,,,34,Farmacia,4.7,,12,11,0,0,0,1,42.3489853,-3.6615903,POINT(-3.6615903 42.3489853),,7,false,false,2026-05-07 20:27:26.811362 UTC,,false,false
ChIJW2Ucp8b8RQ0R-OAxVvoq_Ws,Librería Octavos,90597,Burgos,,,56,Librería,4.5,,367,0,0,0,0,0,42.3504197,-3.6854989,POINT(-3.6854989 42.3504197),,41,false,false,2026-05-01 22:03:31.730135 UTC,,false,false
ChIJE9_vtKP8RQ0R2OYKLVvHkow,Librería Margof,90597,Burgos,,,56,Librería,4.8,,149,0,0,0,0,0,42.3524312,-3.6688157,POINT(-3.6688157 42.3524312),,13,false,false,2026-05-01 22:03:31.730228 UTC,,false,false
ChIJIY77ktX8RQ0RRdHQdUdGPMo,Peluquería Studio 10 Javier Merino Estilistas,90597,Burgos,,,67,Peluquería,4.5,,53,0,0,0,0,0,42.337549,-3.7033362,POINT(-3.7033362 42.337549),,22,false,false,2026-05-01 22:16:34.308281 UTC,,false,false
ChIJ13Ml39D8RQ0RA1wJj7PCnvw,Dlademanda Mercado,90597,Burgos,,,73,Restaurante,4.2,,657,427,95,33,24,78,42.3419402,-3.6968815,POINT(-3.6968815 42.3419402),$$$,905,false,false,2026-05-06 11:39:02.669422 UTC,,false,false
ChIJW6qLKij9RQ0RCuTkUrbnUSU,Café Bar La Bóveda,90597,Burgos,,,82,Restaurante de desayunos,4.4,,1513,961,342,108,36,66,42.3417053,-3.7030189,POINT(-3.7030189 42.3417053),$,1267,false,false,2026-05-06 11:39:17.759562 UTC,,false,false
ChIJR_x9k2j9RQ0Riajs_XDVLAE,ALIMENTACION PATXI,90597,Burgos,,,104,Tienda de alimentación,4.8,9.6696709162788466,16,0,0,0,0,0,42.3560553,-3.6697303,POINT(-3.6697303 42.3560553),,29,false,false,2026-05-01 21:50:11.959029 UTC,2026-06-17 20:32:06.795801 UTC,false,false
ChIJf7mHawDjRQ0RjcjzPgPOy5o,Parque Infantil Laguna Negra,90597,Burgos,"C. Laguna Negra, 25, 09001 Burgos, España",9001,204,Parque infantil,0.0,,0,0,0,0,0,0,42.328972,-3.7101408,POINT(-3.7101408 42.328972),,1,false,false,2026-06-18 20:24:01.813118 UTC,,true,true
ChIJ42IsBgD9RQ0Ro435AqHS_lM,Parque infantil,90597,Burgos,"C. Averroes, 09006 Burgos, España",9006,204,Parque infantil,0.0,,0,0,0,0,0,0,42.3560361,-3.6770648,POINT(-3.6770648 42.3560361),,1,false,false,2026-06-18 20:24:04.434022 UTC,,true,true
ChIJZzbmgab9RQ0RFkuwVttX7YE,Espacio Bulevar (salones de alquiler privado),90597,Burgos,"C. Juan de Garay, 09002 Burgos, España",9002,227,Salón para eventos,4.6,,211,175,16,10,2,8,42.3359471,-3.6975301,POINT(-3.6975301 42.3359471),,43,false,false,2026-06-18 20:24:06.450024 UTC,,false,true
ChIJH2QawHX9RQ0RQDLnWBjswro,Campamentos | Formación | 360 Camp,90597,Burgos,"C. Nicaragua, 20, 09001 Burgos, España",9001,232,Campamento,4.9,,256,243,4,2,0,7,42.3509232,-3.7385352,POINT(-3.7385352 42.3509232),,42,false,false,2026-06-18 20:24:04.452830 UTC,,false,true
ChIJSQ6SMqOaTw0RK22Gju1jnU8,"Bar ""Madrid""",92194,Miranda de Ebro,"C. Dos de Mayo, 2, 09200 Miranda de Ebro, Burgos, España",9200,8,Bar,4.2,,227,111,65,36,5,10,42.6863105,-2.9475271,POINT(-2.9475271 42.6863105),$,45,false,false,2026-05-28 18:43:21.621794 UTC,2026-06-15 21:33:20.542387 UTC,true,false
ChIJNzuQGACbTw0RjxXdPBV-HJc,Bar La Kasca,92194,Miranda de Ebro,"C. La Estación, 09200 Miranda de Ebro, Burgos, España",9200,8,Bar,1.0,,2,0,0,0,0,2,42.6874208,-2.9442612,POINT(-2.9442612 42.6874208),,1,false,false,2026-05-28 18:43:08.381582 UTC,2026-06-15 21:40:33.495049 UTC,true,false
ChIJccswrpCbTw0RxD1gqu_n7Xg,BAR ROYCE,92194,Miranda de Ebro,"C. Logroño, 39, 09200 Miranda de Ebro, Burgos, España",9200,8,Bar,4.1,6.7527187783271074,50,31,5,9,0,5,42.6879585,-2.9381575,POINT(-2.9381575 42.6879585),$,12,false,false,2026-05-28 18:42:42.083229 UTC,2026-06-15 21:32:12.439975 UTC,true,false
ChIJQV1pQaCaTw0RmUyT9FbXLmE,Café Novel,92194,Miranda de Ebro,"C. Logroño, 22, 09200 Miranda de Ebro, Burgos, España",9200,17,Cafetería,4.5,,60,39,14,5,1,1,42.6880938,-2.9390269,POINT(-2.9390269 42.6880938),,22,false,false,2026-05-28 18:42:42.083346 UTC,2026-06-15 21:58:27.100741 UTC,false,false
ChIJeUG-tKOaTw0RFvV7pwl6zFA,El Chollo,92194,Miranda de Ebro,"C. Ramón y Cajal, 35, 09200 Miranda de Ebro, Burgos, España",9200,27,Comercio,3.9,,80,36,20,13,3,8,42.6869779,-2.9439881,POINT(-2.9439881 42.6869779),,4,false,false,2026-06-16 01:33:30.416543 UTC,,true,false
ChIJCxJB34CbTw0R2uMONBn7CdY,Tapia Papelería,92194,Miranda de Ebro,"C. Juan R. Jiménez, 29, 09200 Miranda de Ebro, Burgos, España",9200,64,Papelería,4.5,,27,19,6,0,0,2,42.6862657,-2.941011,POINT(-2.941011 42.6862657),,5,false,false,2026-06-16 01:33:51.570061 UTC,,false,false
ChIJzUlNKiSbTw0RagS2zLSeamU,Restaurante Mercado by La Roca,92194,Miranda de Ebro,"C. Juan R. Jiménez, 33, bajo, 09200 Miranda de Ebro, Burgos, España",9200,73,Restaurante,4.3,9.0419633323617745,628,0,0,0,0,0,42.6860075,-2.9406006,POINT(-2.9406006 42.6860075),€10-20,570,false,false,2026-05-28 18:42:37.536828 UTC,2026-06-15 22:41:04.565349 UTC,false,false
ChIJPX_Cq3ubTw0RBuYT6nI8fwQ,"Nebreda, Ferretería Y Menaje Del Hogar",92194,Miranda de Ebro,"C, C. La Estación, 29-31, 09200 Miranda de Ebro, Burgos, España",9200,111,Tienda de artículos para el hogar,4.5,,23,16,5,1,0,1,42.6881145,-2.94371,POINT(-2.94371 42.6881145),,6,false,false,2026-06-16 01:34:22.211149 UTC,,true,false
ChIJuSBXhqGaTw0Rjt8cgBJ9dsU,Silíceo Tienda Online,92194,Miranda de Ebro,"C. Logroño, 61, 09200 Miranda de Ebro, Burgos, España",9200,118,Tienda de informática,4.4,,532,407,49,11,5,60,42.6871916,-2.9357546,POINT(-2.9357546 42.6871916),,31,false,false,2026-06-16 01:32:47.270667 UTC,,false,false
ChIJdQBu_JqbTw0R0RPugEj3IHY,Vending Carrillo Expres,92194,Miranda de Ebro,"C. Gregorio Solabarrieta, 09200 Miranda de Ebro, Burgos, España",9200,220,Máquina expendedora de café,4.5,,2,1,1,0,0,0,42.6851677,-2.9489798,POINT(-2.9489798 42.6851677),,12,false,false,2026-05-28 18:43:02.994584 UTC,2026-06-15 22:47:51.209749 UTC,true,false
ChIJdzUIwZmaTw0REWxz2gZxkGc,GM Cash,92194,Miranda de Ebro,"Poligono Industrial Las Californias, Ctra. Bilbao, 09200 Miranda de Ebro, Burgos, España",9200,240,Autoservicio mayorista,4.1,,251,114,75,45,12,5,42.6925143,-2.946616,POINT(-2.946616 42.6925143),,13,false,false,2026-06-16 01:32:43.636964 UTC,,false,false
ChIJnXrKvaGaTw0Rll9bDm2MB08,Sofás Fortea,92194,Miranda de Ebro,"C. Concepción Arenal, 15, 09200 Miranda de Ebro, Burgos, España",9200,302,Tienda de sofás,4.8,,4,3,1,0,0,0,42.6879735,-2.9410324,POINT(-2.9410324 42.6879735),,8,false,false,2026-06-16 01:34:43.596423 UTC,,false,false
ChIJvxxgXaOaTw0RP8P_TIF3rjI,Musical75 Ad Libitum 🎸 🎹,92194,Miranda de Ebro,"C. San Agustín, 13, 09200 Miranda de Ebro, Burgos, España",9200,304,Tienda de instrumentos musicales,4.8,,21,17,4,0,0,0,42.6849565,-2.9463305,POINT(-2.9463305 42.6849565),,22,false,false,2026-06-16 01:34:47.206032 UTC,,false,false
ChIJKQUZvaOaTw0RHTSh2O99l1k,Publimania,92194,Miranda de Ebro,"C. Arenal, 76, 09200 Miranda de Ebro, Burgos, España",9200,311,Tienda de ropa de trabajo,4.0,,5,3,1,0,0,1,42.6860598,-2.9438263,POINT(-2.9438263 42.6860598),,4,false,false,2026-06-16 01:35:08.174551 UTC,,true,false
ChIJr-DCfXubTw0R6mjvtF0lW7U,Centro Auditivo Audiogroup Miranda de Ebro,92194,Miranda de Ebro,"C. Arenal, 71, 09200 Miranda de Ebro, Burgos, España",9200,315,Tienda de audífonos,4.5,,6,5,0,0,1,0,42.6863017,-2.9437993,POINT(-2.9437993 42.6863017),,5,false,false,2026-06-16 01:35:15.917379 UTC,,false,false
ChIJhbWd1JSbRQ0RFy2OB-N-dis,Alto de La Cabeza,92740,Pradoluengo,"09260, Burgos, España",9260,208,Zona de senderismo,4.0,,3,0,0,0,0,0,42.3015459,-3.2027476,POINT(-3.2027476 42.3015459),,2,false,false,2026-05-31 03:11:57.852409 UTC,2026-06-15 20:09:34.659616 UTC,true,false